repetition,optimization,scenario,variant_counts,scale_factors,original_pipeline,analysis_result_with_reuse_opt_rule,analysis_result_with_push_up_opt_rule,analysis_result_without_opt_rule,analysis_result_without_any_opt
0,udf_split_and_reuse,worst_wo_safety,4,1.0,22.754669189453125,944.3421363830566,227.62298583984375,256.4051151275635,306.6117763519287
1,udf_split_and_reuse,worst_wo_safety,4,1.0,24.433135986328125,935.7519149780273,219.7580337524414,257.976770401001,304.9657344818115
2,udf_split_and_reuse,worst_wo_safety,4,1.0,24.60646629333496,942.8069591522217,227.97679901123047,255.65195083618164,299.43132400512695
3,udf_split_and_reuse,worst_wo_safety,4,1.0,24.1546630859375,962.6812934875488,223.85716438293457,262.88485527038574,302.15001106262207
4,udf_split_and_reuse,worst_wo_safety,4,1.0,24.837732315063477,937.5159740447998,229.7980785369873,254.52899932861328,301.1462688446045
5,udf_split_and_reuse,worst_wo_safety,4,1.0,23.92101287841797,943.8378810882568,226.9277572631836,257.6761245727539,303.6949634552002
6,udf_split_and_reuse,worst_wo_safety,4,1.0,23.942232131958008,952.7971744537354,227.63299942016602,268.60594749450684,306.1819076538086
