repetition,optimization,scenario,variant_counts,scale_factors,original_pipeline,analysis_result_with_reuse_opt_rule,analysis_result_with_push_up_opt_rule,analysis_result_without_opt_rule,analysis_result_without_any_opt
0,udf_split_and_reuse,worst_wo_safety,4,1.0,18.12887191772461,979.4671535491943,221.0061550140381,256.821870803833,292.4151420593262
1,udf_split_and_reuse,worst_wo_safety,4,1.0,19.55890655517578,994.0299987792969,221.99296951293945,256.51001930236816,286.484956741333
2,udf_split_and_reuse,worst_wo_safety,4,1.0,17.612934112548828,968.8189029693604,221.36187553405762,258.86988639831543,295.20487785339355
3,udf_split_and_reuse,worst_wo_safety,4,1.0,18.902301788330078,980.3550243377686,219.17104721069336,253.7999153137207,290.76099395751953
4,udf_split_and_reuse,worst_wo_safety,4,1.0,18.338680267333984,1004.082202911377,223.5732078552246,259.73987579345703,293.7180995941162
5,udf_split_and_reuse,worst_wo_safety,4,1.0,19.986867904663086,988.0759716033936,220.93486785888672,256.7141056060791,294.44098472595215
6,udf_split_and_reuse,worst_wo_safety,4,1.0,18.021821975708008,1000.8859634399414,231.4920425415039,256.98280334472656,302.5977611541748
