repetition,optimization,scenario,variant_counts,scale_factors,original_pipeline,analysis_result_with_reuse_opt_rule,analysis_result_with_push_up_opt_rule,analysis_result_without_opt_rule,analysis_result_without_any_opt
0,udf_split_and_reuse,worst_wo_safety,4,1.0,23.860931396484375,987.5400066375732,233.5221767425537,273.62775802612305,326.779842376709
1,udf_split_and_reuse,worst_wo_safety,4,1.0,25.292158126831055,982.5551509857178,234.64512825012207,268.6491012573242,340.3778076171875
2,udf_split_and_reuse,worst_wo_safety,4,1.0,25.403499603271484,994.1627979278564,233.89005661010742,278.2621383666992,326.91407203674316
3,udf_split_and_reuse,worst_wo_safety,4,1.0,25.488615036010742,985.2631092071533,235.3527545928955,273.91695976257324,319.98205184936523
4,udf_split_and_reuse,worst_wo_safety,4,1.0,24.854183197021484,989.1409873962402,230.5910587310791,273.3008861541748,326.4808654785156
5,udf_split_and_reuse,worst_wo_safety,4,1.0,26.58390998840332,996.1721897125244,234.34996604919434,274.1827964782715,316.6821002960205
6,udf_split_and_reuse,worst_wo_safety,4,1.0,24.244308471679688,995.3052997589111,234.6651554107666,285.5513095855713,322.221040725708
