repetition,optimization,scenario,variant_counts,scale_factors,original_pipeline,analysis_result_with_reuse_opt_rule,analysis_result_with_push_up_opt_rule,analysis_result_without_opt_rule,analysis_result_without_any_opt
0,udf_split_and_reuse,worst_wo_safety,4,1.5,18.094778060913086,1422.191858291626,308.27879905700684,354.6142578125,385.2071762084961
1,udf_split_and_reuse,worst_wo_safety,4,1.5,18.426895141601562,1400.0134468078613,306.6263198852539,351.3929843902588,381.06608390808105
2,udf_split_and_reuse,worst_wo_safety,4,1.5,17.86184310913086,1403.5453796386719,305.7365417480469,350.57616233825684,378.57842445373535
3,udf_split_and_reuse,worst_wo_safety,4,1.5,16.657590866088867,1401.6859531402588,305.9861660003662,351.3143062591553,379.87446784973145
4,udf_split_and_reuse,worst_wo_safety,4,1.5,17.651081085205078,1409.289836883545,306.0431480407715,351.05133056640625,381.98184967041016
5,udf_split_and_reuse,worst_wo_safety,4,1.5,17.113447189331055,1418.0428981781006,305.4385185241699,351.08184814453125,377.92396545410156
6,udf_split_and_reuse,worst_wo_safety,4,1.5,17.612218856811523,1398.2455730438232,306.11276626586914,633.2409381866455,383.9399814605713
