repetition,optimization,scenario,variant_counts,scale_factors,original_pipeline,analysis_result_with_opt_rule,analysis_result_without_opt_rule,analysis_result_without_any_opt
0,projection_push_up,worst,4,0.5,321.7744827270508,1077.4569511413574,1084.2039585113525,1125.9658336639404
1,projection_push_up,worst,4,0.5,308.5625171661377,1057.070255279541,1073.6310482025146,1125.481128692627
2,projection_push_up,worst,4,0.5,273.9992141723633,1062.4430179595947,1062.8361701965332,1109.8968982696533
3,projection_push_up,worst,4,0.5,269.12426948547363,1075.0336647033691,1068.274974822998,1102.2751331329346
4,projection_push_up,worst,4,0.5,271.7881202697754,1052.3700714111328,1087.5818729400635,1130.7170391082764
5,projection_push_up,worst,4,0.5,271.5871334075928,1059.278964996338,1070.2300071716309,1113.5838031768799
6,projection_push_up,worst,4,0.5,313.56120109558105,1067.911148071289,1102.034091949463,1127.7658939361572
