repetition,optimization,scenario,variant_counts,data_size,original_pipeline,analysis_result_with_opt_rule,analysis_result_without_opt_rule,analysis_result_without_any_opt
0,operator_deletion_filter_push_up,worst_w_safety,6,1000,31.56280517578125,164.21008110046387,154.4499397277832,269.9859142303467
1,operator_deletion_filter_push_up,worst_w_safety,6,1000,45.43256759643555,206.32672309875488,258.70800018310547,296.4160442352295
2,operator_deletion_filter_push_up,worst_w_safety,6,1000,54.3057918548584,172.38712310791016,279.8011302947998,230.712890625
3,operator_deletion_filter_push_up,worst_w_safety,6,1000,37.12010383605957,143.79119873046875,126.50179862976074,198.58193397521973
4,operator_deletion_filter_push_up,worst_w_safety,6,1000,43.42818260192871,186.43689155578613,187.5920295715332,467.1618938446045
5,operator_deletion_filter_push_up,worst_w_safety,6,1000,35.65359115600586,180.71508407592773,209.30886268615723,199.66793060302734
6,operator_deletion_filter_push_up,worst_w_safety,6,1000,42.994022369384766,131.69503211975098,131.5760612487793,265.8560276031494
