repetition,optimization,scenario,variant_counts,scale_factors,original_pipeline,analysis_result_with_reuse_opt_rule,analysis_result_with_push_up_opt_rule,analysis_result_without_opt_rule,analysis_result_without_any_opt
0,udf_split_and_reuse,worst_constant,6,1.0,350.5086898803711,908.7979793548584,909.9235534667969,979.9361228942871,2411.975383758545
1,udf_split_and_reuse,worst_constant,6,1.0,350.7981300354004,897.0937728881836,898.5075950622559,976.158618927002,2407.0379734039307
2,udf_split_and_reuse,worst_constant,6,1.0,352.4181842803955,888.0932331085205,890.8908367156982,967.4017429351807,2403.783082962036
3,udf_split_and_reuse,worst_constant,6,1.0,350.2357006072998,889.9869918823242,900.7198810577393,964.3192291259766,2390.0749683380127
4,udf_split_and_reuse,worst_constant,6,1.0,350.7206439971924,888.3025646209717,892.6312923431396,964.8342132568359,2374.1304874420166
5,udf_split_and_reuse,worst_constant,6,1.0,349.531888961792,890.963077545166,907.0439338684082,971.1809158325195,2390.122413635254
6,udf_split_and_reuse,worst_constant,6,1.0,347.72634506225586,885.1327896118164,888.5347843170166,963.8063907623291,2389.3604278564453
