repetition,optimization,scenario,variant_counts,scale_factors,original_pipeline,analysis_result_with_reuse_opt_rule,analysis_result_with_push_up_opt_rule,analysis_result_without_opt_rule,analysis_result_without_any_opt
0,udf_split_and_reuse,worst_wo_safety,4,1.0,15.628814697265625,974.7049808502197,220.9298610687256,250.61607360839844,275.22993087768555
1,udf_split_and_reuse,worst_wo_safety,4,1.0,14.70327377319336,959.77783203125,216.22109413146973,256.3619613647461,275.3791809082031
2,udf_split_and_reuse,worst_wo_safety,4,1.0,14.81938362121582,977.3941040039062,210.8461856842041,251.07097625732422,269.7138786315918
3,udf_split_and_reuse,worst_wo_safety,4,1.0,15.277862548828125,964.5030498504639,208.41717720031738,253.4010410308838,280.18712997436523
4,udf_split_and_reuse,worst_wo_safety,4,1.0,16.559362411499023,973.8318920135498,219.4192409515381,250.44918060302734,281.0549736022949
5,udf_split_and_reuse,worst_wo_safety,4,1.0,15.022993087768555,971.1120128631592,220.8571434020996,253.59201431274414,282.99903869628906
6,udf_split_and_reuse,worst_wo_safety,4,1.0,15.489578247070312,980.226993560791,216.57896041870117,248.0602264404297,281.88610076904297
