repetition,optimization,scenario,variant_counts,data_size,original_pipeline,analysis_result_with_opt_rule,analysis_result_without_opt_rule,analysis_result_without_any_opt
0,operator_deletion_filter_push_up,average,8,1000,29.083728790283203,86.39001846313477,114.02606964111328,185.28389930725098
1,operator_deletion_filter_push_up,average,8,1000,28.19371223449707,81.21800422668457,118.1650161743164,190.85693359375
2,operator_deletion_filter_push_up,average,8,1000,29.678821563720703,79.98800277709961,108.62994194030762,188.9169216156006
3,operator_deletion_filter_push_up,average,8,1000,27.520418167114258,80.89494705200195,117.03896522521973,185.103178024292
4,operator_deletion_filter_push_up,average,8,1000,28.733491897583008,85.41107177734375,108.28208923339844,182.65175819396973
5,operator_deletion_filter_push_up,average,8,1000,28.96738052368164,81.53605461120605,107.99288749694824,185.27889251708984
6,operator_deletion_filter_push_up,average,8,1000,30.343055725097656,79.67305183410645,108.49189758300781,328.6910057067871
