repetition,optimization,scenario,variant_counts,scale_factors,original_pipeline,analysis_result_with_opt_rule,analysis_result_without_opt_rule,analysis_result_without_any_opt
0,operator_deletion_filter_push_up,ideal,4,3.0,8830.76000213623,8810.863733291626,34688.66491317749,34738.253355026245
1,operator_deletion_filter_push_up,ideal,4,3.0,8449.244499206543,8913.828372955322,34480.172634124756,34606.75859451294
2,operator_deletion_filter_push_up,ideal,4,3.0,8532.152652740479,8963.340282440186,34685.880184173584,34596.37403488159
3,operator_deletion_filter_push_up,ideal,4,3.0,8505.687475204468,8957.03387260437,34435.70303916931,34923.890590667725
4,operator_deletion_filter_push_up,ideal,4,3.0,8733.040571212769,8889.378070831299,35104.97808456421,34907.12881088257
5,operator_deletion_filter_push_up,ideal,4,3.0,8740.342378616333,8961.91143989563,35326.45678520203,35042.77682304382
6,operator_deletion_filter_push_up,ideal,4,3.0,8875.237464904785,9228.24215888977,34886.96098327637,34934.728384017944
