repetition,optimization,scenario,variant_counts,data_size,analysis_result_with_reuse_opt_rule,analysis_result_with_push_up_opt_rule,analysis_result_without_opt_rule,analysis_result_without_any_opt
0,udf_split_and_reuse,worst_wo_safety,5,1000,111.90414428710938,51.68008804321289,70.88613510131836,85.7090950012207
1,udf_split_and_reuse,worst_wo_safety,5,1000,105.96394538879395,52.87814140319824,72.85404205322266,84.35416221618652
2,udf_split_and_reuse,worst_wo_safety,5,1000,106.43577575683594,55.310964584350586,72.42107391357422,85.96110343933105
3,udf_split_and_reuse,worst_wo_safety,5,1000,106.42695426940918,52.301883697509766,70.58286666870117,84.35297012329102
4,udf_split_and_reuse,worst_wo_safety,5,1000,110.14223098754883,52.52385139465332,72.66974449157715,85.55173873901367
5,udf_split_and_reuse,worst_wo_safety,5,1000,105.87525367736816,52.14810371398926,70.53017616271973,84.88988876342773
6,udf_split_and_reuse,worst_wo_safety,5,1000,103.96504402160645,53.57003211975098,74.96118545532227,85.8309268951416
