repetition,optimization,scenario,variant_counts,scale_factors,original_pipeline,analysis_result_with_opt_rule,analysis_result_without_opt_rule,analysis_result_without_any_opt
0,filter_addition_push_up,ideal,6,1.0,1303.9648532867432,1167.6607131958008,8354.384899139404,7253.319978713989
1,filter_addition_push_up,ideal,6,1.0,1330.902099609375,1375.8540153503418,7535.979986190796,7167.070150375366
2,filter_addition_push_up,ideal,6,1.0,1117.2101497650146,1326.7319202423096,7899.1570472717285,6130.239009857178
3,filter_addition_push_up,ideal,6,1.0,1053.0099868774414,1042.212724685669,6905.035972595215,8028.395891189575
4,filter_addition_push_up,ideal,6,1.0,1103.9783954620361,1216.209888458252,6508.374929428101,6910.743713378906
5,filter_addition_push_up,ideal,6,1.0,970.3717231750488,1126.4948844909668,7899.233102798462,7572.260141372681
6,filter_addition_push_up,ideal,6,1.0,941.2727355957031,951.45583152771,6150.943040847778,5132.448196411133
