repetition,optimization,scenario,variant_counts,data_size,original_pipeline,analysis_result_with_opt_rule,analysis_result_without_opt_rule,analysis_result_without_any_opt
0,operator_deletion_filter_push_up,average,6,10000,41.46170616149902,80.45816421508789,112.63418197631836,232.69176483154297
1,operator_deletion_filter_push_up,average,6,10000,36.21339797973633,76.72619819641113,112.65206336975098,237.6382350921631
2,operator_deletion_filter_push_up,average,6,10000,35.3093147277832,75.64902305603027,116.3778305053711,241.3651943206787
3,operator_deletion_filter_push_up,average,6,10000,40.10510444641113,73.57907295227051,113.87300491333008,240.0810718536377
4,operator_deletion_filter_push_up,average,6,10000,35.53509712219238,77.5139331817627,115.08417129516602,237.5650405883789
5,operator_deletion_filter_push_up,average,6,10000,36.101341247558594,84.0158462524414,112.43081092834473,236.81282997131348
6,operator_deletion_filter_push_up,average,6,10000,40.570735931396484,77.13913917541504,114.61091041564941,249.7401237487793
