repetition,optimization,scenario,variant_counts,scale_factors,original_pipeline,analysis_result_with_opt_rule,analysis_result_without_opt_rule,analysis_result_without_any_opt
0,operator_deletion_filter_push_up,worst_w_safety,10,1.0,227.37479209899902,2239.8812770843506,2150.552272796631,2232.170581817627
1,operator_deletion_filter_push_up,worst_w_safety,10,1.0,202.8670310974121,2014.611005783081,2006.1008930206299,2120.736598968506
2,operator_deletion_filter_push_up,worst_w_safety,10,1.0,213.95468711853027,2102.2045612335205,2091.865301132202,2187.673568725586
3,operator_deletion_filter_push_up,worst_w_safety,10,1.0,217.57221221923828,2154.6261310577393,2142.3401832580566,2228.238821029663
4,operator_deletion_filter_push_up,worst_w_safety,10,1.0,201.25818252563477,2032.5844287872314,2040.6091213226318,2135.4637145996094
5,operator_deletion_filter_push_up,worst_w_safety,10,1.0,219.94543075561523,2401.9436836242676,2148.576498031616,2254.9819946289062
6,operator_deletion_filter_push_up,worst_w_safety,10,1.0,187.96396255493164,1843.6579704284668,1850.9266376495361,1961.7383480072021
