repetition,optimization,scenario,variant_counts,data_size,original_pipeline,analysis_result_with_opt_rule,analysis_result_without_opt_rule,analysis_result_without_any_opt
0,projection_push_up,worst,4,100000,106.4002513885498,192.63792037963867,255.20610809326172,572.638988494873
1,projection_push_up,worst,4,100000,102.4935245513916,194.58508491516113,254.011869430542,584.3501091003418
2,projection_push_up,worst,4,100000,118.99709701538086,211.23003959655762,255.7978630065918,594.3431854248047
3,projection_push_up,worst,4,100000,110.65006256103516,213.69004249572754,253.20076942443848,591.2058353424072
4,projection_push_up,worst,4,100000,112.91265487670898,190.9191608428955,253.74698638916016,586.1082077026367
5,projection_push_up,worst,4,100000,108.13474655151367,195.6040859222412,255.21421432495117,586.83180809021
6,projection_push_up,worst,4,100000,108.24942588806152,188.9510154724121,253.84116172790527,586.5120887756348
