repetition,optimization,scenario,variant_counts,scale_factors,original_pipeline,analysis_result_with_opt_rule,analysis_result_without_opt_rule,analysis_result_without_any_opt
0,projection_push_up,average,4,1.5,1230.663537979126,1550.1108169555664,4294.778108596802,6318.457841873169
1,projection_push_up,average,4,1.5,1196.286678314209,1599.0700721740723,3318.5317516326904,5240.139961242676
2,projection_push_up,average,4,1.5,1067.617416381836,1532.1269035339355,3219.2602157592773,5248.425245285034
3,projection_push_up,average,4,1.5,1209.9261283874512,1734.4481945037842,3717.1261310577393,5517.519235610962
4,projection_push_up,average,4,1.5,1077.4550437927246,1466.6180610656738,3160.9299182891846,5059.993743896484
5,projection_push_up,average,4,1.5,1048.4323501586914,1347.0628261566162,2934.774160385132,4935.808897018433
6,projection_push_up,average,4,1.5,990.7598495483398,1464.7259712219238,3004.180908203125,5076.137065887451
