repetition,optimization,scenario,variant_counts,data_size,original_pipeline,analysis_result_with_opt_rule,analysis_result_without_opt_rule,analysis_result_without_any_opt
0,operator_deletion_filter_push_up,ideal,2,2000,4320.446729660034,4338.217973709106,8728.073835372925,8756.72721862793
1,operator_deletion_filter_push_up,ideal,2,2000,4267.962694168091,4414.683818817139,8602.8470993042,8690.419912338257
2,operator_deletion_filter_push_up,ideal,2,2000,4300.872802734375,4367.0899868011475,8639.394044876099,8639.501094818115
3,operator_deletion_filter_push_up,ideal,2,2000,4301.077842712402,4351.661920547485,8844.999313354492,9060.870885848999
4,operator_deletion_filter_push_up,ideal,2,2000,4648.458003997803,4441.708087921143,8837.002038955688,9708.536624908447
5,operator_deletion_filter_push_up,ideal,2,2000,4455.219745635986,4428.9867877960205,8969.749927520752,9047.603130340576
6,operator_deletion_filter_push_up,ideal,2,2000,4787.056684494019,4768.357992172241,9062.922954559326,9362.019062042236
