repetition,optimization,scenario,variant_counts,data_size,original_pipeline,analysis_result_with_reuse_opt_rule,analysis_result_with_push_up_opt_rule,analysis_result_without_opt_rule,analysis_result_without_any_opt
0,udf_split_and_reuse,worst_w_safety,8,10000,17.438888549804688,324.17821884155273,341.8920040130615,413.2237434387207,504.3802261352539
1,udf_split_and_reuse,worst_w_safety,8,10000,19.433259963989258,337.39495277404785,339.19286727905273,429.4257164001465,496.3493347167969
2,udf_split_and_reuse,worst_w_safety,8,10000,17.662763595581055,338.7939929962158,338.5899066925049,414.6618843078613,498.63219261169434
3,udf_split_and_reuse,worst_w_safety,8,10000,17.475366592407227,339.57481384277344,339.71524238586426,413.5599136352539,488.0998134613037
4,udf_split_and_reuse,worst_w_safety,8,10000,17.250537872314453,338.3951187133789,336.2550735473633,410.14695167541504,514.5647525787354
5,udf_split_and_reuse,worst_w_safety,8,10000,18.75615119934082,340.65985679626465,338.0627632141113,409.7709655761719,505.5360794067383
6,udf_split_and_reuse,worst_w_safety,8,10000,20.739078521728516,337.4159336090088,338.5300636291504,461.18974685668945,520.8678245544434
