repetition,optimization,scenario,variant_counts,scale_factors,original_pipeline,analysis_result_with_reuse_opt_rule,analysis_result_with_push_up_opt_rule,analysis_result_without_opt_rule,analysis_result_without_any_opt
0,udf_split_and_reuse,worst_w_safety,6,1.0,41.886091232299805,1344.31791305542,1343.8498973846436,1507.9357624053955,1627.7329921722412
1,udf_split_and_reuse,worst_w_safety,6,1.0,41.27788543701172,1347.8925228118896,1350.144624710083,1526.6547203063965,1639.709711074829
2,udf_split_and_reuse,worst_w_safety,6,1.0,39.98517990112305,1340.369462966919,1334.5446586608887,1510.6074810028076,1628.2587051391602
3,udf_split_and_reuse,worst_w_safety,6,1.0,40.44294357299805,1345.9255695343018,1351.9368171691895,1521.0461616516113,1635.4103088378906
4,udf_split_and_reuse,worst_w_safety,6,1.0,40.78865051269531,1345.9928035736084,1344.8295593261719,1522.5026607513428,1637.0294094085693
5,udf_split_and_reuse,worst_w_safety,6,1.0,41.20039939880371,1350.0149250030518,1351.0568141937256,1525.6733894348145,1637.9327774047852
6,udf_split_and_reuse,worst_w_safety,6,1.0,43.222665786743164,1348.2115268707275,1335.2327346801758,1510.495901107788,1632.7002048492432
