repetition,optimization,scenario,variant_counts,scale_factors,original_pipeline,analysis_result_with_opt_rule,analysis_result_without_opt_rule,analysis_result_without_any_opt
0,projection_push_up,average,6,1.0,555.3185939788818,824.0456581115723,2241.6508197784424,3651.200294494629
1,projection_push_up,average,6,1.0,541.2774085998535,812.2491836547852,2261.5349292755127,3629.963159561157
2,projection_push_up,average,6,1.0,546.8463897705078,819.782018661499,2214.075803756714,3649.5001316070557
3,projection_push_up,average,6,1.0,548.029899597168,824.9797821044922,2202.702760696411,3667.9348945617676
4,projection_push_up,average,6,1.0,544.4438457489014,816.7307376861572,2238.4066581726074,3669.632911682129
5,projection_push_up,average,6,1.0,541.7001247406006,812.7181529998779,2250.051975250244,3664.243221282959
6,projection_push_up,average,6,1.0,558.4666728973389,832.9901695251465,2280.689239501953,3686.3999366760254
