repetition,optimization,scenario,variant_counts,scale_factors,original_pipeline,analysis_result_with_reuse_opt_rule,analysis_result_with_push_up_opt_rule,analysis_result_without_opt_rule,analysis_result_without_any_opt
0,udf_split_and_reuse,worst_wo_safety,10,1.0,14.087438583374023,967.4944877624512,505.1581859588623,596.278190612793,667.2039031982422
1,udf_split_and_reuse,worst_wo_safety,10,1.0,13.119220733642578,954.1616439819336,495.603084564209,589.9515151977539,655.750036239624
2,udf_split_and_reuse,worst_wo_safety,10,1.0,13.478279113769531,975.5997657775879,499.21584129333496,594.5110321044922,655.5659770965576
3,udf_split_and_reuse,worst_wo_safety,10,1.0,13.617515563964844,975.9442806243896,505.7187080383301,599.8244285583496,664.811372756958
4,udf_split_and_reuse,worst_wo_safety,10,1.0,14.116048812866211,962.1236324310303,502.744197845459,596.4193344116211,659.1250896453857
5,udf_split_and_reuse,worst_wo_safety,10,1.0,14.190435409545898,966.1562442779541,507.5395107269287,600.8827686309814,667.5596237182617
6,udf_split_and_reuse,worst_wo_safety,10,1.0,14.087438583374023,960.2866172790527,499.8455047607422,596.390962600708,661.6897583007812
