repetition,optimization,scenario,variant_counts,data_size,original_pipeline,analysis_result_with_reuse_opt_rule,analysis_result_with_push_up_opt_rule,analysis_result_without_opt_rule,analysis_result_without_any_opt
0,udf_split_and_reuse,average,10,200000,586.0378742218018,961.9600772857666,1003.94606590271,3356.7099571228027,6724.204778671265
1,udf_split_and_reuse,average,10,200000,523.2017040252686,886.2802982330322,994.7519302368164,3281.3720703125,6421.792030334473
2,udf_split_and_reuse,average,10,200000,515.6729221343994,900.9382724761963,998.629093170166,3288.7799739837646,6428.366899490356
3,udf_split_and_reuse,average,10,200000,510.2207660675049,897.960901260376,1007.4219703674316,3264.8391723632812,6469.253063201904
4,udf_split_and_reuse,average,10,200000,528.0032157897949,891.4167881011963,1003.0791759490967,3571.018934249878,6610.660076141357
5,udf_split_and_reuse,average,10,200000,643.6328887939453,993.6819076538086,1433.5579872131348,4504.017114639282,10546.60701751709
6,udf_split_and_reuse,average,10,200000,780.613899230957,1136.7669105529785,1448.1091499328613,4548.497915267944,9044.188022613525
