repetition,optimization,scenario,variant_counts,data_size,original_pipeline,analysis_result_with_reuse_opt_rule,analysis_result_with_push_up_opt_rule,analysis_result_without_opt_rule,analysis_result_without_any_opt
0,udf_split_and_reuse,worst_w_safety,8,100000,135.85472106933594,3241.849660873413,3446.183919906616,3526.4179706573486,4170.926809310913
1,udf_split_and_reuse,worst_w_safety,8,100000,127.5014877319336,3027.1949768066406,3403.8028717041016,3680.365800857544,4354.047060012817
2,udf_split_and_reuse,worst_w_safety,8,100000,141.73626899719238,3158.470869064331,3238.3220195770264,3705.082893371582,4630.850076675415
3,udf_split_and_reuse,worst_w_safety,8,100000,127.61545181274414,3131.7079067230225,3029.4792652130127,3535.4011058807373,4658.693790435791
4,udf_split_and_reuse,worst_w_safety,8,100000,137.03346252441406,3516.540050506592,3243.095874786377,4438.89594078064,4843.763828277588
5,udf_split_and_reuse,worst_w_safety,8,100000,194.42415237426758,4002.9399394989014,3681.2098026275635,4318.520069122314,4392.516851425171
6,udf_split_and_reuse,worst_w_safety,8,100000,146.8641757965088,3374.552011489868,3259.2270374298096,3664.7841930389404,4734.031915664673
