repetition,optimization,scenario,variant_counts,scale_factors,original_pipeline,analysis_result_with_opt_rule,analysis_result_without_opt_rule,analysis_result_without_any_opt
0,filter_addition_push_up,ideal,10,1.0,982.1212291717529,1003.5836696624756,9316.450834274292,9248.199462890625
1,filter_addition_push_up,ideal,10,1.0,1012.2194290161133,1041.322946548462,10050.649642944336,10102.673768997192
2,filter_addition_push_up,ideal,10,1.0,973.3703136444092,1000.6539821624756,9270.218849182129,9320.940971374512
3,filter_addition_push_up,ideal,10,1.0,994.6005344390869,1023.676872253418,9244.266271591187,9796.557664871216
4,filter_addition_push_up,ideal,10,1.0,1082.5021266937256,1115.473985671997,10350.854635238647,10662.797927856445
5,filter_addition_push_up,ideal,10,1.0,1007.7183246612549,789.3424034118652,7059.497356414795,7600.255966186523
6,filter_addition_push_up,ideal,10,1.0,854.5048236846924,896.399974822998,8248.655796051025,8508.863925933838
