repetition,optimization,scenario,variant_counts,data_size,original_pipeline,analysis_result_with_reuse_opt_rule,analysis_result_with_push_up_opt_rule,analysis_result_without_opt_rule,analysis_result_without_any_opt
0,udf_split_and_reuse,worst_wo_safety,4,10000,24.652719497680664,871.0217475891113,207.17477798461914,247.2860813140869,287.7628803253174
1,udf_split_and_reuse,worst_wo_safety,4,10000,26.72123908996582,801.2692928314209,188.64917755126953,219.83814239501953,266.3149833679199
2,udf_split_and_reuse,worst_wo_safety,4,10000,29.001951217651367,780.0979614257812,213.18292617797852,236.01627349853516,259.5641613006592
3,udf_split_and_reuse,worst_wo_safety,4,10000,26.852846145629883,768.4969902038574,190.32812118530273,210.784912109375,246.31524085998535
4,udf_split_and_reuse,worst_wo_safety,4,10000,21.226167678833008,746.2117671966553,198.18115234375,222.8388786315918,255.56707382202148
5,udf_split_and_reuse,worst_wo_safety,4,10000,21.750926971435547,739.4511699676514,180.36222457885742,210.62612533569336,255.8917999267578
6,udf_split_and_reuse,worst_wo_safety,4,10000,21.934986114501953,745.8310127258301,185.394287109375,222.72706031799316,399.20496940612793
