repetition,optimization,scenario,variant_counts,scale_factors,original_pipeline,analysis_result_with_opt_rule,analysis_result_without_opt_rule,analysis_result_without_any_opt
0,filter_addition_push_up,average,6,1.0,728.518009185791,1269.5341110229492,3042.5047874450684,6319.499969482422
1,filter_addition_push_up,average,6,1.0,805.6447505950928,1361.0179424285889,2696.1371898651123,6349.985122680664
2,filter_addition_push_up,average,6,1.0,1094.6643352508545,1441.0388469696045,3894.240140914917,6243.575096130371
3,filter_addition_push_up,average,6,1.0,1078.04536819458,1412.3237133026123,3324.7439861297607,5183.579921722412
4,filter_addition_push_up,average,6,1.0,801.7544746398926,1339.4749164581299,2542.189121246338,4475.15869140625
5,filter_addition_push_up,average,6,1.0,767.4634456634521,1237.295150756836,2631.195068359375,4765.879154205322
6,filter_addition_push_up,average,6,1.0,734.7114086151123,1170.7770824432373,2368.5851097106934,4407.965898513794
