repetition,optimization,scenario,variant_counts,scale_factors,original_pipeline,analysis_result_with_opt_rule,analysis_result_without_opt_rule,analysis_result_without_any_opt
0,filter_addition_push_up,average,4,1.5,1186.5029335021973,1651.7345905303955,2745.7048892974854,4910.186290740967
1,filter_addition_push_up,average,4,1.5,1210.8726501464844,1669.3010330200195,2743.112802505493,4934.512138366699
2,filter_addition_push_up,average,4,1.5,1203.1502723693848,1655.5671691894531,2718.9109325408936,4869.395971298218
3,filter_addition_push_up,average,4,1.5,1188.3001327514648,1645.4079151153564,2789.738893508911,5215.871095657349
4,filter_addition_push_up,average,4,1.5,1199.2988586425781,1691.8940544128418,2759.9618434906006,4978.259086608887
5,filter_addition_push_up,average,4,1.5,1242.5346374511719,1745.2518939971924,2835.287094116211,4919.181823730469
6,filter_addition_push_up,average,4,1.5,1191.7822360992432,1642.002820968628,2733.7851524353027,4932.9588413238525
