repetition,optimization,scenario,variant_counts,scale_factors,original_pipeline,analysis_result_with_opt,analysis_result_without_any_opt
0,common_subexpression_elimination,ideal,4,1.0,869.3232536315918,829.6718597412109,3307.110071182251
1,common_subexpression_elimination,ideal,4,1.0,838.7362957000732,822.641134262085,3262.5153064727783
2,common_subexpression_elimination,ideal,4,1.0,984.4095706939697,997.373104095459,3961.6329669952393
3,common_subexpression_elimination,ideal,4,1.0,889.3551826477051,885.2977752685547,3706.840991973877
4,common_subexpression_elimination,ideal,4,1.0,975.5933284759521,954.6020030975342,3730.271816253662
5,common_subexpression_elimination,ideal,4,1.0,946.5041160583496,954.9078941345215,3774.441957473755
6,common_subexpression_elimination,ideal,4,1.0,843.4271812438965,832.144021987915,3424.488067626953
