repetition,optimization,scenario,variant_counts,scale_factors,original_pipeline,analysis_result_with_opt_rule,analysis_result_without_opt_rule,analysis_result_without_any_opt
0,operator_deletion_filter_push_up,average,4,1.0,732.7158451080322,1039.4339561462402,1695.94407081604,3095.8950519561768
1,operator_deletion_filter_push_up,average,4,1.0,691.211462020874,963.3462429046631,1679.0099143981934,2990.4696941375732
2,operator_deletion_filter_push_up,average,4,1.0,682.8587055206299,988.3887767791748,1686.1298084259033,3031.6526889801025
3,operator_deletion_filter_push_up,average,4,1.0,691.7011737823486,983.7710857391357,1699.6469497680664,3015.918254852295
4,operator_deletion_filter_push_up,average,4,1.0,691.5476322174072,979.8679351806641,1734.5161437988281,2982.7260971069336
5,operator_deletion_filter_push_up,average,4,1.0,699.0907192230225,1028.7320613861084,1811.4070892333984,3169.5523262023926
6,operator_deletion_filter_push_up,average,4,1.0,724.724531173706,997.8339672088623,1747.4701404571533,3080.3568363189697
