repetition,optimization,scenario,variant_counts,scale_factors,original_pipeline,analysis_result_with_opt_rule,analysis_result_without_opt_rule,analysis_result_without_any_opt
0,projection_push_up,average,4,1.0,704.1592597961426,936.492919921875,2064.507007598877,3322.4918842315674
1,projection_push_up,average,4,1.0,685.3573322296143,940.1040077209473,2056.549072265625,3298.4719276428223
2,projection_push_up,average,4,1.0,693.079948425293,945.0490474700928,2030.797004699707,3573.463201522827
3,projection_push_up,average,4,1.0,706.7680358886719,954.5390605926514,2015.7430171966553,3290.678024291992
4,projection_push_up,average,4,1.0,703.3071517944336,925.3482818603516,2041.2638187408447,3351.613998413086
5,projection_push_up,average,4,1.0,691.6344165802002,1070.2531337738037,2305.891990661621,3567.840099334717
6,projection_push_up,average,4,1.0,791.5713787078857,1195.7509517669678,2467.6907062530518,3850.0919342041016
