repetition,optimization,scenario,variant_counts,data_size,original_pipeline,analysis_result_with_opt_rule,analysis_result_without_opt_rule,analysis_result_without_any_opt
0,projection_push_up,worst,10,2000,7.174968719482422,54.62288856506348,59.702157974243164,104.59017753601074
1,projection_push_up,worst,10,2000,7.552862167358398,57.273149490356445,81.35390281677246,140.07091522216797
2,projection_push_up,worst,10,2000,8.213996887207031,58.4568977355957,61.88607215881348,103.118896484375
3,projection_push_up,worst,10,2000,7.721185684204102,49.365997314453125,60.935020446777344,125.21529197692871
4,projection_push_up,worst,10,2000,6.991386413574219,58.70795249938965,70.12200355529785,105.7138442993164
5,projection_push_up,worst,10,2000,7.00688362121582,58.05706977844238,80.11817932128906,123.36468696594238
6,projection_push_up,worst,10,2000,7.754802703857422,64.81385231018066,77.49795913696289,113.22617530822754
