repetition,optimization,scenario,variant_counts,scale_factors,original_pipeline,analysis_result_with_opt_rule,analysis_result_without_opt_rule,analysis_result_without_any_opt
0,operator_deletion_filter_push_up,average,4,1.5,1223.463773727417,1622.2312450408936,2759.2849731445312,5001.659870147705
1,operator_deletion_filter_push_up,average,4,1.5,1182.0294857025146,1685.8432292938232,2581.7646980285645,5110.936880111694
2,operator_deletion_filter_push_up,average,4,1.5,1195.4972743988037,1690.354824066162,3378.3609867095947,4997.993946075439
3,operator_deletion_filter_push_up,average,4,1.5,1156.8984985351562,1605.2048206329346,2683.2027435302734,4944.371223449707
4,operator_deletion_filter_push_up,average,4,1.5,1170.2053546905518,1606.0700416564941,2719.794988632202,4984.87401008606
5,operator_deletion_filter_push_up,average,4,1.5,1156.8522453308105,1607.537031173706,2765.1991844177246,4997.308254241943
6,operator_deletion_filter_push_up,average,4,1.5,1157.555341720581,1619.6081638336182,2754.734754562378,5062.8662109375
