repetition,optimization,scenario,variant_counts,scale_factors,original_pipeline,analysis_result_with_opt,analysis_result_without_any_opt
0,common_subexpression_elimination,ideal,4,1.5,2543.6007976531982,2571.6612339019775,10260.831832885742
1,common_subexpression_elimination,ideal,4,1.5,2541.0027503967285,2604.229211807251,10626.74617767334
2,common_subexpression_elimination,ideal,4,1.5,2802.082300186157,2785.4902744293213,11280.682802200317
3,common_subexpression_elimination,ideal,4,1.5,2513.3132934570312,2423.304796218872,9798.195838928223
4,common_subexpression_elimination,ideal,4,1.5,2731.917142868042,2827.425956726074,11358.799934387207
5,common_subexpression_elimination,ideal,4,1.5,2482.788562774658,2425.629138946533,9926.331281661987
6,common_subexpression_elimination,ideal,4,1.5,2484.5151901245117,2465.5611515045166,10044.548988342285
