repetition,optimization,scenario,variant_counts,data_size,analysis_result_with_reuse_opt_rule,analysis_result_with_push_up_opt_rule,analysis_result_without_opt_rule,analysis_result_without_any_opt
0,udf_split_and_reuse,worst_w_safety,2,100000,845.771074295044,858.9169979095459,939.1121864318848,1065.0498867034912
1,udf_split_and_reuse,worst_w_safety,2,100000,889.664888381958,838.9129638671875,948.8589763641357,1052.5178909301758
2,udf_split_and_reuse,worst_w_safety,2,100000,844.9196815490723,844.4240093231201,935.941219329834,1060.0478649139404
3,udf_split_and_reuse,worst_w_safety,2,100000,857.0709228515625,880.6858062744141,954.0588855743408,1085.14404296875
4,udf_split_and_reuse,worst_w_safety,2,100000,870.4690933227539,859.4789505004883,946.152925491333,1062.3209476470947
5,udf_split_and_reuse,worst_w_safety,2,100000,845.9272384643555,852.2171974182129,945.0328350067139,1050.1370429992676
6,udf_split_and_reuse,worst_w_safety,2,100000,863.2330894470215,867.3229217529297,944.7391033172607,1045.8030700683594
