repetition,optimization,scenario,variant_counts,data_size,original_pipeline,analysis_result_with_opt_rule,analysis_result_without_opt_rule,analysis_result_without_any_opt
0,operator_deletion_filter_push_up,worst_wo_safety,2,2000,101.49407386779785,4325.371026992798,212.21613883972168,220.7338809967041
1,operator_deletion_filter_push_up,worst_wo_safety,2,2000,76.30705833435059,4265.138864517212,137.84193992614746,154.39701080322266
2,operator_deletion_filter_push_up,worst_wo_safety,2,2000,59.37910079956055,4407.174110412598,319.44966316223145,155.2121639251709
3,operator_deletion_filter_push_up,worst_wo_safety,2,2000,82.52882957458496,4413.264989852905,174.74102973937988,183.45189094543457
4,operator_deletion_filter_push_up,worst_wo_safety,2,2000,110.61620712280273,4231.841087341309,221.1019992828369,217.00191497802734
5,operator_deletion_filter_push_up,worst_wo_safety,2,2000,60.24456024169922,4278.7230014801025,132.3988437652588,145.20692825317383
6,operator_deletion_filter_push_up,worst_wo_safety,2,2000,92.95034408569336,4197.844982147217,205.43384552001953,212.19301223754883
