repetition,optimization,scenario,variant_counts,data_size,original_pipeline,analysis_result_with_opt_rule,analysis_result_without_opt_rule,analysis_result_without_any_opt
0,projection_push_up,worst,2,100000,110.83388328552246,150.93564987182617,182.04903602600098,297.4257469177246
1,projection_push_up,worst,2,100000,110.63432693481445,158.0488681793213,183.6090087890625,294.1467761993408
2,projection_push_up,worst,2,100000,105.01623153686523,149.4297981262207,179.65221405029297,291.02182388305664
3,projection_push_up,worst,2,100000,108.52289199829102,157.03392028808594,178.53808403015137,298.1438636779785
4,projection_push_up,worst,2,100000,105.7281494140625,162.37521171569824,189.78404998779297,303.3890724182129
5,projection_push_up,worst,2,100000,107.08951950073242,144.24896240234375,179.89325523376465,294.89994049072266
6,projection_push_up,worst,2,100000,103.46508026123047,147.691011428833,180.0079345703125,289.2041206359863
