repetition,optimization,scenario,variant_counts,scale_factors,original_pipeline,analysis_result_with_opt_rule,analysis_result_without_opt_rule,analysis_result_without_any_opt
0,filter_addition_push_up,worst_wo_original,4,1.0,950.2794742584229,958.1120014190674,233.3700656890869,255.94401359558105
1,filter_addition_push_up,worst_wo_original,4,1.0,930.1612377166748,934.2889785766602,237.72215843200684,264.39714431762695
2,filter_addition_push_up,worst_wo_original,4,1.0,991.8880462646484,1031.4829349517822,228.32894325256348,248.17824363708496
3,filter_addition_push_up,worst_wo_original,4,1.0,956.1727046966553,983.7989807128906,332.582950592041,243.2229518890381
4,filter_addition_push_up,worst_wo_original,4,1.0,930.7801723480225,1086.0228538513184,254.72569465637207,282.7179431915283
5,filter_addition_push_up,worst_wo_original,4,1.0,927.18505859375,967.6098823547363,224.1668701171875,240.77987670898438
6,filter_addition_push_up,worst_wo_original,4,1.0,946.8429088592529,933.7091445922852,290.06505012512207,320.4760551452637
