repetition,optimization,scenario,variant_counts,scale_factors,original_pipeline,analysis_result_with_opt_rule,analysis_result_without_opt_rule,analysis_result_without_any_opt
0,operator_deletion_filter_push_up,ideal,2,1.0,1012.4576091766357,987.3857498168945,1969.2792892456055,1954.728603363037
1,operator_deletion_filter_push_up,ideal,2,1.0,961.0002040863037,991.8665885925293,1919.6467399597168,1939.7339820861816
2,operator_deletion_filter_push_up,ideal,2,1.0,977.1122932434082,993.6609268188477,1964.6337032318115,1958.3404064178467
3,operator_deletion_filter_push_up,ideal,2,1.0,974.8332500457764,1164.090633392334,1925.9929656982422,1927.1986484527588
4,operator_deletion_filter_push_up,ideal,2,1.0,956.4371109008789,983.0918312072754,1928.7357330322266,1921.7486381530762
5,operator_deletion_filter_push_up,ideal,2,1.0,964.5054340362549,971.8728065490723,1929.4288158416748,1953.246831893921
6,operator_deletion_filter_push_up,ideal,2,1.0,949.254035949707,972.6643562316895,1913.47074508667,1952.8813362121582
