repetition,optimization,scenario,variant_counts,scale_factors,original_pipeline,analysis_result_with_opt_rule,analysis_result_without_opt_rule,analysis_result_without_any_opt
0,filter_addition_push_up,average,6,1.0,739.3794059753418,1156.3382148742676,2342.782974243164,4639.769077301025
1,filter_addition_push_up,average,6,1.0,723.4046459197998,1175.8599281311035,2339.343786239624,4529.880046844482
2,filter_addition_push_up,average,6,1.0,742.5565719604492,1171.8828678131104,2347.6650714874268,4584.447145462036
3,filter_addition_push_up,average,6,1.0,743.1848049163818,1204.686164855957,2359.283924102783,4570.040225982666
4,filter_addition_push_up,average,6,1.0,737.4029159545898,1213.9739990234375,2379.7149658203125,4638.418912887573
5,filter_addition_push_up,average,6,1.0,753.6211013793945,1193.8509941101074,2359.3430519104004,4584.239959716797
6,filter_addition_push_up,average,6,1.0,728.8944721221924,1181.2877655029297,2367.3698902130127,4518.795967102051
