repetition,optimization,scenario,variant_counts,scale_factors,original_pipeline,analysis_result_with_reuse_opt_rule,analysis_result_with_push_up_opt_rule,analysis_result_without_opt_rule,analysis_result_without_any_opt
0,udf_split_and_reuse,worst_w_safety,8,1.0,42.38009452819824,1746.446132659912,1746.6926574707031,2004.2204856872559,2165.8215522766113
1,udf_split_and_reuse,worst_w_safety,8,1.0,41.85748100280762,1737.8032207489014,1743.445634841919,1990.9112453460693,2144.2747116088867
2,udf_split_and_reuse,worst_w_safety,8,1.0,41.964054107666016,1735.9018325805664,1734.6816062927246,1991.4565086364746,2162.4319553375244
3,udf_split_and_reuse,worst_w_safety,8,1.0,43.45297813415527,1748.4891414642334,1746.5381622314453,2002.9270648956299,2172.9791164398193
4,udf_split_and_reuse,worst_w_safety,8,1.0,42.40155220031738,1749.3281364440918,1740.2284145355225,1997.6112842559814,2149.0702629089355
5,udf_split_and_reuse,worst_w_safety,8,1.0,41.744232177734375,1748.7969398498535,1742.1679496765137,2000.87571144104,2147.008180618286
6,udf_split_and_reuse,worst_w_safety,8,1.0,41.94974899291992,1748.6190795898438,1754.3175220489502,2007.8623294830322,2160.8006954193115
