repetition,optimization,scenario,variant_counts,scale_factors,original_pipeline,analysis_result_with_opt_rule,analysis_result_without_opt_rule,analysis_result_without_any_opt
0,filter_addition_push_up,average,4,1.5,1017.6253318786621,1452.7208805084229,2445.502996444702,4513.562917709351
1,filter_addition_push_up,average,4,1.5,1010.4100704193115,1480.0970554351807,2436.856985092163,4310.9447956085205
2,filter_addition_push_up,average,4,1.5,1124.9055862426758,1772.2809314727783,2665.511131286621,5287.044048309326
3,filter_addition_push_up,average,4,1.5,1113.0127906799316,1566.5192604064941,2583.2459926605225,4547.261953353882
4,filter_addition_push_up,average,4,1.5,1103.1115055084229,1676.9726276397705,2594.6691036224365,5760.406017303467
5,filter_addition_push_up,average,4,1.5,1066.983699798584,1539.0050411224365,3279.1998386383057,4976.246118545532
6,filter_addition_push_up,average,4,1.5,1304.9299716949463,1870.3861236572266,3107.5289249420166,4870.187044143677
