repetition,optimization,scenario,variant_counts,scale_factors,original_pipeline,analysis_result_with_opt_rule,analysis_result_without_opt_rule,analysis_result_without_any_opt
0,filter_addition_push_up,worst_wo_original,2,1.0,1002.6857852935791,992.2258853912354,141.57867431640625,145.9195613861084
1,filter_addition_push_up,worst_wo_original,2,1.0,985.4171276092529,988.5528087615967,123.30222129821777,128.91292572021484
2,filter_addition_push_up,worst_wo_original,2,1.0,982.017993927002,992.5839900970459,160.05516052246094,165.92812538146973
3,filter_addition_push_up,worst_wo_original,2,1.0,986.53244972229,989.4604682922363,109.73501205444336,115.67926406860352
4,filter_addition_push_up,worst_wo_original,2,1.0,987.0579242706299,988.7838363647461,117.58065223693848,121.99234962463379
5,filter_addition_push_up,worst_wo_original,2,1.0,979.3012142181396,1173.902988433838,130.18274307250977,133.96978378295898
6,filter_addition_push_up,worst_wo_original,2,1.0,969.3384170532227,972.9630947113037,124.01890754699707,128.93962860107422
