repetition,optimization,scenario,variant_counts,scale_factors,original_pipeline,analysis_result_with_reuse_opt_rule,analysis_result_with_push_up_opt_rule,analysis_result_without_opt_rule,analysis_result_without_any_opt
0,udf_split_and_reuse,ideal,2,1.0,34.94715690612793,1195.0011253356934,1245.7828521728516,1051.8529415130615,1078.869104385376
1,udf_split_and_reuse,ideal,2,1.0,29.073238372802734,1009.5176696777344,990.6141757965088,1061.1257553100586,1026.7431735992432
2,udf_split_and_reuse,ideal,2,1.0,25.581836700439453,986.1183166503906,1037.513017654419,1062.3538494110107,1228.034257888794
3,udf_split_and_reuse,ideal,2,1.0,25.515079498291016,1004.539966583252,1033.46586227417,1034.9082946777344,1060.8630180358887
4,udf_split_and_reuse,ideal,2,1.0,33.13016891479492,1219.2530632019043,1378.2682418823242,1259.74702835083,1071.4490413665771
5,udf_split_and_reuse,ideal,2,1.0,30.34520149230957,1160.3100299835205,1270.0600624084473,1107.3307991027832,1051.90110206604
6,udf_split_and_reuse,ideal,2,1.0,30.360937118530273,1278.6529064178467,1168.8168048858643,1258.324146270752,1205.6622505187988
