repetition,optimization,scenario,variant_counts,data_size,original_pipeline,analysis_result_with_reuse_opt_rule,analysis_result_with_push_up_opt_rule,analysis_result_without_opt_rule,analysis_result_without_any_opt
0,udf_split_and_reuse,worst_constant,2,10000,14.867544174194336,27.421236038208008,27.13775634765625,29.540061950683594,42.20271110534668
1,udf_split_and_reuse,worst_constant,2,10000,15.961647033691406,24.919986724853516,27.580976486206055,32.048940658569336,46.736717224121094
2,udf_split_and_reuse,worst_constant,2,10000,14.493703842163086,23.560047149658203,26.554107666015625,25.44689178466797,46.5998649597168
3,udf_split_and_reuse,worst_constant,2,10000,15.046119689941406,23.96106719970703,22.340774536132812,28.06711196899414,41.258811950683594
4,udf_split_and_reuse,worst_constant,2,10000,13.946771621704102,24.25098419189453,24.551868438720703,27.311086654663086,39.71409797668457
5,udf_split_and_reuse,worst_constant,2,10000,15.451192855834961,24.426937103271484,28.447866439819336,29.527902603149414,45.89581489562988
6,udf_split_and_reuse,worst_constant,2,10000,14.111757278442383,24.557828903198242,23.876190185546875,25.654077529907227,44.04878616333008
