repetition,optimization,scenario,variant_counts,data_size,original_pipeline,analysis_result_with_reuse_opt_rule,analysis_result_with_push_up_opt_rule,analysis_result_without_opt_rule,analysis_result_without_any_opt
0,udf_split_and_reuse,worst_constant,4,100000,103.72257232666016,166.42212867736816,170.6690788269043,241.81604385375977,549.0789413452148
1,udf_split_and_reuse,worst_constant,4,100000,103.45458984375,166.51606559753418,173.00820350646973,230.02004623413086,547.6160049438477
2,udf_split_and_reuse,worst_constant,4,100000,104.74538803100586,165.3292179107666,173.05803298950195,230.68594932556152,558.5310459136963
3,udf_split_and_reuse,worst_constant,4,100000,102.6918888092041,168.0908203125,169.6770191192627,233.9489459991455,559.9780082702637
4,udf_split_and_reuse,worst_constant,4,100000,101.42374038696289,159.62982177734375,165.90213775634766,229.0050983428955,551.5549182891846
5,udf_split_and_reuse,worst_constant,4,100000,111.64236068725586,174.42989349365234,171.33307456970215,233.35909843444824,553.0920028686523
6,udf_split_and_reuse,worst_constant,4,100000,104.86912727355957,172.4259853363037,167.41299629211426,231.24313354492188,549.9258041381836
