repetition,optimization,scenario,variant_counts,data_size,original_pipeline,analysis_result_with_opt_rule,analysis_result_without_opt_rule,analysis_result_without_any_opt
0,operator_deletion_filter_push_up,worst_safety_too_defensive,8,1000,55.776357650756836,1346.7798233032227,1292.8729057312012,1360.0208759307861
1,operator_deletion_filter_push_up,worst_safety_too_defensive,8,1000,220.34430503845215,1394.9530124664307,1397.0067501068115,1473.6828804016113
2,operator_deletion_filter_push_up,worst_safety_too_defensive,8,1000,67.87443161010742,1319.6742534637451,1286.257266998291,1336.6899490356445
3,operator_deletion_filter_push_up,worst_safety_too_defensive,8,1000,66.0712718963623,1301.7127513885498,1314.1589164733887,1382.3530673980713
4,operator_deletion_filter_push_up,worst_safety_too_defensive,8,1000,69.63753700256348,1354.773998260498,1387.8650665283203,1418.6182022094727
5,operator_deletion_filter_push_up,worst_safety_too_defensive,8,1000,75.26183128356934,1386.955976486206,1381.4191818237305,1472.6638793945312
6,operator_deletion_filter_push_up,worst_safety_too_defensive,8,1000,71.69103622436523,1348.9139080047607,1395.5199718475342,1412.6899242401123
