repetition,optimization,scenario,variant_counts,scale_factors,original_pipeline,analysis_result_with_reuse_opt_rule,analysis_result_with_push_up_opt_rule,analysis_result_without_opt_rule,analysis_result_without_any_opt
0,udf_split_and_reuse,worst_w_safety,4,1.0,88.3333683013916,991.5099143981934,976.9251346588135,1101.9001007080078,1317.3582553863525
1,udf_split_and_reuse,worst_w_safety,4,1.0,89.5688533782959,980.2770614624023,994.0011501312256,1105.3171157836914,1297.52516746521
2,udf_split_and_reuse,worst_w_safety,4,1.0,88.82260322570801,985.9480857849121,1003.6311149597168,1097.3131656646729,1310.4681968688965
3,udf_split_and_reuse,worst_w_safety,4,1.0,82.40532875061035,983.2820892333984,1037.2090339660645,1228.212833404541,1309.6930980682373
4,udf_split_and_reuse,worst_w_safety,4,1.0,83.4658145904541,1099.1079807281494,986.4790439605713,1125.114917755127,1320.3818798065186
5,udf_split_and_reuse,worst_w_safety,4,1.0,85.62374114990234,1011.1019611358643,985.0678443908691,1116.2021160125732,1310.896873474121
6,udf_split_and_reuse,worst_w_safety,4,1.0,83.70757102966309,985.8486652374268,987.6806735992432,1124.0990161895752,1342.3123359680176
