repetition,optimization,scenario,variant_counts,data_size,original_pipeline,analysis_result_with_opt_rule,analysis_result_without_opt_rule,analysis_result_without_any_opt
0,projection_push_up,ideal,8,2000,325.34337043762207,325.0901699066162,2419.5919036865234,2199.414014816284
1,projection_push_up,ideal,8,2000,254.03404235839844,427.9029369354248,2273.7131118774414,2753.621816635132
2,projection_push_up,ideal,8,2000,327.13770866394043,367.66695976257324,2409.3730449676514,2517.177104949951
3,projection_push_up,ideal,8,2000,302.25419998168945,299.12877082824707,2685.720682144165,2836.3890647888184
4,projection_push_up,ideal,8,2000,303.2259941101074,322.1580982208252,1978.2519340515137,2477.8740406036377
5,projection_push_up,ideal,8,2000,312.25109100341797,349.57385063171387,2372.755765914917,2492.1462535858154
6,projection_push_up,ideal,8,2000,376.3706684112549,376.6601085662842,2350.38685798645,2558.889865875244
