repetition,optimization,scenario,variant_counts,data_size,original_pipeline,analysis_result_with_opt_rule,analysis_result_without_opt_rule,analysis_result_without_any_opt
0,operator_deletion_filter_push_up,worst_w_safety,6,2000,77.86035537719727,394.838809967041,384.2921257019043,450.9141445159912
1,operator_deletion_filter_push_up,worst_w_safety,6,2000,85.54458618164062,501.74427032470703,493.5448169708252,559.6468448638916
2,operator_deletion_filter_push_up,worst_w_safety,6,2000,95.81875801086426,459.6428871154785,456.6679000854492,537.0831489562988
3,operator_deletion_filter_push_up,worst_w_safety,6,2000,70.84012031555176,345.9892272949219,346.42481803894043,419.389009475708
4,operator_deletion_filter_push_up,worst_w_safety,6,2000,199.66816902160645,365.75984954833984,364.9718761444092,411.4077091217041
5,operator_deletion_filter_push_up,worst_w_safety,6,2000,77.26573944091797,357.4938774108887,354.2611598968506,425.77409744262695
6,operator_deletion_filter_push_up,worst_w_safety,6,2000,77.33464241027832,408.71405601501465,402.9240608215332,475.83603858947754
