repetition,optimization,scenario,variant_counts,scale_factors,original_pipeline,analysis_result_with_opt_rule,analysis_result_without_opt_rule,analysis_result_without_any_opt
0,filter_addition_push_up,worst_w_original,4,1.0,974.1871356964111,1085.5166912078857,1229.154109954834,1536.492109298706
1,filter_addition_push_up,worst_w_original,4,1.0,1122.1752166748047,1022.5720405578613,1139.0841007232666,1277.6310443878174
2,filter_addition_push_up,worst_w_original,4,1.0,1057.8417778015137,1122.6811408996582,1349.910020828247,1360.6150150299072
3,filter_addition_push_up,worst_w_original,4,1.0,1042.428970336914,970.947265625,1019.7408199310303,1162.5280380249023
4,filter_addition_push_up,worst_w_original,4,1.0,1207.8261375427246,1119.9300289154053,1253.058671951294,1308.122158050537
5,filter_addition_push_up,worst_w_original,4,1.0,954.3471336364746,934.5719814300537,1137.8939151763916,1416.9516563415527
6,filter_addition_push_up,worst_w_original,4,1.0,1155.3730964660645,1139.9857997894287,1510.0347995758057,1667.917013168335
