repetition,optimization,scenario,variant_counts,scale_factors,original_pipeline,analysis_result_with_opt_rule,analysis_result_without_opt_rule,analysis_result_without_any_opt
0,filter_addition_push_up,average,10,1.0,567.1429634094238,1168.687105178833,2794.4495677948,5541.316509246826
1,filter_addition_push_up,average,10,1.0,562.5631809234619,1141.801118850708,2790.7044887542725,5505.411863327026
2,filter_addition_push_up,average,10,1.0,569.373369216919,1164.599895477295,2843.9505100250244,5560.144662857056
3,filter_addition_push_up,average,10,1.0,572.0372200012207,1173.0351448059082,2866.6467666625977,5615.8201694488525
4,filter_addition_push_up,average,10,1.0,576.3742923736572,1173.8700866699219,2899.822473526001,5534.914493560791
5,filter_addition_push_up,average,10,1.0,573.8546848297119,1172.2023487091064,2918.7064170837402,5602.738380432129
6,filter_addition_push_up,average,10,1.0,574.7058391571045,1160.9456539154053,2911.273241043091,5594.2254066467285
