repetition,optimization,scenario,variant_counts,data_size,original_pipeline,analysis_result_with_reuse_opt_rule,analysis_result_with_push_up_opt_rule,analysis_result_without_opt_rule,analysis_result_without_any_opt
0,udf_split_and_reuse,average,2,200000,516.4926052093506,631.5159797668457,628.6351680755615,913.7992858886719,1262.7930641174316
1,udf_split_and_reuse,average,2,200000,515.5050754547119,620.9781169891357,641.2780284881592,911.5898609161377,1261.2030506134033
2,udf_split_and_reuse,average,2,200000,513.8044357299805,631.2451362609863,638.9250755310059,921.9450950622559,1248.5661506652832
3,udf_split_and_reuse,average,2,200000,523.4529972076416,631.5901279449463,656.7471027374268,909.1999530792236,1246.7336654663086
4,udf_split_and_reuse,average,2,200000,508.6812973022461,644.9477672576904,638.3280754089355,909.8291397094727,1274.0662097930908
5,udf_split_and_reuse,average,2,200000,529.888391494751,635.0700855255127,640.894889831543,952.7881145477295,1276.1540412902832
6,udf_split_and_reuse,average,2,200000,511.41834259033203,631.5689086914062,650.8688926696777,923.1889247894287,1256.7338943481445
