repetition,optimization,scenario,variant_counts,scale_factors,original_pipeline,analysis_result_with_reuse_opt_rule,analysis_result_with_push_up_opt_rule,analysis_result_without_opt_rule,analysis_result_without_any_opt
0,udf_split_and_reuse,worst_w_safety,4,0.5,57.028770446777344,562.0107650756836,518.233060836792,619.9517250061035,716.7830467224121
1,udf_split_and_reuse,worst_w_safety,4,0.5,54.95333671569824,536.8859767913818,571.1841583251953,657.4652194976807,717.1120643615723
2,udf_split_and_reuse,worst_w_safety,4,0.5,52.95085906982422,521.9101905822754,521.9931602478027,600.3668308258057,719.7690010070801
3,udf_split_and_reuse,worst_w_safety,4,0.5,58.09330940246582,610.3188991546631,561.4418983459473,639.1410827636719,758.6901187896729
4,udf_split_and_reuse,worst_w_safety,4,0.5,83.19878578186035,578.0270099639893,684.4449043273926,598.1869697570801,714.3568992614746
5,udf_split_and_reuse,worst_w_safety,4,0.5,57.24811553955078,534.8973274230957,521.7838287353516,593.914270401001,736.5260124206543
6,udf_split_and_reuse,worst_w_safety,4,0.5,53.03049087524414,535.0382328033447,545.5286502838135,604.4762134552002,749.65500831604
