repetition,optimization,scenario,variant_counts,scale_factors,original_pipeline,analysis_result_with_reuse_opt_rule,analysis_result_with_push_up_opt_rule,analysis_result_without_opt_rule,analysis_result_without_any_opt
0,udf_split_and_reuse,worst_constant,2,1.0,368.98350715637207,620.6636428833008,632.3177814483643,683.5932731628418,1016.261100769043
1,udf_split_and_reuse,worst_constant,2,1.0,354.4921875,648.0910778045654,630.9738159179688,683.1438541412354,998.4781742095947
2,udf_split_and_reuse,worst_constant,2,1.0,362.32519149780273,612.4460697174072,631.371021270752,681.3440322875977,1003.6790370941162
3,udf_split_and_reuse,worst_constant,2,1.0,368.9398765563965,624.1452693939209,629.896879196167,671.522855758667,1009.5679759979248
4,udf_split_and_reuse,worst_constant,2,1.0,357.11073875427246,644.6359157562256,632.2948932647705,679.2910099029541,1013.2310390472412
5,udf_split_and_reuse,worst_constant,2,1.0,357.3346138000488,617.7158355712891,628.5791397094727,692.9647922515869,988.1231784820557
6,udf_split_and_reuse,worst_constant,2,1.0,358.6084842681885,621.8180656433105,636.2128257751465,676.5062808990479,1001.3828277587891
