repetition,optimization,scenario,variant_counts,scale_factors,original_pipeline,analysis_result_with_opt_rule,analysis_result_without_opt_rule,analysis_result_without_any_opt
0,projection_push_up,worst,4,1.0,460.874080657959,928.272008895874,1243.7629699707031,2619.273900985718
1,projection_push_up,worst,4,1.0,462.6193046569824,905.6248664855957,1246.5269565582275,2631.1581134796143
2,projection_push_up,worst,4,1.0,458.13894271850586,904.1800498962402,1245.3997135162354,2610.116720199585
3,projection_push_up,worst,4,1.0,459.43570137023926,898.2861042022705,1266.6168212890625,2632.46488571167
4,projection_push_up,worst,4,1.0,464.95509147644043,904.4969081878662,1237.1020317077637,2647.9289531707764
5,projection_push_up,worst,4,1.0,467.2107696533203,905.8990478515625,1233.9470386505127,2620.398998260498
6,projection_push_up,worst,4,1.0,456.040620803833,927.3679256439209,1248.462200164795,2638.950824737549
