repetition,optimization,scenario,variant_counts,scale_factors,original_pipeline,analysis_result_with_reuse_opt_rule,analysis_result_with_push_up_opt_rule,analysis_result_without_opt_rule,analysis_result_without_any_opt
0,udf_split_and_reuse,ideal,10,1.0,13.05842399597168,974.16090965271,8592.142105102539,8707.016944885254,8787.664413452148
1,udf_split_and_reuse,ideal,10,1.0,13.813018798828125,978.5990715026855,8621.381044387817,8685.12773513794,8760.457992553711
2,udf_split_and_reuse,ideal,10,1.0,13.159036636352539,975.6710529327393,8635.668754577637,8749.009847640991,8767.727136611938
3,udf_split_and_reuse,ideal,10,1.0,12.790203094482422,977.6227474212646,8681.692123413086,8750.08249282837,8827.961683273315
4,udf_split_and_reuse,ideal,10,1.0,13.422966003417969,979.6593189239502,8662.240982055664,8742.55657196045,8814.861059188843
5,udf_split_and_reuse,ideal,10,1.0,13.145208358764648,973.2599258422852,8609.955310821533,8729.077339172363,8779.44564819336
6,udf_split_and_reuse,ideal,10,1.0,12.667417526245117,975.3539562225342,8664.910554885864,8792.040586471558,8853.525161743164
