repetition,optimization,scenario,variant_counts,data_size,original_pipeline,analysis_result_with_opt_rule,analysis_result_without_opt_rule,analysis_result_without_any_opt
0,projection_push_up,average,2,100000,249.9837875366211,311.4800453186035,440.89698791503906,596.4100360870361
1,projection_push_up,average,2,100000,247.69878387451172,366.24693870544434,441.159725189209,588.5970592498779
2,projection_push_up,average,2,100000,261.9483470916748,348.2937812805176,458.0538272857666,604.6788692474365
3,projection_push_up,average,2,100000,241.072416305542,305.94897270202637,419.8729991912842,616.6679859161377
4,projection_push_up,average,2,100000,244.98653411865234,311.1402988433838,429.1353225708008,602.6382446289062
5,projection_push_up,average,2,100000,254.81486320495605,308.05397033691406,427.1888732910156,616.2340641021729
6,projection_push_up,average,2,100000,240.9224510192871,315.6781196594238,429.19301986694336,605.4539680480957
