repetition,optimization,scenario,variant_counts,scale_factors,original_pipeline,analysis_result_with_opt_rule,analysis_result_without_opt_rule,analysis_result_without_any_opt
0,filter_addition_push_up,ideal,6,1.0,970.9391593933105,983.4017753601074,5795.428276062012,5538.822174072266
1,filter_addition_push_up,ideal,6,1.0,1007.5259208679199,1023.2234001159668,5841.35103225708,6249.082803726196
2,filter_addition_push_up,ideal,6,1.0,965.9407138824463,981.3683032989502,5543.797731399536,5921.727657318115
3,filter_addition_push_up,ideal,6,1.0,985.588788986206,991.478443145752,5632.9450607299805,6062.070846557617
4,filter_addition_push_up,ideal,6,1.0,1068.19748878479,1087.4249935150146,6169.471263885498,6299.1907596588135
5,filter_addition_push_up,ideal,6,1.0,956.6709995269775,767.798662185669,4324.864387512207,4484.822034835815
6,filter_addition_push_up,ideal,6,1.0,870.3029155731201,873.2073307037354,4934.03959274292,5334.133625030518
