repetition,optimization,scenario,variant_counts,scale_factors,original_pipeline,analysis_result_with_opt_rule,analysis_result_without_opt_rule,analysis_result_without_any_opt
0,projection_push_up,worst,4,2.0,986.2754344940186,4058.310031890869,4558.166980743408,4400.440454483032
1,projection_push_up,worst,4,2.0,1088.1872177124023,4128.056049346924,4172.0898151397705,4093.9981937408447
2,projection_push_up,worst,4,2.0,1040.9843921661377,4071.6869831085205,4028.529644012451,4249.0081787109375
3,projection_push_up,worst,4,2.0,1056.7913055419922,4105.627775192261,4149.825096130371,4922.034502029419
4,projection_push_up,worst,4,2.0,1035.2261066436768,4130.351305007935,4147.794246673584,4439.248561859131
5,projection_push_up,worst,4,2.0,1084.7570896148682,3987.9884719848633,4312.74938583374,4342.81587600708
6,projection_push_up,worst,4,2.0,1098.2565879821777,4196.092128753662,4109.525680541992,4216.531753540039
