repetition,optimization,scenario,variant_counts,data_size,analysis_result_with_reuse_opt_rule,analysis_result_with_push_up_opt_rule,analysis_result_without_opt_rule,analysis_result_without_any_opt
0,udf_split_and_reuse,worst_constant,2,100000,137.96520233154297,154.66761589050293,173.42209815979004,292.3402786254883
1,udf_split_and_reuse,worst_constant,2,100000,148.97894859313965,148.7269401550293,173.37584495544434,282.29403495788574
2,udf_split_and_reuse,worst_constant,2,100000,142.87185668945312,148.74792098999023,164.8252010345459,284.7330570220947
3,udf_split_and_reuse,worst_constant,2,100000,144.1948413848877,149.37901496887207,171.81086540222168,276.6990661621094
4,udf_split_and_reuse,worst_constant,2,100000,139.04690742492676,167.10615158081055,175.2450466156006,286.6840362548828
5,udf_split_and_reuse,worst_constant,2,100000,145.5850601196289,147.02105522155762,169.97623443603516,280.4107666015625
6,udf_split_and_reuse,worst_constant,2,100000,137.6030445098877,149.11413192749023,173.54106903076172,327.70681381225586
