repetition,optimization,scenario,variant_counts,scale_factors,original_pipeline,analysis_result_with_opt_rule,analysis_result_without_opt_rule,analysis_result_without_any_opt
0,operator_deletion_filter_push_up,ideal,4,2.0,4037.795066833496,4045.3035831451416,15819.91696357727,15977.853059768677
1,operator_deletion_filter_push_up,ideal,4,2.0,3851.022481918335,4018.5534954071045,15449.061870574951,15543.133735656738
2,operator_deletion_filter_push_up,ideal,4,2.0,3817.939043045044,4030.789375305176,15399.537086486816,15379.738092422485
3,operator_deletion_filter_push_up,ideal,4,2.0,4105.289936065674,4049.1700172424316,15671.571969985962,15576.860666275024
4,operator_deletion_filter_push_up,ideal,4,2.0,3799.3738651275635,3975.606679916382,15529.005527496338,15471.89736366272
5,operator_deletion_filter_push_up,ideal,4,2.0,4129.582166671753,4045.0611114501953,16010.285377502441,15840.69275856018
6,operator_deletion_filter_push_up,ideal,4,2.0,3900.167942047119,4091.8538570404053,15712.52965927124,15839.667081832886
