repetition,optimization,scenario,variant_counts,data_size,original_pipeline,analysis_result_with_reuse_opt_rule,analysis_result_with_push_up_opt_rule,analysis_result_without_opt_rule,analysis_result_without_any_opt
0,udf_split_and_reuse,ideal,6,10000,49.745798110961914,820.8730220794678,3754.7409534454346,3790.8549308776855,4153.475999832153
1,udf_split_and_reuse,ideal,6,10000,48.00724983215332,822.8759765625,3659.7111225128174,3765.8531665802,4076.9238471984863
2,udf_split_and_reuse,ideal,6,10000,50.78887939453125,829.0801048278809,3688.282012939453,3968.355894088745,3959.730863571167
3,udf_split_and_reuse,ideal,6,10000,49.147844314575195,817.7361488342285,3687.152862548828,3731.8241596221924,4005.676031112671
4,udf_split_and_reuse,ideal,6,10000,159.6851348876953,842.5750732421875,3650.3071784973145,3766.4692401885986,3980.754852294922
5,udf_split_and_reuse,ideal,6,10000,48.384904861450195,820.0478553771973,3667.7961349487305,3769.7460651397705,4115.214824676514
6,udf_split_and_reuse,ideal,6,10000,48.23184013366699,819.1750049591064,3650.252103805542,3797.394037246704,4004.251003265381
