repetition,optimization,scenario,variant_counts,scale_factors,original_pipeline,analysis_result_with_opt_rule,analysis_result_without_opt_rule,analysis_result_without_any_opt
0,operator_deletion_filter_push_up,worst_wo_safety,6,1.0,63.69376182556152,1063.7319087982178,336.4989757537842,372.06053733825684
1,operator_deletion_filter_push_up,worst_wo_safety,6,1.0,79.33163642883301,1199.1541385650635,438.0483627319336,474.9135971069336
2,operator_deletion_filter_push_up,worst_wo_safety,6,1.0,68.33696365356445,1004.119873046875,386.9287967681885,424.8385429382324
3,operator_deletion_filter_push_up,worst_wo_safety,6,1.0,61.46383285522461,996.0167407989502,348.48713874816895,384.4163417816162
4,operator_deletion_filter_push_up,worst_wo_safety,6,1.0,66.4525032043457,1002.8514862060547,372.56741523742676,408.5965156555176
5,operator_deletion_filter_push_up,worst_wo_safety,6,1.0,63.80653381347656,1001.6696453094482,360.63456535339355,395.6918716430664
6,operator_deletion_filter_push_up,worst_wo_safety,6,1.0,69.79036331176758,1004.0886402130127,391.737699508667,428.9095401763916
