repetition,optimization,scenario,variant_counts,scale_factors,original_pipeline,analysis_result_with_opt_rule,analysis_result_without_opt_rule,analysis_result_without_any_opt
0,projection_push_up,ideal,4,1.0,827.57568359375,850.8989810943604,3327.911853790283,3211.7578983306885
1,projection_push_up,ideal,4,1.0,793.6520576477051,804.5821189880371,3111.382007598877,3209.8047733306885
2,projection_push_up,ideal,4,1.0,826.2078762054443,832.2372436523438,3351.041793823242,3293.081045150757
3,projection_push_up,ideal,4,1.0,861.696720123291,885.7250213623047,3455.0020694732666,3488.8598918914795
4,projection_push_up,ideal,4,1.0,853.0993461608887,860.5947494506836,3444.9329376220703,3421.764135360718
5,projection_push_up,ideal,4,1.0,837.744951248169,851.5970706939697,3247.4119663238525,3356.881856918335
6,projection_push_up,ideal,4,1.0,816.2233829498291,811.0382556915283,3224.1783142089844,3244.235038757324
