repetition,optimization,scenario,variant_counts,scale_factors,original_pipeline,analysis_result_with_reuse_opt_rule,analysis_result_with_push_up_opt_rule,analysis_result_without_opt_rule,analysis_result_without_any_opt
0,udf_split_and_reuse,ideal,4,2.5,24.677038192749023,2293.5752868652344,8504.278421401978,8629.479885101318,8662.479162216187
1,udf_split_and_reuse,ideal,4,2.5,25.794506072998047,2289.562940597534,8494.849681854248,8584.026098251343,8575.891733169556
2,udf_split_and_reuse,ideal,4,2.5,26.206016540527344,2277.4553298950195,8657.993078231812,8642.840385437012,8756.093978881836
3,udf_split_and_reuse,ideal,4,2.5,26.012659072875977,2260.042190551758,8514.321565628052,8582.684755325317,8597.877264022827
4,udf_split_and_reuse,ideal,4,2.5,26.06487274169922,2274.7979164123535,8467.04888343811,8620.107889175415,8612.826585769653
5,udf_split_and_reuse,ideal,4,2.5,26.73053741455078,2262.476682662964,8427.48475074768,8553.208589553833,8646.95405960083
6,udf_split_and_reuse,ideal,4,2.5,26.682376861572266,2266.0324573516846,8480.544805526733,8539.579391479492,8708.53304862976
