repetition,optimization,scenario,variant_counts,data_size,original_pipeline,analysis_result_with_reuse_opt_rule,analysis_result_with_push_up_opt_rule,analysis_result_without_opt_rule,analysis_result_without_any_opt
0,udf_split_and_reuse,average,6,10000,35.903215408325195,79.39004898071289,87.51702308654785,174.55673217773438,273.90289306640625
1,udf_split_and_reuse,average,6,10000,44.937849044799805,89.75791931152344,90.14081954956055,170.18413543701172,278.9487838745117
2,udf_split_and_reuse,average,6,10000,40.20333290100098,80.06000518798828,89.45894241333008,167.70672798156738,293.6089038848877
3,udf_split_and_reuse,average,6,10000,34.92569923400879,85.38413047790527,91.3090705871582,314.78381156921387,275.4030227661133
4,udf_split_and_reuse,average,6,10000,37.084102630615234,87.6321792602539,92.95892715454102,168.43509674072266,303.3261299133301
5,udf_split_and_reuse,average,6,10000,37.65988349914551,86.47489547729492,92.8192138671875,171.0982322692871,295.4978942871094
6,udf_split_and_reuse,average,6,10000,37.3845100402832,78.77826690673828,99.11799430847168,174.1769313812256,277.6648998260498
