repetition,optimization,scenario,variant_counts,scale_factors,original_pipeline,analysis_result_with_reuse_opt_rule,analysis_result_with_push_up_opt_rule,analysis_result_without_opt_rule,analysis_result_without_any_opt
0,udf_split_and_reuse,worst_constant,2,1.0,349.9901294708252,555.5894374847412,554.6984672546387,590.895414352417,872.3151683807373
1,udf_split_and_reuse,worst_constant,2,1.0,349.9174118041992,541.5871143341064,547.6553440093994,569.4878101348877,864.8574352264404
2,udf_split_and_reuse,worst_constant,2,1.0,357.9142093658447,544.5611476898193,546.562910079956,570.2536106109619,861.1776828765869
3,udf_split_and_reuse,worst_constant,2,1.0,352.22363471984863,544.1417694091797,546.3166236877441,572.359561920166,860.194206237793
4,udf_split_and_reuse,worst_constant,2,1.0,350.95977783203125,545.1765060424805,546.2515354156494,571.9501972198486,856.8844795227051
5,udf_split_and_reuse,worst_constant,2,1.0,349.37596321105957,546.7252731323242,550.4910945892334,573.8558769226074,859.8873615264893
6,udf_split_and_reuse,worst_constant,2,1.0,348.10829162597656,542.4914360046387,545.8254814147949,569.0023899078369,854.2544841766357
