repetition,optimization,scenario,variant_counts,scale_factors,original_pipeline,analysis_result_with_reuse_opt_rule,analysis_result_with_push_up_opt_rule,analysis_result_without_opt_rule,analysis_result_without_any_opt
0,udf_split_and_reuse,worst_constant,10,1.0,350.18253326416016,1235.5329990386963,1239.2501831054688,1364.4001483917236,3949.3277072906494
1,udf_split_and_reuse,worst_constant,10,1.0,354.4454574584961,1215.7371044158936,1215.0647640228271,1335.939645767212,3926.9042015075684
2,udf_split_and_reuse,worst_constant,10,1.0,353.69300842285156,1223.4339714050293,1226.5758514404297,1334.5458507537842,3921.793222427368
3,udf_split_and_reuse,worst_constant,10,1.0,352.184534072876,1227.142572402954,1228.7089824676514,1331.402063369751,3929.8622608184814
4,udf_split_and_reuse,worst_constant,10,1.0,350.4981994628906,1223.6666679382324,1222.787618637085,1328.981637954712,3927.990674972534
5,udf_split_and_reuse,worst_constant,10,1.0,352.0853519439697,1223.057746887207,1215.2445316314697,1319.4444179534912,3919.4982051849365
6,udf_split_and_reuse,worst_constant,10,1.0,351.6678810119629,1224.2472171783447,1229.2201519012451,1340.8153057098389,3936.1209869384766
