repetition,optimization,scenario,variant_counts,scale_factors,original_pipeline,analysis_result_with_opt_rule,analysis_result_without_opt_rule,analysis_result_without_any_opt
0,projection_push_up,ideal,4,1.5,2308.9256286621094,2339.733123779297,9235.148191452026,9438.134908676147
1,projection_push_up,ideal,4,1.5,2291.555404663086,2387.238025665283,9387.380838394165,9545.056819915771
2,projection_push_up,ideal,4,1.5,2503.39937210083,2530.927896499634,9914.576292037964,10215.60001373291
3,projection_push_up,ideal,4,1.5,2362.0426654815674,2391.5109634399414,9450.97827911377,9749.960899353027
4,projection_push_up,ideal,4,1.5,2442.22354888916,2539.5798683166504,9618.719100952148,10205.881834030151
5,projection_push_up,ideal,4,1.5,2311.447858810425,2356.2710285186768,9275.180101394653,10031.020879745483
6,projection_push_up,ideal,4,1.5,2611.2098693847656,2604.4750213623047,9706.223964691162,10049.240112304688
