repetition,optimization,scenario,variant_counts,scale_factors,original_pipeline,analysis_result_with_opt_rule,analysis_result_without_opt_rule,analysis_result_without_any_opt
0,projection_push_up,ideal,6,1.0,790.1990413665771,826.8506526947021,4698.0040073394775,4645.442008972168
1,projection_push_up,ideal,6,1.0,835.1843357086182,826.9093036651611,5006.693124771118,5371.1559772491455
2,projection_push_up,ideal,6,1.0,952.3108005523682,906.2161445617676,5454.441070556641,7146.957159042358
3,projection_push_up,ideal,6,1.0,915.1432514190674,935.0578784942627,5356.042146682739,5682.158946990967
4,projection_push_up,ideal,6,1.0,779.9031734466553,958.420991897583,4782.110929489136,4674.64804649353
5,projection_push_up,ideal,6,1.0,840.8353328704834,842.9369926452637,5291.2256717681885,6945.356130599976
6,projection_push_up,ideal,6,1.0,1270.172357559204,1333.7149620056152,6948.078155517578,6708.831071853638
