repetition,optimization,scenario,variant_counts,data_size,analysis_result_with_opt_rule,analysis_result_without_opt_rule,analysis_result_without_any_opt
0,projection_push_up,worst,5,1000,27.118921279907227,31.744956970214844,48.792123794555664
1,projection_push_up,worst,5,1000,26.114940643310547,30.11012077331543,47.64103889465332
2,projection_push_up,worst,5,1000,25.964975357055664,30.50708770751953,45.13883590698242
3,projection_push_up,worst,5,1000,24.174928665161133,30.098915100097656,44.65675354003906
4,projection_push_up,worst,5,1000,25.377988815307617,30.852794647216797,45.1810359954834
5,projection_push_up,worst,5,1000,25.02274513244629,29.99711036682129,45.178890228271484
6,projection_push_up,worst,5,1000,28.116941452026367,30.83014488220215,44.94190216064453
