repetition,optimization,scenario,variant_counts,scale_factors,original_pipeline,analysis_result_with_reuse_opt_rule,analysis_result_with_push_up_opt_rule,analysis_result_without_opt_rule,analysis_result_without_any_opt
0,udf_split_and_reuse,ideal,2,1.0,30.23362159729004,995.0828552246094,969.8066711425781,1033.0588817596436,1136.5830898284912
1,udf_split_and_reuse,ideal,2,1.0,31.732559204101562,1118.408203125,1003.5760402679443,1049.70383644104,1043.4839725494385
2,udf_split_and_reuse,ideal,2,1.0,31.050682067871094,1018.2640552520752,1005.7699680328369,1028.9530754089355,1056.2069416046143
3,udf_split_and_reuse,ideal,2,1.0,28.298616409301758,1023.3569145202637,993.5641288757324,1036.0331535339355,1058.9148998260498
4,udf_split_and_reuse,ideal,2,1.0,25.920867919921875,980.1359176635742,1014.7771835327148,1006.0610771179199,1054.3241500854492
5,udf_split_and_reuse,ideal,2,1.0,27.726411819458008,1008.7218284606934,1017.1692371368408,999.0170001983643,1075.4680633544922
6,udf_split_and_reuse,ideal,2,1.0,32.59754180908203,990.135669708252,1091.9041633605957,987.0269298553467,988.9309406280518
