repetition,optimization,scenario,variant_counts,scale_factors,original_pipeline,analysis_result_with_opt_rule,analysis_result_without_opt_rule,analysis_result_without_any_opt
0,projection_push_up,ideal,10,1.0,854.1927337646484,886.4250183105469,8239.32671546936,8152.87709236145
1,projection_push_up,ideal,10,1.0,911.6990566253662,943.7808990478516,9046.213150024414,9211.923837661743
2,projection_push_up,ideal,10,1.0,953.0317783355713,997.9124069213867,9310.758590698242,9879.578828811646
3,projection_push_up,ideal,10,1.0,871.3400363922119,908.2658290863037,8445.113182067871,8880.208492279053
4,projection_push_up,ideal,10,1.0,969.301700592041,1004.509449005127,9519.663572311401,9947.15142250061
5,projection_push_up,ideal,10,1.0,934.7963333129883,984.7335815429688,9247.46036529541,9719.681024551392
6,projection_push_up,ideal,10,1.0,897.010087966919,932.2342872619629,8925.275325775146,9031.49676322937
