repetition,optimization,scenario,variant_counts,data_size,analysis_result_with_opt_rule,analysis_result_without_opt_rule,analysis_result_without_any_opt
0,projection_push_up,worst,2,1000,13.650894165039062,14.261007308959961,18.86916160583496
1,projection_push_up,worst,2,1000,13.351202011108398,14.764785766601562,19.10400390625
2,projection_push_up,worst,2,1000,13.633966445922852,14.904022216796875,19.392967224121094
3,projection_push_up,worst,2,1000,12.910842895507812,14.606952667236328,19.696950912475586
4,projection_push_up,worst,2,1000,13.318777084350586,14.156103134155273,19.029855728149414
5,projection_push_up,worst,2,1000,13.221263885498047,13.982057571411133,17.91524887084961
6,projection_push_up,worst,2,1000,12.38107681274414,14.512062072753906,17.773151397705078
