repetition,optimization,scenario,variant_counts,scale_factors,original_pipeline,analysis_result_with_opt_rule,analysis_result_without_opt_rule,analysis_result_without_any_opt
0,filter_addition_push_up,average,2,1.0,733.9317798614502,870.7871437072754,1115.441083908081,1544.1510677337646
1,filter_addition_push_up,average,2,1.0,731.2648296356201,869.3912029266357,1118.4499263763428,1551.6700744628906
2,filter_addition_push_up,average,2,1.0,731.4274311065674,872.528076171875,1137.7050876617432,1552.6401996612549
3,filter_addition_push_up,average,2,1.0,725.5992889404297,874.3181228637695,1175.304889678955,1626.7788410186768
4,filter_addition_push_up,average,2,1.0,752.2299289703369,874.7298717498779,1215.6178951263428,1593.5430526733398
5,filter_addition_push_up,average,2,1.0,738.3806705474854,883.181095123291,1142.8108215332031,1578.0880451202393
6,filter_addition_push_up,average,2,1.0,717.212438583374,885.7109546661377,1132.3959827423096,1592.698097229004
