repetition,optimization,scenario,variant_counts,scale_factors,original_pipeline,analysis_result_with_reuse_opt_rule,analysis_result_with_push_up_opt_rule,analysis_result_without_opt_rule,analysis_result_without_any_opt
0,udf_split_and_reuse,worst_wo_safety,6,1.0,13.541221618652344,949.5911598205566,305.93395233154297,358.1809997558594,392.77124404907227
1,udf_split_and_reuse,worst_wo_safety,6,1.0,14.132261276245117,948.1091499328613,301.98168754577637,354.2335033416748,392.4741744995117
2,udf_split_and_reuse,worst_wo_safety,6,1.0,13.631343841552734,946.8777179718018,302.9491901397705,355.863094329834,389.8963928222656
3,udf_split_and_reuse,worst_wo_safety,6,1.0,13.569831848144531,950.2675533294678,304.6133518218994,354.6168804168701,387.83860206604004
4,udf_split_and_reuse,worst_wo_safety,6,1.0,13.385534286499023,951.491117477417,304.27098274230957,354.7022342681885,394.4051265716553
5,udf_split_and_reuse,worst_wo_safety,6,1.0,14.035463333129883,951.5256881713867,306.64634704589844,358.9928150177002,395.54667472839355
6,udf_split_and_reuse,worst_wo_safety,6,1.0,13.765096664428711,949.378490447998,305.59229850769043,358.1686019897461,392.8048610687256
