repetition,optimization,scenario,variant_counts,scale_factors,original_pipeline,analysis_result_with_opt_rule,analysis_result_without_opt_rule,analysis_result_without_any_opt
0,projection_push_up,average,8,1.0,555.966854095459,905.8098793029785,2869.6069717407227,4817.008972167969
1,projection_push_up,average,8,1.0,540.87233543396,904.8769474029541,2858.2820892333984,4812.741756439209
2,projection_push_up,average,8,1.0,562.5717639923096,937.4501705169678,2915.705680847168,4908.649682998657
3,projection_push_up,average,8,1.0,562.4098777770996,913.1059646606445,3146.9452381134033,4864.170551300049
4,projection_push_up,average,8,1.0,550.2901077270508,913.5055541992188,2909.651517868042,4871.434211730957
5,projection_push_up,average,8,1.0,546.2288856506348,914.548397064209,2912.524938583374,4847.531080245972
6,projection_push_up,average,8,1.0,547.544002532959,905.9228897094727,2905.553102493286,4841.639518737793
