repetition,optimization,scenario,variant_counts,scale_factors,original_pipeline,analysis_result_with_opt_rule,analysis_result_without_opt_rule,analysis_result_without_any_opt
0,filter_addition_push_up,average,4,4.0,2555.668354034424,3295.1786518096924,6369.155168533325,9853.105306625366
1,filter_addition_push_up,average,4,4.0,2495.6154823303223,3325.5438804626465,6382.567405700684,9838.672876358032
2,filter_addition_push_up,average,4,4.0,2529.3471813201904,3317.603349685669,6377.43616104126,9761.796236038208
3,filter_addition_push_up,average,4,4.0,2499.4475841522217,3265.657663345337,6370.40901184082,9752.302885055542
4,filter_addition_push_up,average,4,4.0,2469.180107116699,3271.949529647827,6376.35350227356,9754.347801208496
5,filter_addition_push_up,average,4,4.0,2479.8152446746826,3263.7548446655273,6335.280895233154,10039.527654647827
6,filter_addition_push_up,average,4,4.0,2447.469472885132,3259.0601444244385,6356.523036956787,9769.758462905884
