repetition,optimization,scenario,variant_counts,scale_factors,original_pipeline,analysis_result_with_reuse_opt_rule,analysis_result_with_push_up_opt_rule,analysis_result_without_opt_rule,analysis_result_without_any_opt
0,udf_split_and_reuse,average,10,1.0,223.5398292541504,1828.2759189605713,1984.6744537353516,2023.5381126403809,2661.952257156372
1,udf_split_and_reuse,average,10,1.0,219.8657989501953,1783.2977771759033,1935.5177879333496,1986.889362335205,2624.8695850372314
2,udf_split_and_reuse,average,10,1.0,222.93877601623535,1804.5668601989746,1962.3582363128662,2010.694980621338,2668.7071323394775
3,udf_split_and_reuse,average,10,1.0,217.98968315124512,1771.9206809997559,1904.8130512237549,2006.9501399993896,2631.2124729156494
4,udf_split_and_reuse,average,10,1.0,225.8913516998291,1824.2924213409424,1996.3533878326416,1984.079360961914,2651.7035961151123
5,udf_split_and_reuse,average,10,1.0,222.66435623168945,1797.020435333252,1980.407953262329,2024.2295265197754,2670.2370643615723
6,udf_split_and_reuse,average,10,1.0,223.0358123779297,1811.8987083435059,1938.4129047393799,1969.3467617034912,2622.5192546844482
