repetition,optimization,scenario,variant_counts,data_size,original_pipeline,analysis_result_with_reuse_opt_rule,analysis_result_with_push_up_opt_rule,analysis_result_without_opt_rule,analysis_result_without_any_opt
0,udf_split_and_reuse,worst_wo_safety,2,100000,130.17606735229492,7062.927007675171,866.4970397949219,925.9600639343262,1036.1757278442383
1,udf_split_and_reuse,worst_wo_safety,2,100000,129.46271896362305,6996.062994003296,839.5698070526123,929.006814956665,1036.6489887237549
2,udf_split_and_reuse,worst_wo_safety,2,100000,127.06637382507324,6960.402011871338,820.0540542602539,923.6412048339844,1015.3369903564453
3,udf_split_and_reuse,worst_wo_safety,2,100000,139.3563747406006,7528.327226638794,1155.3521156311035,1337.174892425537,1424.5758056640625
4,udf_split_and_reuse,worst_wo_safety,2,100000,136.7943286895752,7104.156732559204,850.1782417297363,951.6279697418213,1020.3027725219727
5,udf_split_and_reuse,worst_wo_safety,2,100000,128.8928985595703,7014.653205871582,865.034818649292,933.0036640167236,1018.2790756225586
6,udf_split_and_reuse,worst_wo_safety,2,100000,136.8088722229004,7072.077035903931,841.8958187103271,937.3390674591064,1034.9550247192383
