repetition,optimization,scenario,variant_counts,data_size,original_pipeline,analysis_result_with_reuse_opt_rule,analysis_result_with_push_up_opt_rule,analysis_result_without_opt_rule,analysis_result_without_any_opt
0,udf_split_and_reuse,average,2,10000,59.04507637023926,112.0920181274414,69.50688362121582,92.61798858642578,135.04600524902344
1,udf_split_and_reuse,average,2,10000,42.908430099487305,63.610076904296875,68.06087493896484,86.9910717010498,117.55013465881348
2,udf_split_and_reuse,average,2,10000,44.7850227355957,77.74472236633301,76.52091979980469,91.01104736328125,130.57994842529297
3,udf_split_and_reuse,average,2,10000,40.340423583984375,63.82417678833008,68.49288940429688,95.29399871826172,121.95038795471191
4,udf_split_and_reuse,average,2,10000,45.78709602355957,65.08779525756836,74.42474365234375,89.90812301635742,101.34387016296387
5,udf_split_and_reuse,average,2,10000,42.20914840698242,60.079097747802734,64.96977806091309,92.03982353210449,119.90118026733398
6,udf_split_and_reuse,average,2,10000,39.37363624572754,62.58201599121094,65.71412086486816,83.79912376403809,106.97078704833984
