repetition,optimization,scenario,variant_counts,data_size,original_pipeline,analysis_result_with_opt_rule,analysis_result_without_opt_rule,analysis_result_without_any_opt
0,operator_deletion_filter_push_up,average,8,10000,37.86826133728027,110.7480525970459,160.3410243988037,327.9588222503662
1,operator_deletion_filter_push_up,average,8,10000,39.241790771484375,110.5802059173584,163.27214241027832,338.99903297424316
2,operator_deletion_filter_push_up,average,8,10000,38.648366928100586,112.16211318969727,159.88922119140625,336.18688583374023
3,operator_deletion_filter_push_up,average,8,10000,37.95194625854492,108.41703414916992,171.42105102539062,327.38304138183594
4,operator_deletion_filter_push_up,average,8,10000,38.297414779663086,108.44278335571289,162.29724884033203,331.8960666656494
5,operator_deletion_filter_push_up,average,8,10000,38.25521469116211,111.52505874633789,156.68916702270508,368.74914169311523
6,operator_deletion_filter_push_up,average,8,10000,38.07544708251953,105.18121719360352,158.09202194213867,466.5331840515137
