repetition,optimization,scenario,variant_counts,data_size,original_pipeline,analysis_result_with_opt_rule,analysis_result_without_opt_rule,analysis_result_without_any_opt
0,filter_addition_push_up,worst_w_original,4,5000,1444.1335201263428,1424.677848815918,1570.3880786895752,1787.0988845825195
1,filter_addition_push_up,worst_w_original,4,5000,1315.2031898498535,1331.1281204223633,1392.1630382537842,1628.9889812469482
2,filter_addition_push_up,worst_w_original,4,5000,1335.2534770965576,1306.3969612121582,1474.9209880828857,1578.0978202819824
3,filter_addition_push_up,worst_w_original,4,5000,1253.4611225128174,1347.9249477386475,1402.9710292816162,1470.0632095336914
4,filter_addition_push_up,worst_w_original,4,5000,1280.8477878570557,1282.7870845794678,1570.4419612884521,1649.9509811401367
5,filter_addition_push_up,worst_w_original,4,5000,1395.524024963379,1382.3089599609375,1575.3722190856934,1780.3468704223633
6,filter_addition_push_up,worst_w_original,4,5000,1337.3889923095703,1341.6428565979004,1486.0689640045166,1685.0299835205078
