repetition,optimization,scenario,variant_counts,scale_factors,original_pipeline,analysis_result_with_opt_rule,analysis_result_without_opt_rule,analysis_result_without_any_opt
0,filter_addition_push_up,worst_w_original,2,1.0,1019.6428298950195,998.0208873748779,1058.0108165740967,1039.9904251098633
1,filter_addition_push_up,worst_w_original,2,1.0,981.2684059143066,994.7025775909424,1050.1766204833984,1055.1536083221436
2,filter_addition_push_up,worst_w_original,2,1.0,985.2321147918701,994.8036670684814,1064.645528793335,1054.389476776123
3,filter_addition_push_up,worst_w_original,2,1.0,977.9443740844727,1004.8604011535645,1048.1655597686768,1054.3551445007324
4,filter_addition_push_up,worst_w_original,2,1.0,980.8177947998047,999.5205402374268,1278.1360149383545,1040.4613018035889
5,filter_addition_push_up,worst_w_original,2,1.0,980.555534362793,993.2243824005127,1061.283826828003,1066.1873817443848
6,filter_addition_push_up,worst_w_original,2,1.0,972.5394248962402,987.9372119903564,1031.4698219299316,1037.647008895874
