repetition,optimization,scenario,variant_counts,scale_factors,original_pipeline,analysis_result_with_opt_rule,analysis_result_without_opt_rule,analysis_result_without_any_opt
0,filter_addition_push_up,worst_wo_original,10,1.0,990.6609058380127,975.4118919372559,627.2480487823486,673.5093593597412
1,filter_addition_push_up,worst_wo_original,10,1.0,964.2128944396973,966.3839340209961,705.035924911499,749.0460872650146
2,filter_addition_push_up,worst_wo_original,10,1.0,958.6920738220215,953.4859657287598,608.9363098144531,653.2285213470459
3,filter_addition_push_up,worst_wo_original,10,1.0,949.9673843383789,959.6848487854004,616.7998313903809,671.0927486419678
4,filter_addition_push_up,worst_wo_original,10,1.0,949.7995376586914,963.0458354949951,545.3710556030273,587.6390933990479
5,filter_addition_push_up,worst_wo_original,10,1.0,962.6400470733643,976.4010906219482,560.1975917816162,607.5434684753418
6,filter_addition_push_up,worst_wo_original,10,1.0,959.7997665405273,977.7138233184814,588.2115364074707,636.9638442993164
