repetition,optimization,scenario,variant_counts,scale_factors,original_pipeline,analysis_result_with_reuse_opt_rule,analysis_result_with_push_up_opt_rule,analysis_result_without_opt_rule,analysis_result_without_any_opt
0,udf_split_and_reuse,worst_wo_safety,2,1.0,29.608726501464844,1059.6489906311035,147.1579074859619,158.16426277160645,175.246000289917
1,udf_split_and_reuse,worst_wo_safety,2,1.0,26.784896850585938,1036.010980606079,131.90388679504395,150.1140594482422,180.45878410339355
2,udf_split_and_reuse,worst_wo_safety,2,1.0,29.175281524658203,1040.5828952789307,137.17174530029297,153.4740924835205,186.920166015625
3,udf_split_and_reuse,worst_wo_safety,2,1.0,30.096054077148438,1047.640085220337,136.06572151184082,159.74807739257812,181.72693252563477
4,udf_split_and_reuse,worst_wo_safety,2,1.0,29.375314712524414,1046.659231185913,151.98707580566406,160.3720188140869,173.22993278503418
5,udf_split_and_reuse,worst_wo_safety,2,1.0,31.68344497680664,1049.6282577514648,138.93485069274902,193.1021213531494,178.48992347717285
6,udf_split_and_reuse,worst_wo_safety,2,1.0,27.72068977355957,1039.820909500122,134.30118560791016,152.0247459411621,180.17888069152832
