repetition,optimization,scenario,variant_counts,data_size,original_pipeline,analysis_result_with_opt_rule,analysis_result_without_opt_rule,analysis_result_without_any_opt
0,filter_addition_push_up,average,6,5000,35.704851150512695,100.74710845947266,120.91374397277832,193.4189796447754
1,filter_addition_push_up,average,6,5000,35.978078842163086,103.52110862731934,138.1690502166748,198.69709014892578
2,filter_addition_push_up,average,6,5000,37.95671463012695,94.52581405639648,124.69291687011719,214.7660255432129
3,filter_addition_push_up,average,6,5000,35.9194278717041,94.20180320739746,139.32490348815918,203.80282402038574
4,filter_addition_push_up,average,6,5000,40.12703895568848,98.5100269317627,126.98602676391602,209.0909481048584
5,filter_addition_push_up,average,6,5000,37.86897659301758,102.42509841918945,145.11895179748535,209.51604843139648
6,filter_addition_push_up,average,6,5000,38.088321685791016,95.59202194213867,136.08193397521973,196.58923149108887
