repetition,optimization,scenario,variant_counts,scale_factors,original_pipeline,analysis_result_with_reuse_opt_rule,analysis_result_with_push_up_opt_rule,analysis_result_without_opt_rule,analysis_result_without_any_opt
0,udf_split_and_reuse,worst_wo_safety,4,1.0,24.994850158691406,1011.7430686950684,242.35129356384277,287.17494010925293,342.0882225036621
1,udf_split_and_reuse,worst_wo_safety,4,1.0,24.623870849609375,1006.803035736084,249.4680881500244,285.4199409484863,339.4451141357422
2,udf_split_and_reuse,worst_wo_safety,4,1.0,25.066852569580078,1016.2451267242432,238.59214782714844,287.8589630126953,342.318058013916
3,udf_split_and_reuse,worst_wo_safety,4,1.0,25.400161743164062,1020.6000804901123,249.63092803955078,275.99501609802246,340.8796787261963
4,udf_split_and_reuse,worst_wo_safety,4,1.0,27.575969696044922,1014.5840644836426,245.04899978637695,277.2669792175293,336.75312995910645
5,udf_split_and_reuse,worst_wo_safety,4,1.0,29.73318099975586,1090.4109477996826,248.826265335083,338.72103691101074,337.0068073272705
6,udf_split_and_reuse,worst_wo_safety,4,1.0,26.641368865966797,1063.5321140289307,230.79872131347656,266.9029235839844,318.6030387878418
