repetition,optimization,scenario,variant_counts,scale_factors,original_pipeline,analysis_result_with_reuse_opt_rule,analysis_result_with_push_up_opt_rule,analysis_result_without_opt_rule,analysis_result_without_any_opt
0,udf_split_and_reuse,worst_w_safety,6,1.0,82.87429809570312,1427.8440475463867,1452.1760940551758,1643.786907196045,1956.0010433197021
1,udf_split_and_reuse,worst_w_safety,6,1.0,86.24100685119629,1480.3030490875244,1469.7508811950684,1638.9539241790771,1984.471082687378
2,udf_split_and_reuse,worst_w_safety,6,1.0,86.48514747619629,1431.8950176239014,1388.0302906036377,1610.0120544433594,1948.951005935669
3,udf_split_and_reuse,worst_w_safety,6,1.0,86.5938663482666,1440.709114074707,1466.6969776153564,1655.1549434661865,1971.384048461914
4,udf_split_and_reuse,worst_w_safety,6,1.0,85.69669723510742,2634.075164794922,1603.126049041748,1646.378993988037,1948.2650756835938
5,udf_split_and_reuse,worst_w_safety,6,1.0,84.42997932434082,1410.5677604675293,1424.9420166015625,1637.4990940093994,1950.2129554748535
6,udf_split_and_reuse,worst_w_safety,6,1.0,82.49449729919434,1450.4799842834473,1442.0931339263916,1603.1219959259033,2246.9091415405273
