repetition,optimization,scenario,variant_counts,scale_factors,original_pipeline,analysis_result_with_reuse_opt_rule,analysis_result_with_push_up_opt_rule,analysis_result_without_opt_rule,analysis_result_without_any_opt
0,udf_split_and_reuse,ideal,4,0.5,12.823343276977539,492.1431541442871,1372.4231719970703,1399.397850036621,1427.1249771118164
1,udf_split_and_reuse,ideal,4,0.5,12.682199478149414,496.204137802124,1377.5150775909424,1388.315200805664,1417.762041091919
2,udf_split_and_reuse,ideal,4,0.5,13.056278228759766,492.171049118042,1375.1611709594727,1404.9980640411377,1450.0858783721924
3,udf_split_and_reuse,ideal,4,0.5,12.278318405151367,504.349946975708,1370.2337741851807,1395.2667713165283,1407.4671268463135
4,udf_split_and_reuse,ideal,4,0.5,12.823820114135742,482.58018493652344,1429.8679828643799,1537.8477573394775,1473.8640785217285
5,udf_split_and_reuse,ideal,4,0.5,13.75126838684082,519.4046497344971,1591.299057006836,1407.8199863433838,1447.5672245025635
6,udf_split_and_reuse,ideal,4,0.5,12.293577194213867,512.4211311340332,1404.794692993164,1399.155855178833,1428.1501770019531
