repetition,optimization,scenario,variant_counts,scale_factors,original_pipeline,analysis_result_with_reuse_opt_rule,analysis_result_with_push_up_opt_rule,analysis_result_without_opt_rule,analysis_result_without_any_opt
0,udf_split_and_reuse,worst_constant,4,1.0,581.8154811859131,1204.3800354003906,1245.6917762756348,1825.6871700286865,3061.8896484375
1,udf_split_and_reuse,worst_constant,4,1.0,529.3729305267334,975.059986114502,1239.6368980407715,1377.7272701263428,2726.6030311584473
2,udf_split_and_reuse,worst_constant,4,1.0,493.73745918273926,1051.65433883667,1283.405065536499,1695.249319076538,3100.817918777466
3,udf_split_and_reuse,worst_constant,4,1.0,707.0093154907227,1009.0818405151367,977.2818088531494,1452.6259899139404,3279.960870742798
4,udf_split_and_reuse,worst_constant,4,1.0,512.6423835754395,944.577693939209,935.105562210083,1346.343994140625,2830.636978149414
5,udf_split_and_reuse,worst_constant,4,1.0,517.72141456604,952.2848129272461,957.2122097015381,1446.3961124420166,3089.427947998047
6,udf_split_and_reuse,worst_constant,4,1.0,543.6716079711914,960.3738784790039,956.139087677002,1285.2988243103027,2775.4111289978027
