repetition,optimization,scenario,variant_counts,scale_factors,original_pipeline,analysis_result_with_reuse_opt_rule,analysis_result_with_push_up_opt_rule,analysis_result_without_opt_rule,analysis_result_without_any_opt
0,udf_split_and_reuse,average,2,1.0,747.8749752044678,858.1721782684326,872.4970817565918,1269.0720558166504,1710.5000019073486
1,udf_split_and_reuse,average,2,1.0,791.1050319671631,1011.7130279541016,1075.016975402832,1367.837905883789,1982.0187091827393
2,udf_split_and_reuse,average,2,1.0,787.4608039855957,912.1108055114746,957.7360153198242,1379.4512748718262,1858.4249019622803
3,udf_split_and_reuse,average,2,1.0,777.2564888000488,920.3722476959229,942.3680305480957,1444.9310302734375,1947.0820426940918
4,udf_split_and_reuse,average,2,1.0,771.6495990753174,1032.940149307251,948.0640888214111,1404.3529033660889,1879.2178630828857
5,udf_split_and_reuse,average,2,1.0,780.1039218902588,958.4250450134277,951.491117477417,1373.906135559082,1870.215892791748
6,udf_split_and_reuse,average,2,1.0,768.4638500213623,927.6270866394043,929.7680854797363,1327.164888381958,1829.0722370147705
