repetition,optimization,scenario,variant_counts,scale_factors,original_pipeline,analysis_result_with_reuse_opt_rule,analysis_result_with_push_up_opt_rule,analysis_result_without_opt_rule,analysis_result_without_any_opt
0,udf_split_and_reuse,ideal,6,1.0,15.366315841674805,961.0960483551025,4696.582794189453,4795.928001403809,4803.15899848938
1,udf_split_and_reuse,ideal,6,1.0,18.45526695251465,1013.8189792633057,4630.842924118042,4670.130968093872,5039.644956588745
2,udf_split_and_reuse,ideal,6,1.0,20.516633987426758,1137.4671459197998,4611.479997634888,4624.748945236206,4738.692998886108
3,udf_split_and_reuse,ideal,6,1.0,16.98780059814453,986.4320755004883,4635.031938552856,4660.535097122192,4703.8867473602295
4,udf_split_and_reuse,ideal,6,1.0,18.273591995239258,997.0622062683105,4643.933057785034,4590.770959854126,4728.230953216553
5,udf_split_and_reuse,ideal,6,1.0,17.496585845947266,979.2921543121338,4613.484859466553,4797.561883926392,4710.091114044189
6,udf_split_and_reuse,ideal,6,1.0,17.402172088623047,1005.0718784332275,4616.079807281494,4674.0758419036865,4722.871780395508
