repetition,optimization,scenario,variant_counts,scale_factors,original_pipeline,analysis_result_with_opt_rule,analysis_result_without_opt_rule,analysis_result_without_any_opt
0,filter_addition_push_up,worst_wo_original,2,1.0,1044.5833206176758,1025.40922164917,145.9062099456787,168.2896614074707
1,filter_addition_push_up,worst_wo_original,2,1.0,1010.4446411132812,877.1121501922607,121.19698524475098,161.03315353393555
2,filter_addition_push_up,worst_wo_original,2,1.0,933.8974952697754,908.499002456665,167.9091453552246,198.32706451416016
3,filter_addition_push_up,worst_wo_original,2,1.0,895.0779438018799,902.907133102417,140.56921005249023,294.8780059814453
4,filter_addition_push_up,worst_wo_original,2,1.0,820.9230899810791,829.9357891082764,93.35088729858398,138.31210136413574
5,filter_addition_push_up,worst_wo_original,2,1.0,966.3174152374268,981.630802154541,134.06705856323242,156.1260223388672
6,filter_addition_push_up,worst_wo_original,2,1.0,866.9736385345459,1010.4551315307617,156.36420249938965,184.18478965759277
