repetition,optimization,scenario,variant_counts,scale_factors,original_pipeline,analysis_result_with_opt_rule,analysis_result_without_opt_rule,analysis_result_without_any_opt
0,operator_deletion_filter_push_up,worst_w_safety,4,1.5,487.09678649902344,2033.661127090454,2033.5171222686768,2154.388904571533
1,operator_deletion_filter_push_up,worst_w_safety,4,1.5,427.7992248535156,1775.094985961914,1774.1990089416504,1814.9480819702148
2,operator_deletion_filter_push_up,worst_w_safety,4,1.5,441.4787292480469,1807.5299263000488,1812.366008758545,1838.3729457855225
3,operator_deletion_filter_push_up,worst_w_safety,4,1.5,452.023983001709,1886.2550258636475,1883.922815322876,1964.5440578460693
4,operator_deletion_filter_push_up,worst_w_safety,4,1.5,480.0429344177246,1945.0058937072754,1984.7407341003418,1988.9202117919922
5,operator_deletion_filter_push_up,worst_w_safety,4,1.5,448.591947555542,1927.9580116271973,2116.4019107818604,2034.1498851776123
6,operator_deletion_filter_push_up,worst_w_safety,4,1.5,464.07556533813477,2061.52606010437,1913.2530689239502,1960.6139659881592
