repetition,optimization,scenario,variant_counts,scale_factors,original_pipeline,analysis_result_with_reuse_opt_rule,analysis_result_with_push_up_opt_rule,analysis_result_without_opt_rule,analysis_result_without_any_opt
0,udf_split_and_reuse,average,4,3.5,1775.8722305297852,2306.6556453704834,2473.9038944244385,5473.977565765381,8243.259191513062
1,udf_split_and_reuse,average,4,3.5,1775.050163269043,2317.345142364502,2500.1330375671387,5533.199787139893,8175.104141235352
2,udf_split_and_reuse,average,4,3.5,1755.887746810913,2323.791027069092,2498.7988471984863,5455.537796020508,8244.808197021484
3,udf_split_and_reuse,average,4,3.5,1752.6519298553467,2316.6444301605225,2477.0543575286865,5482.577323913574,8139.095783233643
4,udf_split_and_reuse,average,4,3.5,1762.3350620269775,2296.4634895324707,2462.7058506011963,5480.492115020752,8147.058963775635
5,udf_split_and_reuse,average,4,3.5,1770.280122756958,2287.529945373535,2471.194267272949,5466.938734054565,8180.354356765747
6,udf_split_and_reuse,average,4,3.5,1764.7974491119385,2335.8490467071533,2494.0879344940186,5606.5614223480225,8212.676525115967
