repetition,optimization,scenario,variant_counts,scale_factors,original_pipeline,analysis_result_with_reuse_opt_rule,analysis_result_with_push_up_opt_rule,analysis_result_without_opt_rule,analysis_result_without_any_opt
0,udf_split_and_reuse,ideal,6,1.0,13.14854621887207,945.9936618804932,5252.617835998535,5301.050424575806,5295.356750488281
1,udf_split_and_reuse,ideal,6,1.0,12.934684753417969,973.0064868927002,5213.184595108032,5246.885776519775,5282.828569412231
2,udf_split_and_reuse,ideal,6,1.0,12.944936752319336,943.8281059265137,5219.435930252075,5268.012523651123,5280.573844909668
3,udf_split_and_reuse,ideal,6,1.0,12.90750503540039,950.3581523895264,5210.4833126068115,5269.360780715942,5298.787593841553
4,udf_split_and_reuse,ideal,6,1.0,12.884855270385742,946.0155963897705,5174.535751342773,5214.455127716064,5539.968967437744
5,udf_split_and_reuse,ideal,6,1.0,13.401985168457031,964.3628597259521,5158.219575881958,5369.055509567261,5251.821041107178
6,udf_split_and_reuse,ideal,6,1.0,13.160228729248047,948.1096267700195,5216.963768005371,5261.1048221588135,5345.508337020874
