repetition,optimization,scenario,variant_counts,data_size,original_pipeline,analysis_result_with_opt_rule,analysis_result_without_opt_rule,analysis_result_without_any_opt
0,operator_deletion_filter_push_up,ideal,8,1000,995.765209197998,1069.6990489959717,7566.464185714722,8248.19302558899
1,operator_deletion_filter_push_up,ideal,8,1000,1129.274606704712,1269.5839405059814,8395.097970962524,8082.0770263671875
2,operator_deletion_filter_push_up,ideal,8,1000,949.5253562927246,1049.5998859405518,7312.535047531128,7620.578050613403
3,operator_deletion_filter_push_up,ideal,8,1000,959.2311382293701,1067.2969818115234,7437.626123428345,7585.820913314819
4,operator_deletion_filter_push_up,ideal,8,1000,967.1745300292969,1049.3559837341309,7327.214241027832,7943.10188293457
5,operator_deletion_filter_push_up,ideal,8,1000,963.986873626709,1072.4961757659912,7506.9639682769775,7652.808904647827
6,operator_deletion_filter_push_up,ideal,8,1000,942.1792030334473,1048.921823501587,7551.267147064209,7654.38175201416
