repetition,optimization,scenario,variant_counts,scale_factors,original_pipeline,analysis_result_with_reuse_opt_rule,analysis_result_with_push_up_opt_rule,analysis_result_without_opt_rule,analysis_result_without_any_opt
0,udf_split_and_reuse,worst_constant,4,1.0,478.67488861083984,985.0029945373535,956.8138122558594,1065.3228759765625,2159.2228412628174
1,udf_split_and_reuse,worst_constant,4,1.0,347.0630645751953,959.1341018676758,939.7988319396973,1039.905071258545,2013.9267444610596
2,udf_split_and_reuse,worst_constant,4,1.0,356.7464351654053,921.1699962615967,945.4410076141357,1061.856985092163,2042.0827865600586
3,udf_split_and_reuse,worst_constant,4,1.0,364.89200592041016,938.5671615600586,954.395055770874,1069.1211223602295,2024.7938632965088
4,udf_split_and_reuse,worst_constant,4,1.0,359.7109317779541,935.0740909576416,958.4050178527832,1083.7137699127197,2040.2061939239502
5,udf_split_and_reuse,worst_constant,4,1.0,368.0415153503418,959.4340324401855,960.0269794464111,1071.0499286651611,2042.9911613464355
6,udf_split_and_reuse,worst_constant,4,1.0,366.23287200927734,964.0703201293945,964.3256664276123,1080.9316635131836,2040.2238368988037
