repetition,optimization,scenario,variant_counts,scale_factors,original_pipeline,analysis_result_with_reuse_opt_rule,analysis_result_with_push_up_opt_rule,analysis_result_without_opt_rule,analysis_result_without_any_opt
0,udf_split_and_reuse,average,6,1.0,673.9599704742432,990.7419681549072,1087.9907608032227,2886.847972869873,5161.413908004761
1,udf_split_and_reuse,average,6,1.0,703.4027576446533,1011.7990970611572,1092.6201343536377,2905.1871299743652,5064.634799957275
2,udf_split_and_reuse,average,6,1.0,769.6630954742432,1008.5611343383789,1103.907823562622,3209.0020179748535,5153.896808624268
3,udf_split_and_reuse,average,6,1.0,681.7150115966797,1009.6712112426758,1090.8849239349365,2851.8691062927246,4954.6990394592285
4,udf_split_and_reuse,average,6,1.0,774.3740081787109,1022.1388339996338,1248.6920356750488,2932.0969581604004,4990.186929702759
5,udf_split_and_reuse,average,6,1.0,689.3908977508545,998.5983371734619,1091.1638736724854,2893.455982208252,5015.98596572876
6,udf_split_and_reuse,average,6,1.0,683.7847232818604,1029.1287899017334,1109.1270446777344,2923.771858215332,5038.9440059661865
