repetition,optimization,scenario,variant_counts,scale_factors,original_pipeline,analysis_result_with_opt_rule,analysis_result_without_opt_rule,analysis_result_without_any_opt
0,operator_deletion_filter_push_up,ideal,6,1.0,962.5980854034424,1016.1285400390625,5615.693092346191,5695.154190063477
1,operator_deletion_filter_push_up,ideal,6,1.0,923.6018657684326,993.1776523590088,5403.568506240845,5527.5866985321045
2,operator_deletion_filter_push_up,ideal,6,1.0,928.5061359405518,996.3910579681396,5565.669775009155,5611.343860626221
3,operator_deletion_filter_push_up,ideal,6,1.0,926.9897937774658,1005.0442218780518,5531.3720703125,5582.089185714722
4,operator_deletion_filter_push_up,ideal,6,1.0,918.0164337158203,995.7923889160156,5593.620300292969,5550.100326538086
5,operator_deletion_filter_push_up,ideal,6,1.0,924.2327213287354,1015.8896446228027,5511.603593826294,5585.1099491119385
6,operator_deletion_filter_push_up,ideal,6,1.0,934.1521263122559,1018.561840057373,5610.290050506592,5648.32615852356
