repetition,optimization,scenario,variant_counts,data_size,original_pipeline,analysis_result_with_reuse_opt_rule,analysis_result_with_push_up_opt_rule,analysis_result_without_opt_rule,analysis_result_without_any_opt
0,udf_split_and_reuse,worst_wo_safety,6,10000,20.138263702392578,769.9332237243652,264.8582458496094,313.07005882263184,367.9370880126953
1,udf_split_and_reuse,worst_wo_safety,6,10000,22.205591201782227,742.3999309539795,271.35181427001953,309.83710289001465,374.3722438812256
2,udf_split_and_reuse,worst_wo_safety,6,10000,22.80879020690918,841.4819240570068,360.4879379272461,380.73086738586426,469.789981842041
3,udf_split_and_reuse,worst_wo_safety,6,10000,28.07307243347168,805.4218292236328,293.70808601379395,334.12623405456543,407.64403343200684
4,udf_split_and_reuse,worst_wo_safety,6,10000,21.938323974609375,833.184003829956,281.9998264312744,340.75307846069336,427.24108695983887
5,udf_split_and_reuse,worst_wo_safety,6,10000,22.170543670654297,863.7378215789795,282.3009490966797,342.9713249206543,457.4010372161865
6,udf_split_and_reuse,worst_wo_safety,6,10000,21.3625431060791,796.8912124633789,284.0840816497803,337.9020690917969,422.943115234375
