repetition,optimization,scenario,variant_counts,scale_factors,original_pipeline,analysis_result_with_reuse_opt_rule,analysis_result_with_push_up_opt_rule,analysis_result_without_opt_rule,analysis_result_without_any_opt
0,udf_split_and_reuse,worst_w_safety,4,1.5,144.22130584716797,1621.657133102417,1653.0630588531494,1874.572992324829,2242.9001331329346
1,udf_split_and_reuse,worst_w_safety,4,1.5,148.5295295715332,1648.4520435333252,1651.818037033081,1958.791971206665,2259.500026702881
2,udf_split_and_reuse,worst_w_safety,4,1.5,144.6518898010254,1611.7818355560303,1655.9898853302002,1898.5090255737305,2265.8538818359375
3,udf_split_and_reuse,worst_w_safety,4,1.5,142.05646514892578,1625.4441738128662,1620.2118396759033,1893.3649063110352,2303.8480281829834
4,udf_split_and_reuse,worst_w_safety,4,1.5,141.16787910461426,1635.524034500122,1619.2519664764404,1878.3578872680664,2240.3860092163086
5,udf_split_and_reuse,worst_w_safety,4,1.5,142.92621612548828,1617.203950881958,1685.3079795837402,1920.7360744476318,2421.7071533203125
6,udf_split_and_reuse,worst_w_safety,4,1.5,153.0768871307373,1899.7952938079834,1682.3129653930664,1905.487060546875,2284.4181060791016
