repetition,optimization,scenario,variant_counts,scale_factors,original_pipeline,analysis_result_with_reuse_opt_rule,analysis_result_with_push_up_opt_rule,analysis_result_without_opt_rule,analysis_result_without_any_opt
0,udf_split_and_reuse,worst_constant,8,1.0,350.82364082336426,1074.0807056427002,1075.209140777588,1177.955150604248,3168.895483016968
1,udf_split_and_reuse,worst_constant,8,1.0,350.65603256225586,1069.9131488800049,1061.9792938232422,1154.6752452850342,3174.0665435791016
2,udf_split_and_reuse,worst_constant,8,1.0,352.21338272094727,1068.8433647155762,1072.282075881958,1162.9555225372314,3163.957357406616
3,udf_split_and_reuse,worst_constant,8,1.0,352.97679901123047,1064.8155212402344,1066.5764808654785,1163.419485092163,3161.198854446411
4,udf_split_and_reuse,worst_constant,8,1.0,352.02765464782715,1064.8374557495117,1068.601369857788,1160.8877182006836,3170.3248023986816
5,udf_split_and_reuse,worst_constant,8,1.0,351.9158363342285,1060.9350204467773,1065.3836727142334,1148.766040802002,3167.306661605835
6,udf_split_and_reuse,worst_constant,8,1.0,348.0696678161621,1050.6882667541504,1054.325819015503,1136.4006996154785,3151.73077583313
