repetition,optimization,scenario,variant_counts,scale_factors,original_pipeline,analysis_result_with_opt_rule,analysis_result_without_opt_rule,analysis_result_without_any_opt
0,operator_deletion_filter_push_up,ideal,2,1.0,1112.5917434692383,1066.4660930633545,2067.351818084717,2118.1247234344482
1,operator_deletion_filter_push_up,ideal,2,1.0,1029.782772064209,1039.0028953552246,2038.2499694824219,2042.9072380065918
2,operator_deletion_filter_push_up,ideal,2,1.0,1046.8311309814453,1041.7759418487549,2229.039192199707,2751.0058879852295
3,operator_deletion_filter_push_up,ideal,2,1.0,1176.4512062072754,1340.2001857757568,2634.702205657959,2437.274932861328
4,operator_deletion_filter_push_up,ideal,2,1.0,1021.9104290008545,1068.7298774719238,2200.9150981903076,2765.665054321289
5,operator_deletion_filter_push_up,ideal,2,1.0,1355.9579849243164,1151.3068675994873,2389.148712158203,2278.653144836426
6,operator_deletion_filter_push_up,ideal,2,1.0,1250.566005706787,1401.137113571167,2676.392078399658,2257.6968669891357
