repetition,optimization,scenario,variant_counts,scale_factors,original_pipeline,analysis_result_with_opt_rule,analysis_result_without_opt_rule,analysis_result_without_any_opt
0,filter_addition_push_up,average,6,1.0,566.3044452667236,897.3846435546875,1839.9131298065186,3322.3795890808105
1,filter_addition_push_up,average,6,1.0,551.0110855102539,881.505012512207,1757.370948791504,3321.2385177612305
2,filter_addition_push_up,average,6,1.0,552.8655052185059,901.4921188354492,1820.863962173462,3357.6912879943848
3,filter_addition_push_up,average,6,1.0,577.8717994689941,908.715009689331,1886.5609169006348,3334.5179557800293
4,filter_addition_push_up,average,6,1.0,563.305139541626,899.8486995697021,1827.0931243896484,3385.692358016968
5,filter_addition_push_up,average,6,1.0,565.6883716583252,892.805814743042,1860.7449531555176,3367.5525188446045
6,filter_addition_push_up,average,6,1.0,572.556734085083,905.0979614257812,1893.7928676605225,3373.1184005737305
