repetition,optimization,scenario,variant_counts,scale_factors,original_pipeline,analysis_result_with_opt_rule,analysis_result_without_opt_rule,analysis_result_without_any_opt
0,operator_deletion_filter_push_up,worst_w_safety,2,1.0,240.234375,564.2759799957275,564.4268989562988,572.8647708892822
1,operator_deletion_filter_push_up,worst_w_safety,2,1.0,232.01346397399902,534.6601009368896,507.0202350616455,515.6073570251465
2,operator_deletion_filter_push_up,worst_w_safety,2,1.0,261.9755268096924,580.2521705627441,788.7437343597412,578.009843826294
3,operator_deletion_filter_push_up,worst_w_safety,2,1.0,223.40631484985352,503.94201278686523,503.68237495422363,508.0525875091553
4,operator_deletion_filter_push_up,worst_w_safety,2,1.0,189.53633308410645,430.0577640533447,425.74048042297363,440.4764175415039
5,operator_deletion_filter_push_up,worst_w_safety,2,1.0,232.88321495056152,528.3088684082031,524.3198871612549,541.4221286773682
6,operator_deletion_filter_push_up,worst_w_safety,2,1.0,239.17579650878906,524.2891311645508,520.6418037414551,539.5236015319824
