repetition,optimization,scenario,variant_counts,scale_factors,original_pipeline,analysis_result_with_opt_rule,analysis_result_without_opt_rule,analysis_result_without_any_opt
0,operator_deletion_filter_push_up,ideal,4,1.0,940.5632019042969,950.23512840271,3597.2611904144287,3644.233226776123
1,operator_deletion_filter_push_up,ideal,4,1.0,920.5396175384521,933.5570335388184,3551.532983779907,3796.8530654907227
2,operator_deletion_filter_push_up,ideal,4,1.0,917.435884475708,951.6689777374268,3610.9578609466553,3652.4219512939453
3,operator_deletion_filter_push_up,ideal,4,1.0,903.456449508667,958.0421447753906,3572.0040798187256,3609.2820167541504
4,operator_deletion_filter_push_up,ideal,4,1.0,897.4177837371826,940.8359527587891,3572.284936904907,3585.984945297241
5,operator_deletion_filter_push_up,ideal,4,1.0,925.2810478210449,987.4889850616455,3641.9460773468018,3623.9984035491943
6,operator_deletion_filter_push_up,ideal,4,1.0,902.6777744293213,936.4581108093262,3561.5880489349365,3690.1910305023193
