repetition,optimization,scenario,variant_counts,data_size,original_pipeline,analysis_result_with_opt_rule,analysis_result_without_opt_rule,analysis_result_without_any_opt
0,projection_push_up,ideal,2,2000,257.0688724517822,253.99398803710938,473.5150337219238,491.2140369415283
1,projection_push_up,ideal,2,2000,268.0385112762451,270.9801197052002,515.8360004425049,520.9429264068604
2,projection_push_up,ideal,2,2000,255.936861038208,259.02700424194336,485.5208396911621,663.3777618408203
3,projection_push_up,ideal,2,2000,268.2805061340332,269.46091651916504,523.1640338897705,536.3051891326904
4,projection_push_up,ideal,2,2000,264.99295234680176,268.0671215057373,502.1810531616211,531.663179397583
5,projection_push_up,ideal,2,2000,228.41525077819824,257.6000690460205,444.90814208984375,461.95197105407715
6,projection_push_up,ideal,2,2000,262.03131675720215,269.1230773925781,505.9959888458252,529.1483402252197
