repetition,optimization,scenario,variant_counts,scale_factors,original_pipeline,analysis_result_with_reuse_opt_rule,analysis_result_with_push_up_opt_rule,analysis_result_without_opt_rule,analysis_result_without_any_opt
0,udf_split_and_reuse,average,4,1.0,501.7893314361572,640.7089233398438,683.4619045257568,1519.8004245758057,2272.7155685424805
1,udf_split_and_reuse,average,4,1.0,483.5472106933594,637.3550891876221,681.6339492797852,1478.8787364959717,2269.259214401245
2,udf_split_and_reuse,average,4,1.0,487.32614517211914,648.2956409454346,700.6757259368896,1510.0789070129395,2273.358106613159
3,udf_split_and_reuse,average,4,1.0,517.4343585968018,653.2702445983887,701.9975185394287,1531.477689743042,2265.770673751831
4,udf_split_and_reuse,average,4,1.0,491.1224842071533,654.8104286193848,695.9025859832764,1550.494909286499,2270.634412765503
5,udf_split_and_reuse,average,4,1.0,505.5966377258301,660.3682041168213,712.0528221130371,1574.765682220459,2313.3316040039062
6,udf_split_and_reuse,average,4,1.0,496.6726303100586,656.4912796020508,713.5748863220215,1587.0723724365234,2276.472330093384
