repetition,optimization,scenario,variant_counts,scale_factors,original_pipeline,analysis_result_with_reuse_opt_rule,analysis_result_with_push_up_opt_rule,analysis_result_without_opt_rule,analysis_result_without_any_opt
0,udf_split_and_reuse,ideal,4,0.5,21.006107330322266,534.4488620758057,1461.963176727295,1507.6849460601807,1515.0947570800781
1,udf_split_and_reuse,ideal,4,0.5,22.34673500061035,533.0548286437988,1448.263168334961,1506.8199634552002,1526.202917098999
2,udf_split_and_reuse,ideal,4,0.5,23.84328842163086,524.5130062103271,1439.5091533660889,1508.7108612060547,1515.2161121368408
3,udf_split_and_reuse,ideal,4,0.5,22.42136001586914,528.9230346679688,1454.556941986084,1517.1539783477783,1569.8680877685547
4,udf_split_and_reuse,ideal,4,0.5,21.391868591308594,537.5580787658691,1489.8128509521484,1554.5809268951416,1557.8560829162598
5,udf_split_and_reuse,ideal,4,0.5,20.941495895385742,532.1080684661865,1451.1806964874268,1498.0409145355225,1543.1327819824219
6,udf_split_and_reuse,ideal,4,0.5,21.778345108032227,525.285005569458,1461.9081020355225,1491.2917613983154,1536.5839004516602
