repetition,optimization,scenario,variant_counts,data_size,original_pipeline,analysis_result_with_opt_rule,analysis_result_without_opt_rule,analysis_result_without_any_opt
0,filter_addition_push_up,average,8,100000,244.95887756347656,487.82992362976074,922.8510856628418,2112.47181892395
1,filter_addition_push_up,average,8,100000,246.27280235290527,485.2890968322754,882.3060989379883,2069.417953491211
2,filter_addition_push_up,average,8,100000,238.46125602722168,477.31995582580566,889.9660110473633,2149.8990058898926
3,filter_addition_push_up,average,8,100000,236.4339828491211,479.54487800598145,906.447172164917,2086.62486076355
4,filter_addition_push_up,average,8,100000,248.52919578552246,490.447998046875,915.20094871521,2046.3380813598633
5,filter_addition_push_up,average,8,100000,243.87526512145996,487.96582221984863,917.1977043151855,2093.2910442352295
6,filter_addition_push_up,average,8,100000,244.94314193725586,487.0328903198242,925.2312183380127,2090.94500541687
