repetition,optimization,scenario,variant_counts,data_size,analysis_result_with_opt_rule,analysis_result_without_opt_rule,analysis_result_without_any_opt
0,filter_addition_push_up,worst_wo_original,2,5000,1423.9599704742432,167.8330898284912,336.9019031524658
1,filter_addition_push_up,worst_wo_original,2,5000,1496.2282180786133,196.41399383544922,231.0478687286377
2,filter_addition_push_up,worst_wo_original,2,5000,1447.7927684783936,164.98398780822754,312.76583671569824
3,filter_addition_push_up,worst_wo_original,2,5000,1264.963150024414,167.37103462219238,208.41503143310547
4,filter_addition_push_up,worst_wo_original,2,5000,1359.860897064209,116.19091033935547,265.3682231903076
5,filter_addition_push_up,worst_wo_original,2,5000,1320.3940391540527,186.1259937286377,219.3319797515869
6,filter_addition_push_up,worst_wo_original,2,5000,1430.9802055358887,195.69087028503418,227.7979850769043
