repetition,optimization,scenario,variant_counts,scale_factors,original_pipeline,analysis_result_with_opt_rule,analysis_result_without_opt_rule,analysis_result_without_any_opt
0,filter_addition_push_up,worst_w_original,4,1.5,2294.2209243774414,2213.994026184082,2649.0519046783447,2738.1649017333984
1,filter_addition_push_up,worst_w_original,4,1.5,2283.8611602783203,2227.3309230804443,2704.5021057128906,2708.9779376983643
2,filter_addition_push_up,worst_w_original,4,1.5,2310.8742237091064,2364.081859588623,2654.7958850860596,2724.9557971954346
3,filter_addition_push_up,worst_w_original,4,1.5,2273.5936641693115,2214.177131652832,2631.338119506836,2637.594223022461
4,filter_addition_push_up,worst_w_original,4,1.5,2255.415439605713,2245.147228240967,2668.9820289611816,2658.989906311035
5,filter_addition_push_up,worst_w_original,4,1.5,2283.4677696228027,2211.6758823394775,2591.276168823242,2603.5425662994385
6,filter_addition_push_up,worst_w_original,4,1.5,2257.9150199890137,2232.7208518981934,2624.364137649536,2642.406225204468
