repetition,optimization,scenario,variant_counts,scale_factors,original_pipeline,analysis_result_with_opt_rule,analysis_result_without_opt_rule,analysis_result_without_any_opt
0,operator_deletion_filter_push_up,ideal,4,1.0,1094.5067405700684,1022.6271152496338,4361.262083053589,4472.460031509399
1,operator_deletion_filter_push_up,ideal,4,1.0,1047.358751296997,1181.9658279418945,4051.7497062683105,4349.279880523682
2,operator_deletion_filter_push_up,ideal,4,1.0,951.2114524841309,982.9871654510498,3710.036039352417,3728.4700870513916
3,operator_deletion_filter_push_up,ideal,4,1.0,886.2895965576172,971.0781574249268,3699.4287967681885,3867.6700592041016
4,operator_deletion_filter_push_up,ideal,4,1.0,960.8080387115479,1077.2342681884766,3827.1210193634033,3697.1349716186523
5,operator_deletion_filter_push_up,ideal,4,1.0,942.2626495361328,991.8620586395264,3817.380905151367,3944.493055343628
6,operator_deletion_filter_push_up,ideal,4,1.0,1079.5531272888184,983.8848114013672,3715.2700424194336,3878.132104873657
