repetition,optimization,scenario,variant_counts,scale_factors,original_pipeline,analysis_result_with_reuse_opt_rule,analysis_result_with_push_up_opt_rule,analysis_result_without_opt_rule,analysis_result_without_any_opt
0,udf_split_and_reuse,worst_wo_safety,6,1.0,27.359962463378906,1016.1399841308594,350.22997856140137,412.83416748046875,505.45787811279297
1,udf_split_and_reuse,worst_wo_safety,6,1.0,29.31666374206543,1010.1108551025391,354.0458679199219,411.88502311706543,500.8959770202637
2,udf_split_and_reuse,worst_wo_safety,6,1.0,29.206275939941406,1059.3407154083252,358.01172256469727,412.4636650085449,602.9822826385498
3,udf_split_and_reuse,worst_wo_safety,6,1.0,31.34012222290039,1028.7730693817139,387.94517517089844,417.04511642456055,606.0199737548828
4,udf_split_and_reuse,worst_wo_safety,6,1.0,29.761314392089844,1025.529146194458,355.69190979003906,416.14508628845215,503.45301628112793
5,udf_split_and_reuse,worst_wo_safety,6,1.0,32.907962799072266,1028.5508632659912,355.9002876281738,407.8037738800049,508.9538097381592
6,udf_split_and_reuse,worst_wo_safety,6,1.0,29.25395965576172,1010.2760791778564,349.912166595459,413.23304176330566,510.7769966125488
