repetition,optimization,scenario,variant_counts,data_size,original_pipeline,analysis_result_with_opt_rule,analysis_result_without_opt_rule,analysis_result_without_any_opt
0,projection_push_up,worst,4,2000,7.687091827392578,35.083770751953125,34.95311737060547,51.60117149353027
1,projection_push_up,worst,4,2000,7.6999664306640625,28.140783309936523,33.13803672790527,51.053762435913086
2,projection_push_up,worst,4,2000,7.695913314819336,27.6641845703125,33.55908393859863,49.55577850341797
3,projection_push_up,worst,4,2000,7.649660110473633,28.206825256347656,32.4552059173584,51.245927810668945
4,projection_push_up,worst,4,2000,7.938385009765625,28.29289436340332,32.28497505187988,51.81169509887695
5,projection_push_up,worst,4,2000,7.404565811157227,27.624130249023438,32.965898513793945,49.55005645751953
6,projection_push_up,worst,4,2000,7.424354553222656,27.961015701293945,32.54079818725586,50.75478553771973
