repetition,optimization,scenario,variant_counts,scale_factors,original_pipeline,analysis_result_with_opt_rule,analysis_result_without_opt_rule,analysis_result_without_any_opt
0,projection_push_up,average,4,1.0,712.0428085327148,926.3629913330078,1992.0530319213867,3321.043014526367
1,projection_push_up,average,4,1.0,716.4418697357178,968.0259227752686,2118.2100772857666,3391.6680812835693
2,projection_push_up,average,4,1.0,785.9148979187012,973.2928276062012,2027.7838706970215,3374.2592334747314
3,projection_push_up,average,4,1.0,715.827465057373,952.8141021728516,2030.2252769470215,3350.2798080444336
4,projection_push_up,average,4,1.0,712.9693031311035,951.8218040466309,2019.6049213409424,3380.336046218872
5,projection_push_up,average,4,1.0,691.2415027618408,937.5112056732178,2195.909023284912,3511.1260414123535
6,projection_push_up,average,4,1.0,1061.7523193359375,1045.8040237426758,2298.0856895446777,3364.4449710845947
