repetition,optimization,scenario,variant_counts,data_size,original_pipeline,analysis_result_with_reuse_opt_rule,analysis_result_with_push_up_opt_rule,analysis_result_without_opt_rule,analysis_result_without_any_opt
0,udf_split_and_reuse,average,6,200000,510.24699211120605,750.1120567321777,796.9059944152832,2070.5108642578125,3805.669069290161
1,udf_split_and_reuse,average,6,200000,518.1834697723389,752.9728412628174,815.1917457580566,2095.703125,3848.159074783325
2,udf_split_and_reuse,average,6,200000,514.136552810669,775.9461402893066,808.4378242492676,2125.6823539733887,3792.6979064941406
3,udf_split_and_reuse,average,6,200000,511.6252899169922,736.7630004882812,807.0850372314453,2071.326971054077,3782.2389602661133
4,udf_split_and_reuse,average,6,200000,503.9081573486328,752.5839805603027,811.741828918457,2121.4630603790283,3811.8410110473633
5,udf_split_and_reuse,average,6,200000,517.1113014221191,755.0427913665771,810.7891082763672,2106.5800189971924,3792.7989959716797
6,udf_split_and_reuse,average,6,200000,518.0416107177734,758.2170963287354,835.8290195465088,2144.881010055542,3774.821996688843
