repetition,optimization,scenario,variant_counts,scale_factors,original_pipeline,analysis_result_with_reuse_opt_rule,analysis_result_with_push_up_opt_rule,analysis_result_without_opt_rule,analysis_result_without_any_opt
0,udf_split_and_reuse,worst_w_safety,4,3.0,114.95351791381836,2741.7166233062744,2732.598066329956,3063.3385181427,3259.4542503356934
1,udf_split_and_reuse,worst_w_safety,4,3.0,114.0899658203125,2692.918062210083,2686.3019466400146,3028.477907180786,3203.918218612671
2,udf_split_and_reuse,worst_w_safety,4,3.0,115.71073532104492,2688.0366802215576,2681.1165809631348,3011.0092163085938,3206.573247909546
3,udf_split_and_reuse,worst_w_safety,4,3.0,113.83438110351562,2705.3418159484863,2694.186210632324,3042.1299934387207,3239.7632598876953
4,udf_split_and_reuse,worst_w_safety,4,3.0,116.39738082885742,2674.764633178711,2681.612968444824,3021.5609073638916,3210.099935531616
5,udf_split_and_reuse,worst_w_safety,4,3.0,115.27061462402344,2697.1075534820557,2692.1796798706055,3021.5883255004883,3209.702730178833
6,udf_split_and_reuse,worst_w_safety,4,3.0,114.10641670227051,2690.7918453216553,2691.2078857421875,3303.4095764160156,3210.75701713562
