repetition,optimization,scenario,variant_counts,data_size,original_pipeline,analysis_result_with_opt_rule,analysis_result_without_opt_rule,analysis_result_without_any_opt
0,filter_addition_push_up,ideal,6,2000,240.62061309814453,249.43113327026367,1288.1131172180176,1371.1559772491455
1,filter_addition_push_up,ideal,6,2000,195.3427791595459,199.32293891906738,1022.3617553710938,1298.5000610351562
2,filter_addition_push_up,ideal,6,2000,237.08558082580566,243.47305297851562,1330.216884613037,1405.5209159851074
3,filter_addition_push_up,ideal,6,2000,195.0242519378662,201.16305351257324,1075.9329795837402,1151.1120796203613
4,filter_addition_push_up,ideal,6,2000,247.30753898620605,248.08931350708008,1343.4391021728516,1398.9689350128174
5,filter_addition_push_up,ideal,6,2000,233.60514640808105,247.30587005615234,1267.7109241485596,1499.1238117218018
6,filter_addition_push_up,ideal,6,2000,204.38098907470703,213.56701850891113,1100.0609397888184,1181.5769672393799
