repetition,optimization,scenario,variant_counts,data_size,original_pipeline,analysis_result_with_opt_rule,analysis_result_without_opt_rule,analysis_result_without_any_opt
0,operator_deletion_filter_push_up,ideal,2,1000,1033.95414352417,1121.7780113220215,2052.1862506866455,2162.7750396728516
1,operator_deletion_filter_push_up,ideal,2,1000,1067.873477935791,1085.3581428527832,2090.6729698181152,2087.270736694336
2,operator_deletion_filter_push_up,ideal,2,1000,1042.05322265625,1101.8939018249512,2413.140058517456,2077.0390033721924
3,operator_deletion_filter_push_up,ideal,2,1000,1014.4538879394531,1050.685167312622,2056.6883087158203,2254.4538974761963
4,operator_deletion_filter_push_up,ideal,2,1000,1067.9574012756348,1134.1567039489746,2185.669183731079,2249.859094619751
5,operator_deletion_filter_push_up,ideal,2,1000,1045.9473133087158,1054.1949272155762,2040.9200191497803,2076.3320922851562
6,operator_deletion_filter_push_up,ideal,2,1000,1027.318000793457,1033.531904220581,2042.052984237671,2099.3311405181885
