repetition,optimization,scenario,variant_counts,scale_factors,original_pipeline,analysis_result_with_opt_rule,analysis_result_without_opt_rule,analysis_result_without_any_opt
0,projection_push_up,average,4,1.5,1148.958444595337,1548.4020709991455,3280.5330753326416,5428.992033004761
1,projection_push_up,average,4,1.5,1135.4732513427734,1537.9509925842285,3272.308826446533,5397.4950313568115
2,projection_push_up,average,4,1.5,1144.359827041626,1548.5351085662842,3321.368932723999,5432.339906692505
3,projection_push_up,average,4,1.5,1139.3513679504395,1555.9837818145752,3254.930257797241,5421.6320514678955
4,projection_push_up,average,4,1.5,1150.7482528686523,1551.5918731689453,3263.7579441070557,5403.912782669067
5,projection_push_up,average,4,1.5,1147.1195220947266,1559.2949390411377,3268.159866333008,5387.640714645386
6,projection_push_up,average,4,1.5,1139.6961212158203,1544.433832168579,3317.5740242004395,5408.492088317871
