repetition,optimization,scenario,variant_counts,scale_factors,original_pipeline,analysis_result_with_opt_rule,analysis_result_without_opt_rule,analysis_result_without_any_opt
0,projection_push_up,worst,10,1.0,506.58679008483887,4971.561908721924,5010.9052658081055,5193.553447723389
1,projection_push_up,worst,10,1.0,506.3290596008301,4951.66540145874,4997.1301555633545,5155.289888381958
2,projection_push_up,worst,10,1.0,503.2310485839844,4972.594499588013,4997.051000595093,5165.657997131348
3,projection_push_up,worst,10,1.0,502.8352737426758,4912.620782852173,5043.885946273804,5250.555515289307
4,projection_push_up,worst,10,1.0,503.0238628387451,4958.413362503052,5003.767490386963,5224.818229675293
5,projection_push_up,worst,10,1.0,500.5054473876953,4929.257869720459,4983.448028564453,5152.148485183716
6,projection_push_up,worst,10,1.0,505.4936408996582,4975.54612159729,5023.30470085144,5193.518400192261
