repetition,optimization,scenario,variant_counts,scale_factors,original_pipeline,analysis_result_with_opt_rule,analysis_result_without_opt_rule,analysis_result_without_any_opt
0,filter_addition_push_up,ideal,4,3.5,12175.719261169434,11760.639667510986,46115.37051200867,46775.90847015381
1,filter_addition_push_up,ideal,4,3.5,11986.845254898071,11803.154706954956,46672.287940979004,47718.78957748413
2,filter_addition_push_up,ideal,4,3.5,11614.532947540283,11592.116355895996,46305.36937713623,46454.84280586243
3,filter_addition_push_up,ideal,4,3.5,11546.315431594849,11773.152828216553,46166.202545166016,46901.5429019928
4,filter_addition_push_up,ideal,4,3.5,11493.110418319702,11698.278188705444,45183.26950073242,46106.531858444214
5,filter_addition_push_up,ideal,4,3.5,11383.64863395691,11130.30457496643,44466.13550186157,45525.60877799988
6,filter_addition_push_up,ideal,4,3.5,11126.912593841553,11525.37989616394,44617.64144897461,44527.93312072754
