repetition,optimization,scenario,variant_counts,scale_factors,original_pipeline,analysis_result_with_reuse_opt_rule,analysis_result_with_push_up_opt_rule,analysis_result_without_opt_rule,analysis_result_without_any_opt
0,udf_split_and_reuse,average,4,1.0,692.7027702331543,918.2708263397217,1000.5719661712646,2254.410982131958,3359.3528270721436
1,udf_split_and_reuse,average,4,1.0,700.2298831939697,955.319881439209,1059.1168403625488,2079.730987548828,3509.0460777282715
2,udf_split_and_reuse,average,4,1.0,716.5091037750244,988.5940551757812,1102.7100086212158,2224.250078201294,3633.9972019195557
3,udf_split_and_reuse,average,4,1.0,728.9717197418213,1072.516679763794,1004.5890808105469,2168.5891151428223,3636.4357471466064
4,udf_split_and_reuse,average,4,1.0,679.5752048492432,914.0987396240234,968.303918838501,2065.722942352295,3358.595132827759
5,udf_split_and_reuse,average,4,1.0,663.1643772125244,910.999059677124,976.4840602874756,2070.1749324798584,3378.8931369781494
6,udf_split_and_reuse,average,4,1.0,683.5522651672363,903.4769535064697,981.3060760498047,2068.1369304656982,3280.4949283599854
