repetition,optimization,scenario,variant_counts,scale_factors,original_pipeline,analysis_result_with_opt_rule,analysis_result_without_opt_rule,analysis_result_without_any_opt
0,filter_addition_push_up,worst_wo_original,4,1.5,2367.08927154541,2295.626163482666,572.9990005493164,591.8829441070557
1,filter_addition_push_up,worst_wo_original,4,1.5,2303.6417961120605,2296.5197563171387,643.4330940246582,672.6629734039307
2,filter_addition_push_up,worst_wo_original,4,1.5,2290.6129360198975,2294.6739196777344,585.5069160461426,625.9708404541016
3,filter_addition_push_up,worst_wo_original,4,1.5,2313.3389949798584,2337.4691009521484,632.0319175720215,652.3439884185791
4,filter_addition_push_up,worst_wo_original,4,1.5,2395.848274230957,2446.242094039917,676.7890453338623,648.9489078521729
5,filter_addition_push_up,worst_wo_original,4,1.5,2356.4701080322266,2299.7188568115234,636.3070011138916,661.1678600311279
6,filter_addition_push_up,worst_wo_original,4,1.5,2290.951728820801,2308.969020843506,477.9787063598633,505.9161186218262
