repetition,optimization,scenario,variant_counts,data_size,original_pipeline,analysis_result_with_opt_rule,analysis_result_without_opt_rule,analysis_result_without_any_opt
0,projection_push_up,worst,6,2000,9.279251098632812,42.8311824798584,55.07397651672363,89.05911445617676
1,projection_push_up,worst,6,2000,8.901834487915039,42.85311698913574,52.223920822143555,80.39379119873047
2,projection_push_up,worst,6,2000,8.803606033325195,42.97280311584473,50.45294761657715,83.25505256652832
3,projection_push_up,worst,6,2000,8.987665176391602,45.60494422912598,53.955078125,86.27200126647949
4,projection_push_up,worst,6,2000,8.252143859863281,43.083906173706055,51.23400688171387,81.5119743347168
5,projection_push_up,worst,6,2000,8.229255676269531,42.17100143432617,51.06616020202637,81.4352035522461
6,projection_push_up,worst,6,2000,8.629560470581055,37.82820701599121,37.93215751647949,68.65191459655762
