repetition,optimization,scenario,variant_counts,data_size,analysis_result_with_opt_rule,analysis_result_without_opt_rule,analysis_result_without_any_opt
0,projection_push_up,ideal,5,1000,87.78905868530273,303.00402641296387,346.74811363220215
1,projection_push_up,ideal,5,1000,103.93881797790527,397.36127853393555,432.07287788391113
2,projection_push_up,ideal,5,1000,99.3337631225586,376.4810562133789,412.4281406402588
3,projection_push_up,ideal,5,1000,87.24212646484375,318.0210590362549,358.492374420166
4,projection_push_up,ideal,5,1000,73.02474975585938,249.68695640563965,287.3380184173584
5,projection_push_up,ideal,5,1000,83.65702629089355,311.9161128997803,349.8499393463135
6,projection_push_up,ideal,5,1000,76.83420181274414,292.11902618408203,316.27607345581055
