repetition,optimization,scenario,variant_counts,scale_factors,original_pipeline,analysis_result_with_reuse_opt_rule,analysis_result_with_push_up_opt_rule,analysis_result_without_opt_rule,analysis_result_without_any_opt
0,udf_split_and_reuse,ideal,2,1.0,12.937307357788086,899.9934196472168,1724.653959274292,1710.9131813049316,1723.1321334838867
1,udf_split_and_reuse,ideal,2,1.0,13.771295547485352,900.6838798522949,1717.8809642791748,1738.1889820098877,1755.7003498077393
2,udf_split_and_reuse,ideal,2,1.0,12.61758804321289,896.561861038208,1699.1310119628906,1717.3709869384766,1731.1081886291504
3,udf_split_and_reuse,ideal,2,1.0,12.755393981933594,896.4881896972656,1697.7386474609375,1718.2998657226562,1732.13529586792
4,udf_split_and_reuse,ideal,2,1.0,13.616561889648438,903.3739566802979,1712.6967906951904,1724.0471839904785,1738.3408546447754
5,udf_split_and_reuse,ideal,2,1.0,12.681722640991211,904.4280052185059,1711.0791206359863,1731.6083908081055,1743.4864044189453
6,udf_split_and_reuse,ideal,2,1.0,13.696908950805664,899.7330665588379,1705.0509452819824,1725.400686264038,1735.116958618164
