repetition,optimization,scenario,variant_counts,data_size,original_pipeline,analysis_result_with_reuse_opt_rule,analysis_result_with_push_up_opt_rule,analysis_result_without_opt_rule,analysis_result_without_any_opt
0,udf_split_and_reuse,ideal,10,10000,81.8018913269043,921.1258888244629,7964.460849761963,8666.957139968872,8884.698867797852
1,udf_split_and_reuse,ideal,10,10000,79.0562629699707,1005.5699348449707,7645.014047622681,7641.571044921875,8455.262899398804
2,udf_split_and_reuse,ideal,10,10000,67.05522537231445,982.6109409332275,7302.450895309448,7486.537933349609,8291.530132293701
3,udf_split_and_reuse,ideal,10,10000,67.94548034667969,983.0539226531982,7323.718070983887,8257.824182510376,8304.70609664917
4,udf_split_and_reuse,ideal,10,10000,77.5761604309082,899.5909690856934,7660.12978553772,8578.593015670776,9407.097816467285
5,udf_split_and_reuse,ideal,10,10000,66.08200073242188,933.3529472351074,8016.831874847412,8408.679723739624,8922.101020812988
6,udf_split_and_reuse,ideal,10,10000,77.61359214782715,947.3457336425781,7689.729928970337,8316.07699394226,8110.200881958008
