repetition,optimization,scenario,variant_counts,scale_factors,original_pipeline,analysis_result_with_reuse_opt_rule,analysis_result_with_push_up_opt_rule,analysis_result_without_opt_rule,analysis_result_without_any_opt
0,udf_split_and_reuse,worst_constant,4,1.0,501.4634132385254,882.8599452972412,919.7802543640137,1295.7730293273926,2750.455141067505
1,udf_split_and_reuse,worst_constant,4,1.0,499.1796016693115,919.550895690918,923.8290786743164,1343.0609703063965,2782.6082706451416
2,udf_split_and_reuse,worst_constant,4,1.0,508.5179805755615,888.2780075073242,934.4189167022705,1323.850154876709,2745.239734649658
3,udf_split_and_reuse,worst_constant,4,1.0,530.8859348297119,929.9561977386475,969.120979309082,1356.8401336669922,2887.781858444214
4,udf_split_and_reuse,worst_constant,4,1.0,513.0887031555176,912.4689102172852,920.4988479614258,1301.793098449707,2828.9878368377686
5,udf_split_and_reuse,worst_constant,4,1.0,566.9760704040527,908.4579944610596,933.7143898010254,1321.5558528900146,2822.5009441375732
6,udf_split_and_reuse,worst_constant,4,1.0,510.7126235961914,884.7479820251465,925.3520965576172,1290.287971496582,2829.476833343506
