repetition,optimization,scenario,variant_counts,scale_factors,original_pipeline,analysis_result_with_opt_rule,analysis_result_without_opt_rule,analysis_result_without_any_opt
0,filter_addition_push_up,ideal,4,4.0,15756.829977035522,15282.378673553467,60510.56694984436,61463.73224258423
1,filter_addition_push_up,ideal,4,4.0,14419.68822479248,14618.535995483398,57174.59511756897,58173.25472831726
2,filter_addition_push_up,ideal,4,4.0,14581.314086914062,15072.940587997437,57648.69403839111,58850.02279281616
3,filter_addition_push_up,ideal,4,4.0,15032.872200012207,14855.132579803467,58927.83164978027,59527.151107788086
4,filter_addition_push_up,ideal,4,4.0,15059.227466583252,15194.128274917603,59830.09052276611,60579.91027832031
5,filter_addition_push_up,ideal,4,4.0,14954.313516616821,14860.819578170776,58176.45359039307,59097.25260734558
6,filter_addition_push_up,ideal,4,4.0,14686.802625656128,14707.165956497192,59092.426776885986,59469.01488304138
