repetition,optimization,scenario,variant_counts,scale_factors,original_pipeline,analysis_result_with_opt_rule,analysis_result_without_opt_rule,analysis_result_without_any_opt
0,operator_deletion_filter_push_up,average,8,1.0,602.3280620574951,1133.866548538208,2538.3787155151367,4847.949028015137
1,operator_deletion_filter_push_up,average,8,1.0,592.7445888519287,1156.3613414764404,2571.450710296631,4881.687641143799
2,operator_deletion_filter_push_up,average,8,1.0,601.6826629638672,1191.420555114746,2576.3797760009766,4946.2151527404785
3,operator_deletion_filter_push_up,average,8,1.0,606.2953472137451,1204.3757438659668,2584.0823650360107,4966.075897216797
4,operator_deletion_filter_push_up,average,8,1.0,606.9717407226562,1196.6803073883057,2593.6739444732666,4990.950345993042
5,operator_deletion_filter_push_up,average,8,1.0,600.3618240356445,1191.9519901275635,2554.380178451538,4939.899921417236
6,operator_deletion_filter_push_up,average,8,1.0,604.4015884399414,1206.7601680755615,2565.622329711914,4951.359272003174
