repetition,optimization,scenario,variant_counts,scale_factors,original_pipeline,analysis_result_with_opt_rule,analysis_result_without_opt_rule,analysis_result_without_any_opt
0,operator_deletion_filter_push_up,worst_w_safety,4,1.0,248.09646606445312,1001.4550685882568,1010.479211807251,1015.4879093170166
1,operator_deletion_filter_push_up,worst_w_safety,4,1.0,196.35725021362305,1053.307056427002,808.7325096130371,831.6354751586914
2,operator_deletion_filter_push_up,worst_w_safety,4,1.0,231.80341720581055,947.5822448730469,950.3731727600098,974.2281436920166
3,operator_deletion_filter_push_up,worst_w_safety,4,1.0,229.7656536102295,940.2403831481934,951.3449668884277,960.6773853302002
4,operator_deletion_filter_push_up,worst_w_safety,4,1.0,201.7495632171631,835.6308937072754,832.3726654052734,862.7650737762451
5,operator_deletion_filter_push_up,worst_w_safety,4,1.0,221.482515335083,901.9200801849365,913.3312702178955,934.833288192749
6,operator_deletion_filter_push_up,worst_w_safety,4,1.0,456.1581611633301,1118.9942359924316,1123.9535808563232,1144.5271968841553
