repetition,optimization,scenario,variant_counts,data_size,original_pipeline,analysis_result_with_opt_rule,analysis_result_without_opt_rule,analysis_result_without_any_opt
0,filter_addition_push_up,worst_w_original,4,5000,1420.2015399932861,1404.691219329834,1646.5470790863037,1954.2529582977295
1,filter_addition_push_up,worst_w_original,4,5000,1379.0631294250488,1407.7510833740234,1549.079179763794,1789.1340255737305
2,filter_addition_push_up,worst_w_original,4,5000,1386.446475982666,1407.9842567443848,1571.1820125579834,1651.6270637512207
3,filter_addition_push_up,worst_w_original,4,5000,1375.6465911865234,1533.54811668396,1646.2879180908203,1751.4469623565674
4,filter_addition_push_up,worst_w_original,4,5000,1393.437385559082,1391.2389278411865,1693.5310363769531,1644.9971199035645
5,filter_addition_push_up,worst_w_original,4,5000,1603.1770706176758,1612.8060817718506,1877.0151138305664,2116.020917892456
6,filter_addition_push_up,worst_w_original,4,5000,1510.4448795318604,1553.0250072479248,1686.1350536346436,1935.58669090271
