repetition,optimization,scenario,variant_counts,data_size,original_pipeline,analysis_result_with_reuse_opt_rule,analysis_result_with_push_up_opt_rule,analysis_result_without_opt_rule,analysis_result_without_any_opt
0,udf_split_and_reuse,ideal,6,10000,71.72989845275879,995.3441619873047,4709.965944290161,4636.638164520264,4472.041130065918
1,udf_split_and_reuse,ideal,6,10000,64.56136703491211,940.3047561645508,4112.921953201294,3948.2240676879883,4265.830039978027
2,udf_split_and_reuse,ideal,6,10000,60.10699272155762,841.7441844940186,3709.6030712127686,4000.5898475646973,4016.649007797241
3,udf_split_and_reuse,ideal,6,10000,49.03888702392578,823.5657215118408,4021.4340686798096,4017.169237136841,4338.285207748413
4,udf_split_and_reuse,ideal,6,10000,179.60262298583984,850.3320217132568,3714.7510051727295,3785.590887069702,4027.5208950042725
5,udf_split_and_reuse,ideal,6,10000,50.27318000793457,821.2049007415771,3720.7980155944824,3838.2568359375,4155.746936798096
6,udf_split_and_reuse,ideal,6,10000,49.26276206970215,835.158109664917,3731.53018951416,3807.1138858795166,4369.5387840271
