repetition,optimization,scenario,variant_counts,data_size,original_pipeline,analysis_result_with_reuse_opt_rule,analysis_result_with_push_up_opt_rule,analysis_result_without_opt_rule,analysis_result_without_any_opt
0,udf_split_and_reuse,average,8,200000,530.7900905609131,831.5823078155518,905.5850505828857,2651.686191558838,5056.113719940186
1,udf_split_and_reuse,average,8,200000,502.779483795166,763.1916999816895,852.0529270172119,2621.319055557251,5025.012969970703
2,udf_split_and_reuse,average,8,200000,507.8308582305908,779.3357372283936,863.8591766357422,3328.678846359253,5701.246023178101
3,udf_split_and_reuse,average,8,200000,508.55565071105957,789.309024810791,868.2348728179932,3236.4916801452637,6663.223028182983
4,udf_split_and_reuse,average,8,200000,506.78229331970215,798.7771034240723,897.8140354156494,2682.0619106292725,5028.827905654907
5,udf_split_and_reuse,average,8,200000,717.792272567749,840.9981727600098,913.4800434112549,3138.10396194458,5681.097984313965
6,udf_split_and_reuse,average,8,200000,528.7508964538574,1151.6001224517822,954.2379379272461,3482.7210903167725,5951.683759689331
