repetition,optimization,scenario,variant_counts,scale_factors,original_pipeline,analysis_result_with_opt_rule,analysis_result_without_opt_rule,analysis_result_without_any_opt
0,filter_addition_push_up,ideal,2,1.0,956.1223983764648,960.8514308929443,1907.987117767334,1918.677806854248
1,filter_addition_push_up,ideal,2,1.0,934.9210262298584,944.5204734802246,1845.184564590454,1905.351161956787
2,filter_addition_push_up,ideal,2,1.0,949.1503238677979,951.8716335296631,1876.776933670044,1942.3246383666992
3,filter_addition_push_up,ideal,2,1.0,923.2480525970459,932.1186542510986,1817.8608417510986,2049.3686199188232
4,filter_addition_push_up,ideal,2,1.0,1042.6619052886963,1045.2353954315186,2067.065954208374,2135.53786277771
5,filter_addition_push_up,ideal,2,1.0,994.1332340240479,996.1004257202148,1953.5765647888184,2025.6412029266357
6,filter_addition_push_up,ideal,2,1.0,1140.9127712249756,942.7783489227295,1846.3902473449707,1944.2710876464844
