repetition,optimization,scenario,variant_counts,data_size,original_pipeline,analysis_result_with_opt_rule,analysis_result_without_opt_rule,analysis_result_without_any_opt
0,operator_deletion_filter_push_up,worst_wo_safety,6,2000,71.44737243652344,4159.692049026489,400.18510818481445,594.7530269622803
1,operator_deletion_filter_push_up,worst_wo_safety,6,2000,58.33172798156738,3985.1081371307373,330.22403717041016,380.0969123840332
2,operator_deletion_filter_push_up,worst_wo_safety,6,2000,49.605607986450195,3954.7970294952393,261.4760398864746,311.81788444519043
3,operator_deletion_filter_push_up,worst_wo_safety,6,2000,63.4763240814209,3956.7711353302,349.12800788879395,526.8898010253906
4,operator_deletion_filter_push_up,worst_wo_safety,6,2000,62.76082992553711,4015.3350830078125,361.7420196533203,406.6460132598877
5,operator_deletion_filter_push_up,worst_wo_safety,6,2000,43.02501678466797,4003.5688877105713,252.20394134521484,299.19910430908203
6,operator_deletion_filter_push_up,worst_wo_safety,6,2000,73.92454147338867,4014.866828918457,416.12792015075684,471.6989994049072
