repetition,optimization,scenario,variant_counts,scale_factors,original_pipeline,analysis_result_with_reuse_opt_rule,analysis_result_with_push_up_opt_rule,analysis_result_without_opt_rule,analysis_result_without_any_opt
0,udf_split_and_reuse,worst_wo_safety,4,2.5,26.066064834594727,2323.6546516418457,496.25635147094727,567.8350925445557,606.0042381286621
1,udf_split_and_reuse,worst_wo_safety,4,2.5,25.545835494995117,2325.8004188537598,497.7259635925293,567.7304267883301,607.5820922851562
2,udf_split_and_reuse,worst_wo_safety,4,2.5,26.1380672454834,2305.543899536133,495.2669143676758,562.1075630187988,605.3061485290527
3,udf_split_and_reuse,worst_wo_safety,4,2.5,26.12781524658203,2315.154790878296,498.6133575439453,563.9321804046631,605.8828830718994
4,udf_split_and_reuse,worst_wo_safety,4,2.5,26.44038200378418,2331.7623138427734,498.05402755737305,565.2315616607666,608.1438064575195
5,udf_split_and_reuse,worst_wo_safety,4,2.5,26.49998664855957,2317.7647590637207,501.5096664428711,565.1321411132812,608.1042289733887
6,udf_split_and_reuse,worst_wo_safety,4,2.5,26.946306228637695,2318.5956478118896,506.65926933288574,566.6093826293945,618.1995868682861
