repetition,optimization,scenario,variant_counts,data_size,original_pipeline,analysis_result_with_opt_rule,analysis_result_without_opt_rule,analysis_result_without_any_opt
0,filter_addition_push_up,ideal,4,2000,250.32353401184082,249.03202056884766,910.5868339538574,949.8758316040039
1,filter_addition_push_up,ideal,4,2000,243.1337833404541,251.6920566558838,904.0138721466064,1131.4060688018799
2,filter_addition_push_up,ideal,4,2000,200.3922462463379,201.5371322631836,718.696117401123,775.4318714141846
3,filter_addition_push_up,ideal,4,2000,233.71386528015137,236.69195175170898,827.5721073150635,872.4958896636963
4,filter_addition_push_up,ideal,4,2000,238.21210861206055,238.04688453674316,907.7081680297852,919.8801517486572
5,filter_addition_push_up,ideal,4,2000,232.84387588500977,226.9439697265625,846.4987277984619,895.1961994171143
6,filter_addition_push_up,ideal,4,2000,217.5140380859375,232.89227485656738,832.813024520874,854.8629283905029
