repetition,optimization,scenario,variant_counts,scale_factors,original_pipeline,analysis_result_with_opt,analysis_result_without_any_opt
0,common_subexpression_elimination,average,8,1.0,648.7414836883545,735.5828285217285,5161.844968795776
1,common_subexpression_elimination,average,8,1.0,635.1344585418701,733.4320545196533,5128.426790237427
2,common_subexpression_elimination,average,8,1.0,630.8600902557373,741.9509887695312,5214.688777923584
3,common_subexpression_elimination,average,8,1.0,653.2719135284424,758.0289840698242,5224.843263626099
4,common_subexpression_elimination,average,8,1.0,668.5118675231934,757.5321197509766,5228.047847747803
5,common_subexpression_elimination,average,8,1.0,660.1269245147705,756.1361789703369,5463.932275772095
6,common_subexpression_elimination,average,8,1.0,647.5052833557129,752.4318695068359,5217.866897583008
