repetition,optimization,scenario,variant_counts,scale_factors,original_pipeline,analysis_result_with_opt,analysis_result_without_any_opt
0,common_subexpression_elimination,worst,2,1.0,517.8604125976562,601.5982627868652,1041.3494110107422
1,common_subexpression_elimination,worst,2,1.0,513.3793354034424,594.6087837219238,1030.9803485870361
2,common_subexpression_elimination,worst,2,1.0,510.6832981109619,593.5642719268799,1034.754991531372
3,common_subexpression_elimination,worst,2,1.0,509.3510150909424,596.0760116577148,1023.249626159668
4,common_subexpression_elimination,worst,2,1.0,515.8562660217285,590.0881290435791,1031.022310256958
5,common_subexpression_elimination,worst,2,1.0,516.230583190918,594.9141979217529,1039.2603874206543
6,common_subexpression_elimination,worst,2,1.0,510.33568382263184,592.4592018127441,1028.416395187378
