repetition,optimization,scenario,variant_counts,scale_factors,original_pipeline,analysis_result_with_reuse_opt_rule,analysis_result_with_push_up_opt_rule,analysis_result_without_opt_rule,analysis_result_without_any_opt
0,udf_split_and_reuse,worst_w_safety,4,1.5,63.21978569030762,1362.7262115478516,1365.9977912902832,1530.5612087249756,1626.4142990112305
1,udf_split_and_reuse,worst_w_safety,4,1.5,60.87684631347656,1357.1548461914062,1352.083444595337,1527.0264148712158,1621.211290359497
2,udf_split_and_reuse,worst_w_safety,4,1.5,61.418771743774414,1358.5269451141357,1350.1641750335693,1519.54984664917,1630.41090965271
3,udf_split_and_reuse,worst_w_safety,4,1.5,61.24472618103027,1360.9075546264648,1361.4449501037598,1535.5863571166992,1635.437250137329
4,udf_split_and_reuse,worst_w_safety,4,1.5,62.718868255615234,1367.2518730163574,1370.2647686004639,1536.5614891052246,1634.812355041504
5,udf_split_and_reuse,worst_w_safety,4,1.5,63.28606605529785,1357.4345111846924,1363.3615970611572,1525.076150894165,1618.4325218200684
6,udf_split_and_reuse,worst_w_safety,4,1.5,63.86160850524902,1367.5472736358643,1373.929738998413,1549.3848323822021,1643.2957649230957
