repetition,optimization,scenario,variant_counts,scale_factors,original_pipeline,analysis_result_with_reuse_opt_rule,analysis_result_with_push_up_opt_rule,analysis_result_without_opt_rule,analysis_result_without_any_opt
0,udf_split_and_reuse,ideal,4,1.0,13.78631591796875,944.3068504333496,3473.8054275512695,3524.001121520996,3522.735118865967
1,udf_split_and_reuse,ideal,4,1.0,13.530969619750977,935.3582859039307,3464.2820358276367,3509.27734375,3567.3303604125977
2,udf_split_and_reuse,ideal,4,1.0,13.512134552001953,948.3106136322021,3460.890293121338,3500.9281635284424,3496.9561100006104
3,udf_split_and_reuse,ideal,4,1.0,13.10276985168457,932.0859909057617,3444.476366043091,3512.450695037842,3510.338544845581
4,udf_split_and_reuse,ideal,4,1.0,12.958526611328125,940.0157928466797,3455.612897872925,3480.2894592285156,3546.5502738952637
5,udf_split_and_reuse,ideal,4,1.0,12.983083724975586,936.3725185394287,3446.719169616699,3510.798215866089,3517.832040786743
6,udf_split_and_reuse,ideal,4,1.0,12.828588485717773,932.4305057525635,3434.3619346618652,3491.4488792419434,3504.342794418335
