repetition,optimization,scenario,variant_counts,data_size,original_pipeline,analysis_result_with_opt_rule,analysis_result_without_opt_rule,analysis_result_without_any_opt
0,operator_deletion_filter_push_up,average,4,1000,24.304628372192383,33.97488594055176,51.664113998413086,81.00104331970215
1,operator_deletion_filter_push_up,average,4,1000,23.222923278808594,33.5540771484375,49.12900924682617,78.88269424438477
2,operator_deletion_filter_push_up,average,4,1000,22.14217185974121,31.379222869873047,50.256967544555664,71.20013236999512
3,operator_deletion_filter_push_up,average,4,1000,24.124860763549805,35.36415100097656,48.0198860168457,73.54092597961426
4,operator_deletion_filter_push_up,average,4,1000,22.850751876831055,30.733108520507812,51.93591117858887,82.5343132019043
5,operator_deletion_filter_push_up,average,4,1000,23.51856231689453,32.195091247558594,51.217079162597656,80.56879043579102
6,operator_deletion_filter_push_up,average,4,1000,23.595094680786133,31.698226928710938,50.084829330444336,77.19111442565918
