repetition,optimization,scenario,variant_counts,data_size,original_pipeline,analysis_result_with_opt_rule,analysis_result_without_opt_rule,analysis_result_without_any_opt
0,operator_deletion_filter_push_up,worst_w_safety,2,2000,59.62038040161133,144.62804794311523,142.39907264709473,149.31201934814453
1,operator_deletion_filter_push_up,worst_w_safety,2,2000,59.82160568237305,126.86014175415039,127.69889831542969,135.11991500854492
2,operator_deletion_filter_push_up,worst_w_safety,2,2000,58.61163139343262,128.82566452026367,129.6977996826172,139.2691135406494
3,operator_deletion_filter_push_up,worst_w_safety,2,2000,84.60354804992676,205.20591735839844,209.27906036376953,200.06203651428223
4,operator_deletion_filter_push_up,worst_w_safety,2,2000,56.81467056274414,131.55364990234375,132.35926628112793,140.71083068847656
5,operator_deletion_filter_push_up,worst_w_safety,2,2000,72.52621650695801,171.0500717163086,181.92625045776367,205.03497123718262
6,operator_deletion_filter_push_up,worst_w_safety,2,2000,53.566694259643555,144.27590370178223,163.07997703552246,169.9509620666504
