repetition,optimization,scenario,variant_counts,data_size,original_pipeline,analysis_result_with_reuse_opt_rule,analysis_result_with_push_up_opt_rule,analysis_result_without_opt_rule,analysis_result_without_any_opt
0,udf_split_and_reuse,ideal,4,10000,47.600507736206055,792.165994644165,2186.1631870269775,2289.3900871276855,2545.740842819214
1,udf_split_and_reuse,ideal,4,10000,50.839900970458984,793.6551570892334,2176.255941390991,2229.215145111084,2437.9329681396484
2,udf_split_and_reuse,ideal,4,10000,69.36907768249512,795.6061363220215,2262.5842094421387,2244.853973388672,2370.692014694214
3,udf_split_and_reuse,ideal,4,10000,61.4776611328125,817.5101280212402,2210.017204284668,2209.4757556915283,2373.5439777374268
4,udf_split_and_reuse,ideal,4,10000,50.54926872253418,799.8368740081787,2206.252098083496,2226.722002029419,2370.4278469085693
5,udf_split_and_reuse,ideal,4,10000,49.16715621948242,927.8888702392578,2188.080310821533,2282.189130783081,2394.450902938843
6,udf_split_and_reuse,ideal,4,10000,50.35114288330078,792.686939239502,2172.990083694458,2244.468927383423,2410.4700088500977
