repetition,optimization,scenario,variant_counts,data_size,original_pipeline,analysis_result_with_opt_rule,analysis_result_without_opt_rule,analysis_result_without_any_opt
0,filter_addition_push_up,ideal,6,5000,1447.5998878479004,1472.5911617279053,8161.543846130371,8131.201982498169
1,filter_addition_push_up,ideal,6,5000,1220.7050323486328,1245.408058166504,7276.0560512542725,7355.9410572052
2,filter_addition_push_up,ideal,6,5000,1370.4719543457031,1521.8751430511475,9657.639265060425,8686.434268951416
3,filter_addition_push_up,ideal,6,5000,1457.054853439331,1564.831018447876,8227.13589668274,8669.151067733765
4,filter_addition_push_up,ideal,6,5000,1644.1404819488525,1592.376947402954,9075.266122817993,9421.113014221191
5,filter_addition_push_up,ideal,6,5000,1365.1788234710693,1366.4209842681885,7653.409004211426,8664.22700881958
6,filter_addition_push_up,ideal,6,5000,1825.0737190246582,1641.3769721984863,9729.529857635498,9247.859954833984
