repetition,optimization,scenario,variant_counts,data_size,original_pipeline,analysis_result_with_reuse_opt_rule,analysis_result_with_push_up_opt_rule,analysis_result_without_opt_rule,analysis_result_without_any_opt
0,udf_split_and_reuse,ideal,8,10000,50.325632095336914,900.2752304077148,5375.349998474121,5524.741888046265,6039.21103477478
1,udf_split_and_reuse,ideal,8,10000,57.26146697998047,890.90895652771,5467.087030410767,5533.884048461914,5857.861280441284
2,udf_split_and_reuse,ideal,8,10000,54.1226863861084,1005.0690174102783,5364.76993560791,5402.976036071777,5731.979131698608
3,udf_split_and_reuse,ideal,8,10000,54.04329299926758,865.0798797607422,5323.890924453735,5453.533887863159,5914.121866226196
4,udf_split_and_reuse,ideal,8,10000,48.65217208862305,847.1579551696777,5252.762079238892,5409.456253051758,5750.854969024658
5,udf_split_and_reuse,ideal,8,10000,48.81477355957031,879.8367977142334,5429.49914932251,5467.756986618042,5937.328100204468
6,udf_split_and_reuse,ideal,8,10000,48.11573028564453,888.9560699462891,5264.47606086731,5643.7718868255615,5808.664083480835
