repetition,optimization,scenario,variant_counts,scale_factors,original_pipeline,analysis_result_with_opt_rule,analysis_result_without_opt_rule,analysis_result_without_any_opt
0,projection_push_up,ideal,8,1.0,907.9046249389648,939.6193027496338,7204.117774963379,7025.867700576782
1,projection_push_up,ideal,8,1.0,955.193281173706,977.6570796966553,7643.5112953186035,7673.69818687439
2,projection_push_up,ideal,8,1.0,914.6325588226318,931.8358898162842,7121.718406677246,7633.960247039795
3,projection_push_up,ideal,8,1.0,927.2947311401367,952.2180557250977,7258.639812469482,7418.485403060913
4,projection_push_up,ideal,8,1.0,979.9196720123291,1001.7988681793213,7774.101257324219,7792.436122894287
5,projection_push_up,ideal,8,1.0,716.0136699676514,759.563684463501,5635.80846786499,6105.555772781372
6,projection_push_up,ideal,8,1.0,832.6261043548584,862.3154163360596,6402.385950088501,6700.207233428955
