repetition,optimization,scenario,variant_counts,scale_factors,original_pipeline,analysis_result_with_opt_rule,analysis_result_without_opt_rule,analysis_result_without_any_opt
0,filter_addition_push_up,ideal,2,1.0,1169.9187755584717,1198.6761093139648,2284.9411964416504,2312.3300075531006
1,filter_addition_push_up,ideal,2,1.0,1147.2108364105225,1266.74485206604,2241.528034210205,2267.5020694732666
2,filter_addition_push_up,ideal,2,1.0,1105.4596900939941,1098.9770889282227,2152.44197845459,2206.834316253662
3,filter_addition_push_up,ideal,2,1.0,1165.182113647461,1159.6002578735352,2318.0532455444336,2328.6781311035156
4,filter_addition_push_up,ideal,2,1.0,1187.2096061706543,1190.436840057373,2346.4479446411133,2386.9481086730957
5,filter_addition_push_up,ideal,2,1.0,1225.0487804412842,1236.6969585418701,2417.7491664886475,2573.3377933502197
6,filter_addition_push_up,ideal,2,1.0,1261.671543121338,1271.6569900512695,2467.3118591308594,2481.0609817504883
