repetition,optimization,scenario,variant_counts,data_size,original_pipeline,analysis_result_with_reuse_opt_rule,analysis_result_with_push_up_opt_rule,analysis_result_without_opt_rule,analysis_result_without_any_opt
0,udf_split_and_reuse,average,4,200000,544.9731349945068,722.6440906524658,727.5309562683105,1509.4788074493408,2478.8899421691895
1,udf_split_and_reuse,average,4,200000,501.42621994018555,683.2339763641357,732.4230670928955,1505.1751136779785,2509.727954864502
2,udf_split_and_reuse,average,4,200000,510.12706756591797,721.5681076049805,719.2468643188477,1539.8521423339844,2594.630718231201
3,udf_split_and_reuse,average,4,200000,516.521692276001,691.021203994751,724.1330146789551,1501.997947692871,2523.8327980041504
4,udf_split_and_reuse,average,4,200000,518.7559127807617,715.4617309570312,720.944881439209,1510.0960731506348,2509.165048599243
5,udf_split_and_reuse,average,4,200000,537.4014377593994,698.3051300048828,739.7079467773438,1529.8731327056885,2537.5542640686035
6,udf_split_and_reuse,average,4,200000,522.463321685791,709.5370292663574,737.490177154541,1507.3211193084717,2510.9827518463135
