repetition,optimization,scenario,variant_counts,scale_factors,original_pipeline,analysis_result_with_opt_rule,analysis_result_without_opt_rule,analysis_result_without_any_opt
0,projection_push_up,worst,8,1.0,506.4365863800049,3886.776924133301,3949.9120712280273,4099.7490882873535
1,projection_push_up,worst,8,1.0,498.70824813842773,3924.4699478149414,3975.245237350464,4115.737676620483
2,projection_push_up,worst,8,1.0,515.1679515838623,3966.350555419922,4001.619577407837,4131.4074993133545
3,projection_push_up,worst,8,1.0,502.44688987731934,3950.279712677002,4017.3723697662354,4121.838569641113
4,projection_push_up,worst,8,1.0,504.0280818939209,3918.0006980895996,3971.0705280303955,4115.830183029175
5,projection_push_up,worst,8,1.0,507.0924758911133,3909.7750186920166,3944.502830505371,4098.219156265259
6,projection_push_up,worst,8,1.0,498.90637397766113,3914.264678955078,3934.6349239349365,4075.284004211426
