repetition,optimization,scenario,variant_counts,scale_factors,original_pipeline,analysis_result_with_opt_rule,analysis_result_without_opt_rule,analysis_result_without_any_opt
0,operator_deletion_filter_push_up,ideal,6,1.0,964.3235206604004,1016.7217254638672,5535.613298416138,5632.588624954224
1,operator_deletion_filter_push_up,ideal,6,1.0,931.8456649780273,983.5166931152344,5467.373609542847,5498.190641403198
2,operator_deletion_filter_push_up,ideal,6,1.0,891.5941715240479,983.8278293609619,5406.356334686279,5496.2615966796875
3,operator_deletion_filter_push_up,ideal,6,1.0,908.4513187408447,996.3629245758057,5523.272752761841,5519.859075546265
4,operator_deletion_filter_push_up,ideal,6,1.0,931.0624599456787,1194.3087577819824,5636.451721191406,5525.6407260894775
5,operator_deletion_filter_push_up,ideal,6,1.0,920.001745223999,1011.6453170776367,5659.713268280029,5626.938819885254
6,operator_deletion_filter_push_up,ideal,6,1.0,926.6188144683838,995.5191612243652,5532.767772674561,5583.91809463501
