repetition,optimization,scenario,variant_counts,scale_factors,original_pipeline,analysis_result_with_reuse_opt_rule,analysis_result_with_push_up_opt_rule,analysis_result_without_opt_rule,analysis_result_without_any_opt
0,udf_split_and_reuse,worst_constant,4,2.0,713.8097286224365,1511.4688873291016,1511.0197067260742,1614.311695098877,3347.24760055542
1,udf_split_and_reuse,worst_constant,4,2.0,713.7179374694824,1488.7776374816895,1498.8906383514404,1612.5638484954834,3314.502716064453
2,udf_split_and_reuse,worst_constant,4,2.0,710.8118534088135,1487.4589443206787,1498.936414718628,1606.9958209991455,3322.6001262664795
3,udf_split_and_reuse,worst_constant,4,2.0,716.0131931304932,1506.425142288208,1517.7359580993652,1626.389503479004,3359.013795852661
4,udf_split_and_reuse,worst_constant,4,2.0,715.3449058532715,1496.741533279419,1514.3213272094727,1603.8801670074463,3347.975492477417
5,udf_split_and_reuse,worst_constant,4,2.0,714.6663665771484,1487.457275390625,1498.5291957855225,1600.5656719207764,3326.5140056610107
6,udf_split_and_reuse,worst_constant,4,2.0,724.1888046264648,1509.5429420471191,1524.198055267334,1613.435983657837,3336.477756500244
