repetition,optimization,scenario,variant_counts,scale_factors,original_pipeline,analysis_result_with_reuse_opt_rule,analysis_result_with_push_up_opt_rule,analysis_result_without_opt_rule,analysis_result_without_any_opt
0,udf_split_and_reuse,average,4,1.0,802.3226261138916,1006.4892768859863,1163.0136966705322,2159.823179244995,3607.132911682129
1,udf_split_and_reuse,average,4,1.0,741.3027286529541,998.9409446716309,906.4059257507324,2067.9471492767334,3474.4858741760254
2,udf_split_and_reuse,average,4,1.0,669.9976921081543,871.80495262146,1011.6331577301025,2136.5981101989746,3338.1919860839844
3,udf_split_and_reuse,average,4,1.0,662.4505519866943,953.4640312194824,970.8726406097412,2106.6699028015137,3435.2450370788574
4,udf_split_and_reuse,average,4,1.0,705.7271003723145,945.976734161377,959.2709541320801,2102.905035018921,3570.9240436553955
5,udf_split_and_reuse,average,4,1.0,727.8707027435303,1021.9299793243408,1046.3368892669678,2189.7830963134766,3640.331029891968
6,udf_split_and_reuse,average,4,1.0,707.7250480651855,991.3511276245117,1017.6057815551758,2189.3839836120605,3484.170913696289
