repetition,optimization,scenario,variant_counts,scale_factors,original_pipeline,analysis_result_with_opt_rule,analysis_result_without_opt_rule,analysis_result_without_any_opt
0,filter_addition_push_up,ideal,2,1.0,1145.8444595336914,1345.1220989227295,2380.3088665008545,2532.579183578491
1,filter_addition_push_up,ideal,2,1.0,1249.0696907043457,1217.1542644500732,1798.764944076538,1932.9988956451416
2,filter_addition_push_up,ideal,2,1.0,801.1879920959473,808.1259727478027,1570.2698230743408,1576.7788887023926
3,filter_addition_push_up,ideal,2,1.0,907.2117805480957,928.3640384674072,1764.4460201263428,1815.7029151916504
4,filter_addition_push_up,ideal,2,1.0,987.3168468475342,1112.7750873565674,1962.8181457519531,1995.1419830322266
5,filter_addition_push_up,ideal,2,1.0,873.3007907867432,885.9589099884033,1747.431993484497,1757.4868202209473
6,filter_addition_push_up,ideal,2,1.0,774.0650177001953,769.9179649353027,1522.702932357788,1562.490701675415
