repetition,optimization,scenario,variant_counts,scale_factors,original_pipeline,analysis_result_with_reuse_opt_rule,analysis_result_with_push_up_opt_rule,analysis_result_without_opt_rule,analysis_result_without_any_opt
0,udf_split_and_reuse,ideal,4,1.0,22.655725479125977,931.3981533050537,2643.3968544006348,2727.9610633850098,2777.101993560791
1,udf_split_and_reuse,ideal,4,1.0,27.351856231689453,933.9578151702881,2624.882221221924,2735.5000972747803,2782.2649478912354
2,udf_split_and_reuse,ideal,4,1.0,28.5491943359375,948.6868381500244,2629.2688846588135,2875.9570121765137,2929.5639991760254
3,udf_split_and_reuse,ideal,4,1.0,27.52685546875,955.010175704956,2692.1310424804688,2777.172088623047,2866.9919967651367
4,udf_split_and_reuse,ideal,4,1.0,27.875900268554688,1001.859188079834,2699.7127532958984,2719.047784805298,2969.968795776367
5,udf_split_and_reuse,ideal,4,1.0,26.39937400817871,959.0368270874023,2870.1510429382324,2865.349054336548,3150.235891342163
6,udf_split_and_reuse,ideal,4,1.0,29.19459342956543,953.1548023223877,2795.936107635498,2734.813928604126,2934.941053390503
