repetition,optimization,scenario,variant_counts,scale_factors,original_pipeline,analysis_result_with_opt_rule,analysis_result_without_opt_rule,analysis_result_without_any_opt
0,filter_addition_push_up,worst_w_original,6,1.0,993.3323860168457,1000.6020069122314,1369.3969249725342,1343.203067779541
1,filter_addition_push_up,worst_w_original,6,1.0,973.3169078826904,971.6949462890625,1258.6429119110107,1292.3130989074707
2,filter_addition_push_up,worst_w_original,6,1.0,967.1847820281982,975.7628440856934,1252.7790069580078,1286.851167678833
3,filter_addition_push_up,worst_w_original,6,1.0,1074.187994003296,956.9840431213379,1268.928050994873,1310.0848197937012
4,filter_addition_push_up,worst_w_original,6,1.0,947.2761154174805,948.2598304748535,1243.5328960418701,1257.3261260986328
5,filter_addition_push_up,worst_w_original,6,1.0,937.4043941497803,948.0898380279541,1229.7639846801758,1247.3511695861816
6,filter_addition_push_up,worst_w_original,6,1.0,953.8753032684326,950.2439498901367,1199.2340087890625,1225.2719402313232
