repetition,optimization,scenario,variant_counts,data_size,original_pipeline,analysis_result_with_reuse_opt_rule,analysis_result_with_push_up_opt_rule,analysis_result_without_opt_rule,analysis_result_without_any_opt
0,udf_split_and_reuse,worst_w_safety,6,10000,18.939495086669922,247.97606468200684,243.1621551513672,301.70702934265137,377.22206115722656
1,udf_split_and_reuse,worst_w_safety,6,10000,22.228240966796875,266.09206199645996,244.1577911376953,299.08204078674316,387.5157833099365
2,udf_split_and_reuse,worst_w_safety,6,10000,17.14468002319336,247.77984619140625,246.8852996826172,298.80809783935547,351.1629104614258
3,udf_split_and_reuse,worst_w_safety,6,10000,18.473148345947266,240.2329444885254,256.06393814086914,290.62700271606445,344.9211120605469
4,udf_split_and_reuse,worst_w_safety,6,10000,20.747900009155273,250.72574615478516,250.4749298095703,298.51698875427246,362.32709884643555
5,udf_split_and_reuse,worst_w_safety,6,10000,17.1658992767334,247.81274795532227,243.19195747375488,288.4678840637207,364.6719455718994
6,udf_split_and_reuse,worst_w_safety,6,10000,17.469167709350586,253.90887260437012,242.5680160522461,299.8538017272949,361.7980480194092
