repetition,optimization,scenario,variant_counts,scale_factors,original_pipeline,analysis_result_with_opt_rule,analysis_result_without_opt_rule,analysis_result_without_any_opt
0,projection_push_up,worst,2,1.0,522.1424102783203,1290.3470993041992,1566.9727325439453,1164.8929119110107
1,projection_push_up,worst,2,1.0,494.0469264984131,1053.7528991699219,974.635124206543,999.4542598724365
2,projection_push_up,worst,2,1.0,497.6620674133301,927.2792339324951,952.78000831604,965.543270111084
3,projection_push_up,worst,2,1.0,474.7273921966553,1087.4760150909424,934.3011379241943,1018.8210010528564
4,projection_push_up,worst,2,1.0,470.55530548095703,935.7068538665771,938.9262199401855,968.6307907104492
5,projection_push_up,worst,2,1.0,477.3716926574707,947.9250907897949,956.7773342132568,1016.1700248718262
6,projection_push_up,worst,2,1.0,527.1153450012207,1053.8411140441895,1297.6412773132324,1063.3540153503418
