repetition,optimization,scenario,variant_counts,scale_factors,original_pipeline,analysis_result_with_opt_rule,analysis_result_without_opt_rule,analysis_result_without_any_opt
0,operator_deletion_filter_push_up,average,4,3.5,2204.313039779663,2693.608045578003,5565.1609897613525,8782.99355506897
1,operator_deletion_filter_push_up,average,4,3.5,2168.0727005004883,2658.583641052246,5615.189790725708,8682.85059928894
2,operator_deletion_filter_push_up,average,4,3.5,2171.1084842681885,2687.244653701782,5549.804449081421,8718.86658668518
3,operator_deletion_filter_push_up,average,4,3.5,2144.709348678589,2672.0616817474365,5542.001247406006,8668.320178985596
4,operator_deletion_filter_push_up,average,4,3.5,2120.168447494507,2661.022663116455,5592.589855194092,8634.150981903076
5,operator_deletion_filter_push_up,average,4,3.5,2115.324020385742,2657.031774520874,5576.256036758423,8690.83309173584
6,operator_deletion_filter_push_up,average,4,3.5,2125.314950942993,2663.5868549346924,5617.554664611816,8684.290170669556
