repetition,optimization,scenario,variant_counts,scale_factors,original_pipeline,analysis_result_with_opt_rule,analysis_result_without_opt_rule,analysis_result_without_any_opt
0,projection_push_up,worst,6,1.0,477.0927429199219,2714.4129276275635,2758.03804397583,2917.8712368011475
1,projection_push_up,worst,6,1.0,541.433572769165,2712.082862854004,2733.9649200439453,2976.177930831909
2,projection_push_up,worst,6,1.0,467.05126762390137,2685.065984725952,2729.491949081421,2932.3949813842773
3,projection_push_up,worst,6,1.0,492.51365661621094,2758.4147453308105,2826.5349864959717,3241.098165512085
4,projection_push_up,worst,6,1.0,652.8644561767578,3013.692855834961,2877.345085144043,3087.973117828369
5,projection_push_up,worst,6,1.0,490.91219902038574,2735.067844390869,2762.3658180236816,2964.9128913879395
6,projection_push_up,worst,6,1.0,469.9733257293701,2713.306188583374,2744.5287704467773,2965.541124343872
