repetition,optimization,scenario,variant_counts,scale_factors,original_pipeline,analysis_result_with_opt_rule,analysis_result_without_opt_rule,analysis_result_without_any_opt
0,filter_addition_push_up,worst_wo_original,4,0.5,263.95702362060547,290.0538444519043,82.16285705566406,100.6002426147461
1,filter_addition_push_up,worst_wo_original,4,0.5,259.4337463378906,283.4188938140869,142.52901077270508,148.5610008239746
2,filter_addition_push_up,worst_wo_original,4,0.5,274.822473526001,321.43688201904297,89.12777900695801,165.3590202331543
3,filter_addition_push_up,worst_wo_original,4,0.5,269.32740211486816,256.8230628967285,96.14396095275879,102.39410400390625
4,filter_addition_push_up,worst_wo_original,4,0.5,253.2351016998291,255.33318519592285,90.71087837219238,119.33207511901855
5,filter_addition_push_up,worst_wo_original,4,0.5,248.63791465759277,263.05317878723145,76.2171745300293,91.92204475402832
6,filter_addition_push_up,worst_wo_original,4,0.5,254.47773933410645,405.3370952606201,116.67823791503906,124.42588806152344
