repetition,optimization,scenario,variant_counts,data_size,original_pipeline,analysis_result_with_reuse_opt_rule,analysis_result_with_push_up_opt_rule,analysis_result_without_opt_rule,analysis_result_without_any_opt
0,udf_split_and_reuse,ideal,2,10000,58.441162109375,824.3992328643799,826.3049125671387,830.9979438781738,1080.4548263549805
1,udf_split_and_reuse,ideal,2,10000,59.087276458740234,824.073076248169,809.5927238464355,833.4829807281494,888.9660835266113
2,udf_split_and_reuse,ideal,2,10000,67.60573387145996,828.0158042907715,817.9240226745605,821.4478492736816,880.702018737793
3,udf_split_and_reuse,ideal,2,10000,58.59184265136719,813.6250972747803,837.867021560669,837.8181457519531,909.3689918518066
4,udf_split_and_reuse,ideal,2,10000,170.45164108276367,825.3722190856934,820.5568790435791,839.0920162200928,892.7242755889893
5,udf_split_and_reuse,ideal,2,10000,58.260440826416016,826.6618251800537,827.5830745697021,845.8709716796875,883.8279247283936
6,udf_split_and_reuse,ideal,2,10000,55.330753326416016,846.0369110107422,837.1162414550781,879.7690868377686,1046.3368892669678
