repetition,optimization,scenario,variant_counts,scale_factors,original_pipeline,analysis_result_with_opt_rule,analysis_result_without_opt_rule,analysis_result_without_any_opt
0,projection_push_up,worst,10,1.0,500.46467781066895,4859.15470123291,4983.6225509643555,5131.016254425049
1,projection_push_up,worst,10,1.0,506.69193267822266,4912.6434326171875,4960.745573043823,5143.004417419434
2,projection_push_up,worst,10,1.0,508.2998275756836,4939.06307220459,5018.823146820068,5075.595140457153
3,projection_push_up,worst,10,1.0,497.8163242340088,4895.655632019043,4914.618492126465,5122.329473495483
4,projection_push_up,worst,10,1.0,492.31481552124023,4851.649761199951,4917.807817459106,5054.760217666626
5,projection_push_up,worst,10,1.0,495.4109191894531,4831.337451934814,4890.381574630737,5048.191070556641
6,projection_push_up,worst,10,1.0,491.7774200439453,4830.871820449829,4865.967035293579,5050.347328186035
