repetition,optimization,scenario,variant_counts,scale_factors,original_pipeline,analysis_result_with_opt_rule,analysis_result_without_opt_rule,analysis_result_without_any_opt
0,filter_addition_push_up,worst_w_original,8,1.0,1023.5717296600342,995.349645614624,1487.863540649414,1495.1403141021729
1,filter_addition_push_up,worst_w_original,8,1.0,993.1528568267822,980.3483486175537,1415.2488708496094,1438.7016296386719
2,filter_addition_push_up,worst_w_original,8,1.0,984.9846363067627,983.6697578430176,1517.6641941070557,1769.7670459747314
3,filter_addition_push_up,worst_w_original,8,1.0,965.0366306304932,977.250337600708,1413.872480392456,1457.5891494750977
4,filter_addition_push_up,worst_w_original,8,1.0,970.4625606536865,984.384298324585,1425.6782531738281,1466.0263061523438
5,filter_addition_push_up,worst_w_original,8,1.0,959.0799808502197,975.0328063964844,1308.8865280151367,1358.7062358856201
6,filter_addition_push_up,worst_w_original,8,1.0,965.8041000366211,984.1184616088867,1471.2069034576416,1518.277883529663
