repetition,optimization,scenario,variant_counts,data_size,analysis_result_with_opt_rule,analysis_result_without_opt_rule,analysis_result_without_any_opt
0,filter_addition_push_up,ideal,5,1000,76.30801200866699,274.31392669677734,316.4522647857666
1,filter_addition_push_up,ideal,5,1000,77.1639347076416,289.0770435333252,328.9759159088135
2,filter_addition_push_up,ideal,5,1000,68.55607032775879,251.96599960327148,296.02885246276855
3,filter_addition_push_up,ideal,5,1000,202.66318321228027,248.46792221069336,288.91801834106445
4,filter_addition_push_up,ideal,5,1000,79.76794242858887,292.7978038787842,332.8287601470947
5,filter_addition_push_up,ideal,5,1000,114.27807807922363,391.0059928894043,412.7061367034912
6,filter_addition_push_up,ideal,5,1000,73.04906845092773,261.81912422180176,304.93879318237305
