repetition,optimization,scenario,variant_counts,data_size,original_pipeline,analysis_result_with_reuse_opt_rule,analysis_result_with_push_up_opt_rule,analysis_result_without_opt_rule,analysis_result_without_any_opt
0,udf_split_and_reuse,worst_constant,8,100000,109.55286026000977,249.10497665405273,246.8101978302002,440.17505645751953,1346.487045288086
1,udf_split_and_reuse,worst_constant,8,100000,123.97146224975586,281.0540199279785,293.72310638427734,553.1539916992188,1501.9829273223877
2,udf_split_and_reuse,worst_constant,8,100000,122.30944633483887,280.26413917541504,283.2779884338379,422.20592498779297,1629.8587322235107
3,udf_split_and_reuse,worst_constant,8,100000,117.05756187438965,292.39416122436523,364.0449047088623,422.21975326538086,1251.5897750854492
4,udf_split_and_reuse,worst_constant,8,100000,97.13554382324219,260.516881942749,343.58811378479004,490.2479648590088,1217.3349857330322
5,udf_split_and_reuse,worst_constant,8,100000,111.18197441101074,219.58398818969727,242.22183227539062,522.0732688903809,1136.2543106079102
6,udf_split_and_reuse,worst_constant,8,100000,108.02793502807617,252.14385986328125,236.7558479309082,385.5547904968262,1174.3478775024414
