repetition,optimization,scenario,variant_counts,scale_factors,original_pipeline,analysis_result_with_reuse_opt_rule,analysis_result_with_push_up_opt_rule,analysis_result_without_opt_rule,analysis_result_without_any_opt
0,udf_split_and_reuse,worst_w_safety,8,1.0,41.31269454956055,1756.1891078948975,1749.7293949127197,2005.6877136230469,2168.915033340454
1,udf_split_and_reuse,worst_w_safety,8,1.0,41.902780532836914,1756.096601486206,1754.6706199645996,1992.661476135254,2155.9815406799316
2,udf_split_and_reuse,worst_w_safety,8,1.0,41.806936264038086,1764.3775939941406,1755.3973197937012,2012.002944946289,2178.550958633423
3,udf_split_and_reuse,worst_w_safety,8,1.0,40.4512882232666,1752.2990703582764,1747.9445934295654,2005.4407119750977,2176.6750812530518
4,udf_split_and_reuse,worst_w_safety,8,1.0,41.0914421081543,1755.4314136505127,1754.5804977416992,2016.1259174346924,2170.750856399536
5,udf_split_and_reuse,worst_w_safety,8,1.0,41.76139831542969,1761.047601699829,1755.9008598327637,2000.6730556488037,2170.7370281219482
6,udf_split_and_reuse,worst_w_safety,8,1.0,41.4278507232666,1753.9451122283936,1751.659631729126,1993.8163757324219,2175.650119781494
