repetition,optimization,scenario,variant_counts,scale_factors,original_pipeline,analysis_result_with_reuse_opt_rule,analysis_result_with_push_up_opt_rule,analysis_result_without_opt_rule,analysis_result_without_any_opt
0,udf_split_and_reuse,worst_constant,4,1.0,441.61248207092285,918.809175491333,919.0378189086914,1019.5119380950928,2210.141897201538
1,udf_split_and_reuse,worst_constant,4,1.0,429.9468994140625,992.6891326904297,972.7630615234375,1074.3811130523682,2142.3487663269043
2,udf_split_and_reuse,worst_constant,4,1.0,433.90941619873047,941.3349628448486,949.6052265167236,1066.014051437378,2348.7601280212402
3,udf_split_and_reuse,worst_constant,4,1.0,619.1356182098389,1125.8220672607422,1068.2733058929443,1320.0829029083252,2400.505781173706
4,udf_split_and_reuse,worst_constant,4,1.0,492.86675453186035,924.389123916626,939.7861957550049,1028.6178588867188,2211.503028869629
5,udf_split_and_reuse,worst_constant,4,1.0,427.9215335845947,895.092248916626,891.03102684021,990.4770851135254,2072.160005569458
6,udf_split_and_reuse,worst_constant,4,1.0,508.4187984466553,1011.9190216064453,1213.0541801452637,1079.5159339904785,2561.906337738037
