repetition,optimization,scenario,variant_counts,scale_factors,original_pipeline,analysis_result_with_opt_rule,analysis_result_without_opt_rule,analysis_result_without_any_opt
0,projection_push_up,average,2,1.0,556.0064315795898,634.6814632415771,962.7346992492676,1246.2637424468994
1,projection_push_up,average,2,1.0,549.2517948150635,624.0475177764893,929.0082454681396,1241.9307231903076
2,projection_push_up,average,2,1.0,545.7339286804199,633.8362693786621,942.5086975097656,1235.9368801116943
3,projection_push_up,average,2,1.0,546.0109710693359,656.5895080566406,988.1598949432373,1272.3610401153564
4,projection_push_up,average,2,1.0,567.9671764373779,654.1411876678467,1008.6278915405273,1258.7611675262451
5,projection_push_up,average,2,1.0,570.2328681945801,648.8242149353027,988.8527393341064,1267.848253250122
6,projection_push_up,average,2,1.0,566.788911819458,648.3259201049805,972.0263481140137,1257.2448253631592
