repetition,optimization,scenario,variant_counts,scale_factors,original_pipeline,analysis_result_with_opt,analysis_result_without_any_opt
0,common_subexpression_elimination,ideal,2,1.0,941.7901039123535,951.0786533355713,1900.6989002227783
1,common_subexpression_elimination,ideal,2,1.0,1177.4005889892578,959.9456787109375,1901.5285968780518
2,common_subexpression_elimination,ideal,2,1.0,976.5846729278564,1007.6453685760498,1965.6291007995605
3,common_subexpression_elimination,ideal,2,1.0,975.0649929046631,973.6154079437256,1977.6356220245361
4,common_subexpression_elimination,ideal,2,1.0,930.4165840148926,931.143045425415,2058.3953857421875
5,common_subexpression_elimination,ideal,2,1.0,970.9930419921875,970.2968597412109,1979.0678024291992
6,common_subexpression_elimination,ideal,2,1.0,933.6185455322266,933.7255954742432,1905.550479888916
