repetition,optimization,scenario,variant_counts,data_size,original_pipeline,analysis_result_with_opt_rule,analysis_result_without_opt_rule,analysis_result_without_any_opt
0,filter_addition_push_up,ideal,4,5000,1425.6665706634521,1445.5020427703857,5618.365287780762,5471.6691970825195
1,filter_addition_push_up,ideal,4,5000,1411.8528366088867,1393.8910961151123,5433.073043823242,5676.483869552612
2,filter_addition_push_up,ideal,4,5000,1364.8674488067627,1383.803129196167,5445.678234100342,5453.016042709351
3,filter_addition_push_up,ideal,4,5000,1474.0571975708008,1476.410150527954,5598.834276199341,5733.50191116333
4,filter_addition_push_up,ideal,4,5000,1354.1853427886963,1484.6830368041992,5221.972942352295,5321.400165557861
5,filter_addition_push_up,ideal,4,5000,1461.4942073822021,1501.3580322265625,5800.827980041504,5793.956995010376
6,filter_addition_push_up,ideal,4,5000,1403.7857055664062,1380.199909210205,5222.779989242554,5384.619951248169
