repetition,optimization,scenario,variant_counts,data_size,analysis_result_with_opt_rule,analysis_result_without_opt_rule,analysis_result_without_any_opt
0,projection_push_up,ideal,5,1000,68.79687309265137,223.0222225189209,272.83287048339844
1,projection_push_up,ideal,5,1000,87.10670471191406,327.4211883544922,367.5827980041504
2,projection_push_up,ideal,5,1000,76.45416259765625,265.2699947357178,307.31797218322754
3,projection_push_up,ideal,5,1000,77.91519165039062,272.56107330322266,310.8789920806885
4,projection_push_up,ideal,5,1000,83.67729187011719,295.8829402923584,337.34583854675293
5,projection_push_up,ideal,5,1000,92.93270111083984,337.5370502471924,385.8931064605713
6,projection_push_up,ideal,5,1000,81.69388771057129,286.44800186157227,327.1958827972412
