repetition,optimization,scenario,variant_counts,scale_factors,original_pipeline,analysis_result_with_reuse_opt_rule,analysis_result_with_push_up_opt_rule,analysis_result_without_opt_rule,analysis_result_without_any_opt
0,udf_split_and_reuse,worst_w_safety,10,1.0,42.47117042541504,2233.3481311798096,2238.1958961486816,2577.075958251953,2776.3609886169434
1,udf_split_and_reuse,worst_w_safety,10,1.0,41.98813438415527,2234.346628189087,2236.9048595428467,2547.292470932007,2768.8472270965576
2,udf_split_and_reuse,worst_w_safety,10,1.0,41.29338264465332,2265.7485008239746,2265.947103500366,2592.7681922912598,2791.5260791778564
3,udf_split_and_reuse,worst_w_safety,10,1.0,41.92519187927246,2242.8832054138184,2258.3720684051514,2583.465814590454,2767.9998874664307
4,udf_split_and_reuse,worst_w_safety,10,1.0,42.862653732299805,2242.9938316345215,2247.9751110076904,2559.319496154785,2767.5259113311768
5,udf_split_and_reuse,worst_w_safety,10,1.0,42.53864288330078,2244.8434829711914,2246.105432510376,2568.629264831543,2787.752866744995
6,udf_split_and_reuse,worst_w_safety,10,1.0,42.44279861450195,2237.823486328125,2244.6649074554443,2563.279867172241,2770.881414413452
