repetition,optimization,scenario,variant_counts,data_size,analysis_result_with_opt_rule,analysis_result_without_opt_rule,analysis_result_without_any_opt
0,filter_addition_push_up,worst_wo_original,2,5000,1362.4820709228516,103.62815856933594,281.3408374786377
1,filter_addition_push_up,worst_wo_original,2,5000,1292.5810813903809,186.56420707702637,218.4290885925293
2,filter_addition_push_up,worst_wo_original,2,5000,1467.0000076293945,212.54491806030273,364.05491828918457
3,filter_addition_push_up,worst_wo_original,2,5000,1535.6900691986084,238.7840747833252,283.2779884338379
4,filter_addition_push_up,worst_wo_original,2,5000,1375.7679462432861,167.4940586090088,313.4441375732422
5,filter_addition_push_up,worst_wo_original,2,5000,1449.6009349822998,113.81721496582031,143.25499534606934
6,filter_addition_push_up,worst_wo_original,2,5000,1497.251272201538,203.93681526184082,226.75800323486328
