repetition,optimization,scenario,variant_counts,scale_factors,original_pipeline,analysis_result_with_opt_rule,analysis_result_without_opt_rule,analysis_result_without_any_opt
0,filter_addition_push_up,worst_wo_original,4,1.0,1023.4124660491943,984.1330051422119,307.27148056030273,326.45583152770996
1,filter_addition_push_up,worst_wo_original,4,1.0,992.2773838043213,974.5156764984131,247.58219718933105,264.02902603149414
2,filter_addition_push_up,worst_wo_original,4,1.0,985.8872890472412,966.7503833770752,261.43527030944824,276.17907524108887
3,filter_addition_push_up,worst_wo_original,4,1.0,988.5568618774414,981.7466735839844,293.1714057922363,532.1836471557617
4,filter_addition_push_up,worst_wo_original,4,1.0,979.8469543457031,979.7565937042236,206.8004608154297,224.9159812927246
5,filter_addition_push_up,worst_wo_original,4,1.0,967.2832489013672,974.0839004516602,246.81401252746582,265.08617401123047
6,filter_addition_push_up,worst_wo_original,4,1.0,969.8326587677002,973.961353302002,288.5861396789551,306.25081062316895
