repetition,optimization,scenario,variant_counts,scale_factors,original_pipeline,analysis_result_with_opt_rule,analysis_result_without_opt_rule,analysis_result_without_any_opt
0,operator_deletion_filter_push_up,ideal,2,1.0,997.6718425750732,995.4302310943604,1939.7361278533936,1941.4496421813965
1,operator_deletion_filter_push_up,ideal,2,1.0,970.7226753234863,989.7587299346924,1942.9116249084473,1957.9501152038574
2,operator_deletion_filter_push_up,ideal,2,1.0,969.2304134368896,981.8713665008545,1936.1422061920166,1953.9358615875244
3,operator_deletion_filter_push_up,ideal,2,1.0,980.0310134887695,1211.1897468566895,1913.7065410614014,1922.370195388794
4,operator_deletion_filter_push_up,ideal,2,1.0,960.3824615478516,974.8497009277344,1907.5722694396973,1919.3804264068604
5,operator_deletion_filter_push_up,ideal,2,1.0,949.3429660797119,984.755277633667,1912.3954772949219,1940.178394317627
6,operator_deletion_filter_push_up,ideal,2,1.0,954.1959762573242,972.8138446807861,1916.9268608093262,1951.6799449920654
