repetition,optimization,scenario,variant_counts,scale_factors,original_pipeline,analysis_result_with_reuse_opt_rule,analysis_result_with_push_up_opt_rule,analysis_result_without_opt_rule,analysis_result_without_any_opt
0,udf_split_and_reuse,average,4,4.0,2213.097333908081,2814.0571117401123,3025.3515243530273,7433.187246322632,10185.912132263184
1,udf_split_and_reuse,average,4,4.0,2217.057704925537,2839.9572372436523,3035.1829528808594,7173.589706420898,9993.937015533447
2,udf_split_and_reuse,average,4,4.0,2204.1399478912354,2805.1586151123047,3013.265371322632,7136.620044708252,10015.153408050537
3,udf_split_and_reuse,average,4,4.0,2175.9567260742188,2816.8389797210693,2992.549180984497,7185.213088989258,9979.748010635376
4,udf_split_and_reuse,average,4,4.0,2181.2329292297363,2768.540859222412,2958.3652019500732,7042.6695346832275,10016.40510559082
5,udf_split_and_reuse,average,4,4.0,2182.035446166992,2820.55401802063,3011.9028091430664,7091.789722442627,9947.311401367188
6,udf_split_and_reuse,average,4,4.0,2189.455032348633,2779.8397541046143,2966.2880897521973,7080.779075622559,10025.318622589111
