repetition,optimization,scenario,variant_counts,scale_factors,original_pipeline,analysis_result_with_reuse_opt_rule,analysis_result_with_push_up_opt_rule,analysis_result_without_opt_rule,analysis_result_without_any_opt
0,udf_split_and_reuse,average,6,1.0,221.3420867919922,1117.9745197296143,1226.0489463806152,1232.485294342041,1602.1232604980469
1,udf_split_and_reuse,average,6,1.0,217.1463966369629,1118.5073852539062,1209.8617553710938,1256.225824356079,1609.8484992980957
2,udf_split_and_reuse,average,6,1.0,216.97616577148438,1108.56294631958,1191.7827129364014,1240.3109073638916,1606.0543060302734
3,udf_split_and_reuse,average,6,1.0,222.8243350982666,1120.2635765075684,1195.0080394744873,1248.0928897857666,1573.2040405273438
4,udf_split_and_reuse,average,6,1.0,219.3315029144287,1135.2076530456543,1205.1513195037842,1253.3929347991943,1614.4435405731201
5,udf_split_and_reuse,average,6,1.0,224.3180274963379,1092.926263809204,1212.1572494506836,1237.9379272460938,1639.2908096313477
6,udf_split_and_reuse,average,6,1.0,225.30770301818848,1134.798288345337,1200.5228996276855,1246.2503910064697,1645.9503173828125
