repetition,optimization,scenario,variant_counts,data_size,analysis_result_with_opt_rule,analysis_result_without_opt_rule,analysis_result_without_any_opt
0,operator_deletion_filter_push_up,worst_w_safety,10,2000,493.49117279052734,624.9630451202393,594.2211151123047
1,operator_deletion_filter_push_up,worst_w_safety,10,2000,507.7848434448242,529.778003692627,618.5500621795654
2,operator_deletion_filter_push_up,worst_w_safety,10,2000,853.234052658081,766.5238380432129,851.3190746307373
3,operator_deletion_filter_push_up,worst_w_safety,10,2000,547.5130081176758,541.0118103027344,774.6210098266602
4,operator_deletion_filter_push_up,worst_w_safety,10,2000,476.69506072998047,473.721981048584,569.1049098968506
5,operator_deletion_filter_push_up,worst_w_safety,10,2000,618.0322170257568,592.9110050201416,700.1290321350098
6,operator_deletion_filter_push_up,worst_w_safety,10,2000,464.4439220428467,467.53573417663574,563.4341239929199
