repetition,optimization,scenario,variant_counts,scale_factors,original_pipeline,analysis_result_with_opt_rule,analysis_result_without_opt_rule,analysis_result_without_any_opt
0,operator_deletion_filter_push_up,worst_wo_safety,4,1.0,65.32073020935059,975.2178192138672,226.70269012451172,240.16880989074707
1,operator_deletion_filter_push_up,worst_wo_safety,4,1.0,51.27143859863281,942.4178600311279,195.46079635620117,215.98100662231445
2,operator_deletion_filter_push_up,worst_wo_safety,4,1.0,74.47934150695801,929.3897151947021,271.72398567199707,298.8898754119873
3,operator_deletion_filter_push_up,worst_wo_safety,4,1.0,60.129642486572266,905.9720039367676,221.65203094482422,245.55397033691406
4,operator_deletion_filter_push_up,worst_wo_safety,4,1.0,60.224056243896484,941.4689540863037,234.5449924468994,248.8570213317871
5,operator_deletion_filter_push_up,worst_wo_safety,4,1.0,55.69148063659668,911.0028743743896,208.01997184753418,229.46596145629883
6,operator_deletion_filter_push_up,worst_wo_safety,4,1.0,66.18499755859375,913.6831760406494,256.6790580749512,271.58188819885254
