repetition,optimization,scenario,variant_counts,scale_factors,original_pipeline,analysis_result_with_opt_rule,analysis_result_without_opt_rule,analysis_result_without_any_opt
0,projection_push_up,ideal,4,0.5,254.44674491882324,264.76001739501953,974.9717712402344,1023.9698886871338
1,projection_push_up,ideal,4,0.5,260.09392738342285,262.7389430999756,969.3920612335205,1002.8247833251953
2,projection_push_up,ideal,4,0.5,210.90054512023926,216.2339687347412,753.7410259246826,815.7360553741455
3,projection_push_up,ideal,4,0.5,243.96586418151855,258.742094039917,907.8090190887451,959.0740203857422
4,projection_push_up,ideal,4,0.5,230.2079200744629,240.31901359558105,858.0868244171143,910.2067947387695
5,projection_push_up,ideal,4,0.5,231.46486282348633,249.04799461364746,893.7249183654785,948.7371444702148
6,projection_push_up,ideal,4,0.5,226.00221633911133,231.1251163482666,819.6837902069092,884.2270374298096
