repetition,optimization,scenario,variant_counts,scale_factors,original_pipeline,analysis_result_with_reuse_opt_rule,analysis_result_with_push_up_opt_rule,analysis_result_without_opt_rule,analysis_result_without_any_opt
0,udf_split_and_reuse,average,2,1.0,967.2160148620605,1173.2769012451172,1087.4269008636475,1530.0230979919434,2440.2942657470703
1,udf_split_and_reuse,average,2,1.0,1396.4378833770752,983.4680557250977,1337.4059200286865,2036.6721153259277,2750.692844390869
2,udf_split_and_reuse,average,2,1.0,995.4652786254883,978.4419536590576,1162.5988483428955,1771.270990371704,1843.472957611084
3,udf_split_and_reuse,average,2,1.0,750.0805854797363,912.4670028686523,914.7398471832275,1402.9130935668945,1918.4660911560059
4,udf_split_and_reuse,average,2,1.0,1039.1485691070557,1157.073974609375,980.3850650787354,1751.6810894012451,2151.0660648345947
5,udf_split_and_reuse,average,2,1.0,1100.0251770019531,1873.3878135681152,1295.4590320587158,1622.3700046539307,2154.801845550537
6,udf_split_and_reuse,average,2,1.0,968.8568115234375,1392.7559852600098,1392.4789428710938,1771.3780403137207,2673.86794090271
