repetition,optimization,scenario,variant_counts,scale_factors,original_pipeline,analysis_result_with_opt_rule,analysis_result_without_opt_rule,analysis_result_without_any_opt
0,operator_deletion_filter_push_up,average,4,2.0,1161.0441207885742,1463.7680053710938,2901.4623165130615,4628.846168518066
1,operator_deletion_filter_push_up,average,4,2.0,1150.7747173309326,1453.0210494995117,2907.233238220215,4699.178695678711
2,operator_deletion_filter_push_up,average,4,2.0,1139.8487091064453,1449.291467666626,2913.2862091064453,4711.3542556762695
3,operator_deletion_filter_push_up,average,4,2.0,1157.7520370483398,1480.9870719909668,2936.114549636841,4668.886184692383
4,operator_deletion_filter_push_up,average,4,2.0,1187.056064605713,1475.965976715088,2925.875186920166,4704.262495040894
5,operator_deletion_filter_push_up,average,4,2.0,1174.7102737426758,1457.2796821594238,2918.8976287841797,4720.551013946533
6,operator_deletion_filter_push_up,average,4,2.0,1167.6671504974365,1452.1903991699219,2908.5772037506104,4682.98864364624
