repetition,optimization,scenario,variant_counts,scale_factors,original_pipeline,analysis_result_with_reuse_opt_rule,analysis_result_with_push_up_opt_rule,analysis_result_without_opt_rule,analysis_result_without_any_opt
0,udf_split_and_reuse,worst_wo_safety,6,1.0,19.35601234436035,972.5818634033203,320.90282440185547,377.5310516357422,428.8671016693115
1,udf_split_and_reuse,worst_wo_safety,6,1.0,19.260644912719727,989.293098449707,319.99683380126953,385.84184646606445,431.1983585357666
2,udf_split_and_reuse,worst_wo_safety,6,1.0,19.916057586669922,983.6208820343018,325.47807693481445,388.23509216308594,433.7470531463623
3,udf_split_and_reuse,worst_wo_safety,6,1.0,18.16558837890625,985.8970642089844,318.1271553039551,373.26598167419434,445.62387466430664
4,udf_split_and_reuse,worst_wo_safety,6,1.0,17.719507217407227,985.2039813995361,331.77995681762695,365.9079074859619,429.6221733093262
5,udf_split_and_reuse,worst_wo_safety,6,1.0,21.445274353027344,989.7572994232178,319.72789764404297,374.0561008453369,441.13993644714355
6,udf_split_and_reuse,worst_wo_safety,6,1.0,18.09406280517578,977.6849746704102,325.47616958618164,375.9617805480957,459.79881286621094
