repetition,optimization,scenario,variant_counts,scale_factors,original_pipeline,analysis_result_with_opt_rule,analysis_result_without_opt_rule,analysis_result_without_any_opt
0,projection_push_up,average,4,3.0,1653.8856029510498,2168.0405139923096,4881.294965744019,7415.635108947754
1,projection_push_up,average,4,3.0,1654.6330451965332,2208.385467529297,4944.019794464111,7464.76411819458
2,projection_push_up,average,4,3.0,1675.3005981445312,2210.428476333618,4930.507183074951,7371.300458908081
3,projection_push_up,average,4,3.0,1631.683588027954,2153.079032897949,4852.322340011597,7370.21017074585
4,projection_push_up,average,4,3.0,1630.7413578033447,2214.592456817627,4886.764287948608,7303.246021270752
5,projection_push_up,average,4,3.0,1638.078212738037,2142.695188522339,4889.4195556640625,7334.055185317993
6,projection_push_up,average,4,3.0,1609.175205230713,2159.100294113159,4844.141721725464,7352.703094482422
