repetition,optimization,scenario,variant_counts,data_size,original_pipeline,analysis_result_with_reuse_opt_rule,analysis_result_with_push_up_opt_rule,analysis_result_without_opt_rule,analysis_result_without_any_opt
0,udf_split_and_reuse,worst_constant,2,100000,101.84860229492188,127.38275527954102,136.9478702545166,160.247802734375,299.4351387023926
1,udf_split_and_reuse,worst_constant,2,100000,104.21562194824219,131.83307647705078,132.40909576416016,152.79102325439453,274.9621868133545
2,udf_split_and_reuse,worst_constant,2,100000,107.96523094177246,146.12507820129395,136.29508018493652,160.32695770263672,267.3499584197998
3,udf_split_and_reuse,worst_constant,2,100000,109.8477840423584,137.1293067932129,138.10467720031738,154.2670726776123,266.3719654083252
4,udf_split_and_reuse,worst_constant,2,100000,106.58550262451172,127.03895568847656,132.1258544921875,153.55992317199707,273.3778953552246
5,udf_split_and_reuse,worst_constant,2,100000,108.04271697998047,120.90396881103516,154.04319763183594,165.30203819274902,268.4741020202637
6,udf_split_and_reuse,worst_constant,2,100000,102.81062126159668,144.38319206237793,132.67922401428223,158.0967903137207,271.0111141204834
