repetition,optimization,scenario,variant_counts,scale_factors,original_pipeline,analysis_result_with_opt_rule,analysis_result_without_opt_rule,analysis_result_without_any_opt
0,filter_addition_push_up,worst_wo_original,6,1.0,974.7624397277832,985.9330654144287,404.6618938446045,437.2057914733887
1,filter_addition_push_up,worst_wo_original,6,1.0,946.4714527130127,960.0892066955566,349.3659496307373,387.13598251342773
2,filter_addition_push_up,worst_wo_original,6,1.0,943.7844753265381,967.2849178314209,356.0776710510254,389.07504081726074
3,filter_addition_push_up,worst_wo_original,6,1.0,955.9991359710693,980.3431034088135,532.9148769378662,417.2182083129883
4,filter_addition_push_up,worst_wo_original,6,1.0,959.0654373168945,953.0069828033447,344.00105476379395,369.4279193878174
5,filter_addition_push_up,worst_wo_original,6,1.0,944.420576095581,943.6931610107422,326.23291015625,359.9679470062256
6,filter_addition_push_up,worst_wo_original,6,1.0,929.4941425323486,968.0430889129639,378.65376472473145,413.36536407470703
