repetition,optimization,scenario,variant_counts,scale_factors,original_pipeline,analysis_result_with_opt_rule,analysis_result_without_opt_rule,analysis_result_without_any_opt
0,operator_deletion_filter_push_up,average,10,1.0,654.3440818786621,1533.5516929626465,3345.226764678955,6433.194398880005
1,operator_deletion_filter_push_up,average,10,1.0,617.232084274292,1539.6335124969482,3323.280096054077,6515.164375305176
2,operator_deletion_filter_push_up,average,10,1.0,625.4863739013672,1545.2511310577393,3325.4902362823486,6549.203872680664
3,operator_deletion_filter_push_up,average,10,1.0,632.4312686920166,1554.9159049987793,3317.6229000091553,6545.956611633301
4,operator_deletion_filter_push_up,average,10,1.0,620.6960678100586,1565.1192665100098,3376.4424324035645,6557.29341506958
5,operator_deletion_filter_push_up,average,10,1.0,618.6158657073975,1537.245750427246,3321.632146835327,6575.070858001709
6,operator_deletion_filter_push_up,average,10,1.0,622.5199699401855,1557.0104122161865,3348.396062850952,6617.665767669678
