repetition,optimization,scenario,variant_counts,scale_factors,original_pipeline,analysis_result_with_opt_rule,analysis_result_without_opt_rule,analysis_result_without_any_opt
0,operator_deletion_filter_push_up,average,4,1.0,727.3900508880615,968.03879737854,1705.3911685943604,3016.9270038604736
1,operator_deletion_filter_push_up,average,4,1.0,710.8142375946045,974.708080291748,1688.387155532837,3064.232349395752
2,operator_deletion_filter_push_up,average,4,1.0,723.822832107544,998.0950355529785,1725.325107574463,3573.636770248413
3,operator_deletion_filter_push_up,average,4,1.0,759.6616744995117,1027.2319316864014,1735.5070114135742,3140.033721923828
4,operator_deletion_filter_push_up,average,4,1.0,737.8034591674805,1000.9181499481201,1746.6928958892822,3105.006694793701
5,operator_deletion_filter_push_up,average,4,1.0,722.7835655212402,975.3270149230957,1758.4691047668457,3328.4049034118652
6,operator_deletion_filter_push_up,average,4,1.0,734.2038154602051,1016.5021419525146,1731.8730354309082,3153.272867202759
