repetition,optimization,scenario,variant_counts,scale_factors,original_pipeline,analysis_result_with_opt_rule,analysis_result_without_opt_rule,analysis_result_without_any_opt
0,projection_push_up,average,8,1.0,569.4088935852051,921.370267868042,2902.700901031494,4916.405439376831
1,projection_push_up,average,8,1.0,553.8082122802734,913.9883518218994,2863.699436187744,4873.23784828186
2,projection_push_up,average,8,1.0,555.8731555938721,927.0551204681396,3003.854751586914,5001.301288604736
3,projection_push_up,average,8,1.0,590.0201797485352,944.9863433837891,3384.780168533325,4964.935302734375
4,projection_push_up,average,8,1.0,573.5118389129639,933.3696365356445,3060.925245285034,5021.698713302612
5,projection_push_up,average,8,1.0,567.0111179351807,931.2829971313477,2978.104829788208,4984.223127365112
6,projection_push_up,average,8,1.0,573.1792449951172,945.4643726348877,3021.038055419922,4984.032154083252
