repetition,optimization,scenario,variant_counts,scale_factors,original_pipeline,analysis_result_with_reuse_opt_rule,analysis_result_with_push_up_opt_rule,analysis_result_without_opt_rule,analysis_result_without_any_opt
0,udf_split_and_reuse,worst_wo_safety,6,1.0,26.725292205810547,1277.8780460357666,2255.791187286377,2466.8757915496826,2556.001663208008
1,udf_split_and_reuse,worst_wo_safety,6,1.0,124.98760223388672,5287.508010864258,1739.3670082092285,1689.9709701538086,759.192705154419
2,udf_split_and_reuse,worst_wo_safety,6,1.0,68.02940368652344,1279.4139385223389,360.0919246673584,437.7119541168213,620.0559139251709
3,udf_split_and_reuse,worst_wo_safety,6,1.0,41.65959358215332,2178.5531044006348,531.5399169921875,438.13395500183105,537.0230674743652
4,udf_split_and_reuse,worst_wo_safety,6,1.0,32.60922431945801,1038.4268760681152,412.5819206237793,458.92882347106934,641.8170928955078
5,udf_split_and_reuse,worst_wo_safety,6,1.0,32.12475776672363,1030.5888652801514,394.7141170501709,445.3082084655762,486.79494857788086
6,udf_split_and_reuse,worst_wo_safety,6,1.0,33.58793258666992,1042.273759841919,332.1032524108887,407.2990417480469,517.7731513977051
