repetition,optimization,scenario,variant_counts,scale_factors,original_pipeline,analysis_result_with_opt_rule,analysis_result_without_opt_rule,analysis_result_without_any_opt
0,projection_push_up,worst,6,1.0,504.49156761169434,2968.1200981140137,2986.1714839935303,3088.2558822631836
1,projection_push_up,worst,6,1.0,504.84275817871094,2960.900068283081,2983.088731765747,3075.7620334625244
2,projection_push_up,worst,6,1.0,505.28645515441895,3011.8091106414795,2975.9929180145264,3076.45320892334
3,projection_push_up,worst,6,1.0,506.0896873474121,2974.3354320526123,2982.177734375,3107.574939727783
4,projection_push_up,worst,6,1.0,503.0498504638672,2963.13738822937,2988.422155380249,3085.3822231292725
5,projection_push_up,worst,6,1.0,503.21245193481445,2932.0735931396484,3032.8612327575684,3081.5184116363525
6,projection_push_up,worst,6,1.0,504.41431999206543,2960.429906845093,2964.505195617676,3079.2014598846436
