repetition,optimization,scenario,variant_counts,data_size,original_pipeline,analysis_result_with_opt_rule,analysis_result_without_opt_rule,analysis_result_without_any_opt
0,operator_deletion_filter_push_up,average,2,2000,36.11421585083008,32.26518630981445,40.97700119018555,65.76013565063477
1,operator_deletion_filter_push_up,average,2,2000,29.086828231811523,25.649070739746094,46.67377471923828,63.757896423339844
2,operator_deletion_filter_push_up,average,2,2000,30.525684356689453,35.06112098693848,42.433977127075195,81.85005187988281
3,operator_deletion_filter_push_up,average,2,2000,36.60154342651367,38.64598274230957,45.12786865234375,62.64519691467285
4,operator_deletion_filter_push_up,average,2,2000,32.38058090209961,34.90304946899414,49.20792579650879,61.68079376220703
5,operator_deletion_filter_push_up,average,2,2000,32.20725059509277,26.49402618408203,52.845001220703125,67.61980056762695
6,operator_deletion_filter_push_up,average,2,2000,25.79522132873535,34.8820686340332,46.39625549316406,62.28804588317871
