repetition,optimization,scenario,variant_counts,data_size,original_pipeline,analysis_result_with_opt_rule,analysis_result_without_opt_rule,analysis_result_without_any_opt
0,filter_addition_push_up,worst_wo_original,8,5000,1360.6913089752197,1328.415870666504,685.7988834381104,790.7414436340332
1,filter_addition_push_up,worst_wo_original,8,5000,1345.5941677093506,1263.3161544799805,492.4740791320801,703.2029628753662
2,filter_addition_push_up,worst_wo_original,8,5000,1281.3043594360352,1296.7560291290283,497.21717834472656,847.8999137878418
3,filter_addition_push_up,worst_wo_original,8,5000,1291.83030128479,1296.0832118988037,878.0999183654785,1011.3329887390137
4,filter_addition_push_up,worst_wo_original,8,5000,1381.6168308258057,1333.4589004516602,550.792932510376,683.9678287506104
5,filter_addition_push_up,worst_wo_original,8,5000,1191.8063163757324,1217.3020839691162,411.4820957183838,655.6079387664795
6,filter_addition_push_up,worst_wo_original,8,5000,1323.5561847686768,1386.7359161376953,414.9518013000488,774.2938995361328
