repetition,optimization,scenario,variant_counts,scale_factors,original_pipeline,analysis_result_with_opt_rule,analysis_result_without_opt_rule,analysis_result_without_any_opt
0,projection_push_up,worst,6,1.0,472.2013473510742,1173.156976699829,1644.5369720458984,3913.1720066070557
1,projection_push_up,worst,6,1.0,480.4539680480957,1129.4238567352295,1640.0539875030518,3905.811309814453
2,projection_push_up,worst,6,1.0,457.2560787200928,1122.0521926879883,1631.2870979309082,3969.2509174346924
3,projection_push_up,worst,6,1.0,447.2005367279053,1132.3580741882324,1616.4579391479492,3922.855854034424
4,projection_push_up,worst,6,1.0,479.9153804779053,1122.931957244873,1644.7558403015137,3963.1340503692627
5,projection_push_up,worst,6,1.0,472.5496768951416,1131.5679550170898,1655.4577350616455,3947.213888168335
6,projection_push_up,worst,6,1.0,455.7371139526367,1152.951717376709,1689.4638538360596,3970.2308177948
