repetition,optimization,scenario,variant_counts,data_size,original_pipeline,analysis_result_with_opt_rule,analysis_result_without_opt_rule,analysis_result_without_any_opt
0,operator_deletion_filter_push_up,ideal,6,1000,975.0330448150635,1021.5229988098145,5676.604986190796,5874.346971511841
1,operator_deletion_filter_push_up,ideal,6,1000,948.5106468200684,1027.2841453552246,5613.400936126709,5715.709924697876
2,operator_deletion_filter_push_up,ideal,6,1000,950.6332874298096,1030.2910804748535,5611.235857009888,5717.158794403076
3,operator_deletion_filter_push_up,ideal,6,1000,918.785572052002,1031.0089588165283,5553.527116775513,5834.494113922119
4,operator_deletion_filter_push_up,ideal,6,1000,963.930606842041,1002.2280216217041,5681.742191314697,5701.534271240234
5,operator_deletion_filter_push_up,ideal,6,1000,952.4343013763428,1021.3372707366943,5608.62398147583,5646.985054016113
6,operator_deletion_filter_push_up,ideal,6,1000,976.1998653411865,1015.6137943267822,5585.440874099731,5662.829875946045
