repetition,optimization,scenario,variant_counts,data_size,original_pipeline,analysis_result_with_opt_rule,analysis_result_without_opt_rule,analysis_result_without_any_opt
0,filter_addition_push_up,worst_wo_original,8,5000,1776.7829895019531,1823.7888813018799,1062.3071193695068,1170.8269119262695
1,filter_addition_push_up,worst_wo_original,8,5000,2369.6556091308594,1948.6351013183594,681.1561584472656,915.6301021575928
2,filter_addition_push_up,worst_wo_original,8,5000,1847.564458847046,1800.8849620819092,547.1179485321045,1066.890001296997
3,filter_addition_push_up,worst_wo_original,8,5000,1693.4795379638672,1710.1819515228271,851.0189056396484,1221.0862636566162
4,filter_addition_push_up,worst_wo_original,8,5000,1620.4259395599365,1628.894329071045,843.2478904724121,1215.6281471252441
5,filter_addition_push_up,worst_wo_original,8,5000,1835.4027271270752,1723.9789962768555,815.8309459686279,1338.5252952575684
6,filter_addition_push_up,worst_wo_original,8,5000,1479.20560836792,1460.390329360962,663.2349491119385,1009.2957019805908
