repetition,optimization,scenario,variant_counts,scale_factors,original_pipeline,analysis_result_with_reuse_opt_rule,analysis_result_with_push_up_opt_rule,analysis_result_without_opt_rule,analysis_result_without_any_opt
0,udf_split_and_reuse,average,4,1.0,298.28405380249023,905.7910442352295,982.6288223266602,1025.857925415039,1659.6002578735352
1,udf_split_and_reuse,average,4,1.0,292.65308380126953,910.2442264556885,963.6411666870117,1102.3077964782715,1418.15185546875
2,udf_split_and_reuse,average,4,1.0,309.09276008605957,904.39772605896,998.2328414916992,1071.8750953674316,1409.0137481689453
3,udf_split_and_reuse,average,4,1.0,353.1970977783203,1205.6000232696533,1488.7239933013916,1303.24387550354,1771.850824356079
4,udf_split_and_reuse,average,4,1.0,299.9541759490967,1051.8527030944824,1068.044900894165,1573.7941265106201,1916.3920879364014
5,udf_split_and_reuse,average,4,1.0,436.24234199523926,1087.4309539794922,1386.7988586425781,1781.966209411621,1669.4190502166748
6,udf_split_and_reuse,average,4,1.0,496.57678604125977,956.7131996154785,1046.2698936462402,1302.8571605682373,2007.2081089019775
