repetition,optimization,scenario,variant_counts,scale_factors,original_pipeline,analysis_result_with_opt_rule,analysis_result_without_opt_rule,analysis_result_without_any_opt
0,projection_push_up,ideal,4,1.0,908.7562561035156,980.3016185760498,3707.7250480651855,3701.432228088379
1,projection_push_up,ideal,4,1.0,822.6289749145508,804.9521446228027,3262.28404045105,3195.5769062042236
2,projection_push_up,ideal,4,1.0,899.8715877532959,970.1712131500244,3934.926748275757,3700.514793395996
3,projection_push_up,ideal,4,1.0,770.3914642333984,782.7179431915283,3027.107000350952,3023.4508514404297
4,projection_push_up,ideal,4,1.0,895.2343463897705,839.7459983825684,3374.429941177368,3619.5178031921387
5,projection_push_up,ideal,4,1.0,948.9223957061768,932.5408935546875,3686.6769790649414,3714.9102687835693
6,projection_push_up,ideal,4,1.0,823.3873844146729,927.692174911499,3808.830976486206,4355.309009552002
