repetition,optimization,scenario,variant_counts,scale_factors,original_pipeline,analysis_result_with_opt_rule,analysis_result_without_opt_rule,analysis_result_without_any_opt
0,operator_deletion_filter_push_up,worst_w_safety,4,1.0,285.825252532959,1135.737657546997,1140.1698589324951,1129.07075881958
1,operator_deletion_filter_push_up,worst_w_safety,4,1.0,182.4967861175537,892.8477764129639,755.4159164428711,795.9761619567871
2,operator_deletion_filter_push_up,worst_w_safety,4,1.0,205.5337429046631,859.7619533538818,859.6930503845215,899.627685546875
3,operator_deletion_filter_push_up,worst_w_safety,4,1.0,282.1955680847168,1101.4552116394043,1099.5819568634033,1137.0739936828613
4,operator_deletion_filter_push_up,worst_w_safety,4,1.0,184.49902534484863,758.5508823394775,762.753963470459,787.6160144805908
5,operator_deletion_filter_push_up,worst_w_safety,4,1.0,238.17133903503418,955.8548927307129,962.8012180328369,998.0881214141846
6,operator_deletion_filter_push_up,worst_w_safety,4,1.0,189.38827514648438,920.2320575714111,786.4527702331543,821.4919567108154
