repetition,optimization,scenario,variant_counts,scale_factors,original_pipeline,analysis_result_with_opt,analysis_result_without_any_opt
0,common_subexpression_elimination,worst,4,1.0,518.1913375854492,758.0602169036865,2101.124048233032
1,common_subexpression_elimination,worst,4,1.0,518.3990001678467,760.7779502868652,2085.44659614563
2,common_subexpression_elimination,worst,4,1.0,511.25335693359375,747.2817897796631,2076.7407417297363
3,common_subexpression_elimination,worst,4,1.0,522.0308303833008,760.9536647796631,2071.5854167938232
4,common_subexpression_elimination,worst,4,1.0,515.275239944458,745.8701133728027,2061.5456104278564
5,common_subexpression_elimination,worst,4,1.0,515.7089233398438,752.4394989013672,2070.664882659912
6,common_subexpression_elimination,worst,4,1.0,515.1665210723877,753.338098526001,2068.6144828796387
