repetition,optimization,scenario,variant_counts,scale_factors,original_pipeline,analysis_result_with_reuse_opt_rule,analysis_result_with_push_up_opt_rule,analysis_result_without_opt_rule,analysis_result_without_any_opt
0,udf_split_and_reuse,ideal,4,1.5,37.67967224121094,1629.3902397155762,4625.112056732178,4753.276109695435,5190.385103225708
1,udf_split_and_reuse,ideal,4,1.5,41.98455810546875,1658.2889556884766,4667.727947235107,4748.292922973633,4860.5780601501465
2,udf_split_and_reuse,ideal,4,1.5,41.35584831237793,1643.967866897583,4564.1679763793945,4703.984022140503,4816.148996353149
3,udf_split_and_reuse,ideal,4,1.5,40.59648513793945,1637.1588706970215,4594.859600067139,4715.059995651245,4857.279062271118
4,udf_split_and_reuse,ideal,4,1.5,40.67254066467285,1634.3669891357422,4631.338119506836,4788.573265075684,4857.589244842529
5,udf_split_and_reuse,ideal,4,1.5,40.28916358947754,1669.6341037750244,4618.282079696655,4764.655113220215,4840.628862380981
6,udf_split_and_reuse,ideal,4,1.5,40.84300994873047,1636.260986328125,4593.096971511841,4738.066911697388,4972.064971923828
