repetition,optimization,scenario,variant_counts,scale_factors,original_pipeline,analysis_result_with_reuse_opt_rule,analysis_result_with_push_up_opt_rule,analysis_result_without_opt_rule,analysis_result_without_any_opt
0,udf_split_and_reuse,worst_wo_safety,2,1.0,14.027833938598633,967.8304195404053,113.5709285736084,127.96545028686523,135.14256477355957
1,udf_split_and_reuse,worst_wo_safety,2,1.0,13.862133026123047,949.8205184936523,112.77174949645996,128.26108932495117,135.43200492858887
2,udf_split_and_reuse,worst_wo_safety,2,1.0,13.894319534301758,944.5304870605469,112.92791366577148,126.67179107666016,133.6040496826172
3,udf_split_and_reuse,worst_wo_safety,2,1.0,13.112783432006836,938.2386207580566,111.2065315246582,125.12779235839844,131.98304176330566
4,udf_split_and_reuse,worst_wo_safety,2,1.0,13.547420501708984,945.7602500915527,111.72103881835938,125.82588195800781,134.36293601989746
5,udf_split_and_reuse,worst_wo_safety,2,1.0,13.275384902954102,951.5836238861084,112.26344108581543,126.80459022521973,134.96017456054688
6,udf_split_and_reuse,worst_wo_safety,2,1.0,13.518095016479492,945.1532363891602,110.95499992370605,125.28300285339355,131.98399543762207
