repetition,optimization,scenario,variant_counts,scale_factors,original_pipeline,analysis_result_with_opt_rule,analysis_result_without_opt_rule,analysis_result_without_any_opt
0,operator_deletion_filter_push_up,average,4,3.0,1684.7872734069824,2104.8672199249268,4071.1417198181152,6812.258958816528
1,operator_deletion_filter_push_up,average,4,3.0,1657.4022769927979,2105.5335998535156,4021.4691162109375,6746.908903121948
2,operator_deletion_filter_push_up,average,4,3.0,1648.540735244751,2129.737138748169,4093.942880630493,6756.301403045654
3,operator_deletion_filter_push_up,average,4,3.0,1676.915168762207,2143.002986907959,4104.403495788574,6790.127754211426
4,operator_deletion_filter_push_up,average,4,3.0,1650.7904529571533,2124.933958053589,4072.444200515747,6790.980100631714
5,operator_deletion_filter_push_up,average,4,3.0,1642.5590515136719,2130.9759616851807,4051.7358779907227,6745.469570159912
6,operator_deletion_filter_push_up,average,4,3.0,1657.1400165557861,2136.209726333618,4020.625591278076,6755.802869796753
