repetition,optimization,scenario,variant_counts,data_size,original_pipeline,analysis_result_with_opt_rule,analysis_result_without_opt_rule,analysis_result_without_any_opt
0,projection_push_up,ideal,4,2000,249.44257736206055,301.91898345947266,1008.8410377502441,993.293046951294
1,projection_push_up,ideal,4,2000,300.2948760986328,284.5139503479004,1007.4479579925537,1069.417953491211
2,projection_push_up,ideal,4,2000,202.24761962890625,200.3800868988037,708.3520889282227,785.2809429168701
3,projection_push_up,ideal,4,2000,265.87462425231934,278.656005859375,1018.6259746551514,1060.4958534240723
4,projection_push_up,ideal,4,2000,243.17336082458496,246.2911605834961,1038.301944732666,1374.1159439086914
5,projection_push_up,ideal,4,2000,280.0867557525635,260.6010437011719,901.18408203125,947.8206634521484
6,projection_push_up,ideal,4,2000,302.9918670654297,288.5010242462158,1203.4618854522705,1186.4700317382812
