repetition,optimization,scenario,variant_counts,scale_factors,original_pipeline,analysis_result_with_opt_rule,analysis_result_without_opt_rule,analysis_result_without_any_opt
0,filter_addition_push_up,ideal,2,1.0,983.4892749786377,980.8919429779053,1914.7529602050781,1941.5991306304932
1,filter_addition_push_up,ideal,2,1.0,1028.6035537719727,1030.4465293884277,2017.1494483947754,2082.8723907470703
2,filter_addition_push_up,ideal,2,1.0,973.6979007720947,981.4350605010986,1935.6229305267334,1997.0941543579102
3,filter_addition_push_up,ideal,2,1.0,995.0966835021973,996.7041015625,1962.5742435455322,2244.7359561920166
4,filter_addition_push_up,ideal,2,1.0,1087.496280670166,1090.7442569732666,2150.6147384643555,2217.73099899292
5,filter_addition_push_up,ideal,2,1.0,755.1283836364746,764.8334503173828,1477.3368835449219,1546.6513633728027
6,filter_addition_push_up,ideal,2,1.0,1087.2700214385986,870.6107139587402,1692.723035812378,1758.2354545593262
