repetition,optimization,scenario,variant_counts,scale_factors,original_pipeline,analysis_result_with_opt_rule,analysis_result_without_opt_rule,analysis_result_without_any_opt
0,projection_push_up,average,10,1.0,561.0177516937256,1015.5904293060303,3538.5913848876953,6100.794792175293
1,projection_push_up,average,10,1.0,550.2300262451172,1002.1026134490967,3647.1986770629883,6150.5842208862305
2,projection_push_up,average,10,1.0,571.784496307373,1008.1913471221924,3634.878158569336,6179.110527038574
3,projection_push_up,average,10,1.0,566.9636726379395,1009.345293045044,3510.6239318847656,6142.426252365112
4,projection_push_up,average,10,1.0,556.7843914031982,1005.3718090057373,3576.6844749450684,6146.725177764893
5,projection_push_up,average,10,1.0,544.8124408721924,994.8503971099854,3544.525384902954,6163.684368133545
6,projection_push_up,average,10,1.0,556.0169219970703,1004.5502185821533,3575.174570083618,6123.648643493652
