repetition,optimization,scenario,variant_counts,scale_factors,original_pipeline,analysis_result_with_opt_rule,analysis_result_without_opt_rule,analysis_result_without_any_opt
0,operator_deletion_filter_push_up,worst_wo_safety,8,1.0,67.51537322998047,1051.8968105316162,472.0923900604248,531.6839218139648
1,operator_deletion_filter_push_up,worst_wo_safety,8,1.0,59.98802185058594,1005.3629875183105,432.77525901794434,493.18504333496094
2,operator_deletion_filter_push_up,worst_wo_safety,8,1.0,44.25525665283203,1000.2131462097168,313.8723373413086,369.96960639953613
3,operator_deletion_filter_push_up,worst_wo_safety,8,1.0,63.311100006103516,999.3619918823242,459.89155769348145,516.4496898651123
4,operator_deletion_filter_push_up,worst_wo_safety,8,1.0,64.4221305847168,1224.4954109191895,481.7798137664795,535.0015163421631
5,operator_deletion_filter_push_up,worst_wo_safety,8,1.0,69.03219223022461,1023.9176750183105,518.7649726867676,571.7298984527588
6,operator_deletion_filter_push_up,worst_wo_safety,8,1.0,49.73745346069336,1002.0179748535156,358.8237762451172,414.8588180541992
