repetition,optimization,scenario,variant_counts,scale_factors,original_pipeline,analysis_result_with_opt_rule,analysis_result_without_opt_rule,analysis_result_without_any_opt
0,operator_deletion_filter_push_up,ideal,4,1.0,994.5647716522217,1004.9364566802979,3791.851043701172,3832.1692943573
1,operator_deletion_filter_push_up,ideal,4,1.0,945.2595710754395,981.7368984222412,3795.5985069274902,4060.1937770843506
2,operator_deletion_filter_push_up,ideal,4,1.0,943.7904357910156,985.2781295776367,3757.579803466797,3841.7446613311768
3,operator_deletion_filter_push_up,ideal,4,1.0,933.0706596374512,992.1724796295166,3767.8885459899902,3817.004680633545
4,operator_deletion_filter_push_up,ideal,4,1.0,933.6268901824951,992.4812316894531,3728.801965713501,3794.8176860809326
5,operator_deletion_filter_push_up,ideal,4,1.0,929.5129776000977,994.0829277038574,3807.199239730835,3841.771125793457
6,operator_deletion_filter_push_up,ideal,4,1.0,957.2474956512451,998.1083869934082,3861.1395359039307,3861.074686050415
