repetition,optimization,scenario,variant_counts,scale_factors,original_pipeline,analysis_result_with_reuse_opt_rule,analysis_result_with_push_up_opt_rule,analysis_result_without_opt_rule,analysis_result_without_any_opt
0,udf_split_and_reuse,ideal,4,3.5,32.36532211303711,3288.3832454681396,12118.765592575073,12291.451215744019,12347.089052200317
1,udf_split_and_reuse,ideal,4,3.5,32.825469970703125,3247.5950717926025,12230.908393859863,12282.573461532593,12458.953142166138
2,udf_split_and_reuse,ideal,4,3.5,32.434940338134766,3224.506616592407,12292.02938079834,12242.483854293823,12465.110063552856
3,udf_split_and_reuse,ideal,4,3.5,32.70983695983887,3217.3407077789307,12204.288244247437,12347.742080688477,12484.96150970459
4,udf_split_and_reuse,ideal,4,3.5,32.78326988220215,3212.5916481018066,12162.629127502441,12337.657690048218,12417.461395263672
5,udf_split_and_reuse,ideal,4,3.5,31.822919845581055,3225.5239486694336,12111.998558044434,12358.481884002686,12396.25883102417
6,udf_split_and_reuse,ideal,4,3.5,32.85360336303711,3233.955144882202,12123.469352722168,12465.242147445679,12327.478408813477
