repetition,optimization,scenario,variant_counts,scale_factors,original_pipeline,analysis_result_with_reuse_opt_rule,analysis_result_with_push_up_opt_rule,analysis_result_without_opt_rule,analysis_result_without_any_opt
0,udf_split_and_reuse,worst_w_safety,4,1.0,87.52226829528809,1001.9659996032715,1026.7877578735352,1109.618902206421,1482.6860427856445
1,udf_split_and_reuse,worst_w_safety,4,1.0,98.37555885314941,1185.75119972229,1143.5792446136475,1287.2388362884521,1322.7319717407227
2,udf_split_and_reuse,worst_w_safety,4,1.0,89.37478065490723,1022.636890411377,981.7960262298584,1240.055799484253,1819.3929195404053
3,udf_split_and_reuse,worst_w_safety,4,1.0,100.81648826599121,1192.2922134399414,1130.462408065796,1268.4102058410645,1481.428861618042
4,udf_split_and_reuse,worst_w_safety,4,1.0,87.59403228759766,968.1339263916016,957.3380947113037,1101.464033126831,1310.9748363494873
5,udf_split_and_reuse,worst_w_safety,4,1.0,84.89513397216797,972.9831218719482,969.6321487426758,1106.60719871521,1319.7917938232422
6,udf_split_and_reuse,worst_w_safety,4,1.0,87.39757537841797,963.0551338195801,969.7420597076416,1109.266757965088,1399.6317386627197
