repetition,optimization,scenario,variant_counts,data_size,analysis_result_with_opt_rule,analysis_result_without_opt_rule,analysis_result_without_any_opt
0,projection_push_up,average,5,1000,59.11993980407715,95.73006629943848,120.08333206176758
1,projection_push_up,average,5,1000,51.236867904663086,91.68410301208496,117.56587028503418
2,projection_push_up,average,5,1000,53.74598503112793,90.91877937316895,115.35024642944336
3,projection_push_up,average,5,1000,51.12004280090332,91.1870002746582,118.54982376098633
4,projection_push_up,average,5,1000,51.419734954833984,91.28594398498535,117.06686019897461
5,projection_push_up,average,5,1000,52.24013328552246,92.2701358795166,116.73974990844727
6,projection_push_up,average,5,1000,63.27509880065918,90.87896347045898,113.16990852355957
