repetition,optimization,scenario,variant_counts,scale_factors,original_pipeline,analysis_result_with_reuse_opt_rule,analysis_result_with_push_up_opt_rule,analysis_result_without_opt_rule,analysis_result_without_any_opt
0,udf_split_and_reuse,worst_w_safety,10,1.0,43.70522499084473,2223.6733436584473,2220.7207679748535,2503.1752586364746,2733.2823276519775
1,udf_split_and_reuse,worst_w_safety,10,1.0,42.13595390319824,2201.9598484039307,2200.0985145568848,2518.5885429382324,2764.251232147217
2,udf_split_and_reuse,worst_w_safety,10,1.0,43.61271858215332,2205.9054374694824,2208.6503505706787,2520.4906463623047,2731.830596923828
3,udf_split_and_reuse,worst_w_safety,10,1.0,42.99569129943848,2202.2087574005127,2209.803581237793,2520.937919616699,2757.4856281280518
4,udf_split_and_reuse,worst_w_safety,10,1.0,43.71809959411621,2202.8234004974365,2209.113836288452,2519.563674926758,2741.731643676758
5,udf_split_and_reuse,worst_w_safety,10,1.0,44.239044189453125,2203.4285068511963,2213.9337062835693,2513.0865573883057,2745.4540729522705
6,udf_split_and_reuse,worst_w_safety,10,1.0,42.96088218688965,2209.6235752105713,2202.7084827423096,2535.28094291687,2756.5276622772217
