repetition,optimization,scenario,variant_counts,scale_factors,original_pipeline,analysis_result_with_opt_rule,analysis_result_without_opt_rule,analysis_result_without_any_opt
0,operator_deletion_filter_push_up,ideal,4,1.5,2160.8145236968994,2237.900972366333,8835.201978683472,8763.619899749756
1,operator_deletion_filter_push_up,ideal,4,1.5,2189.3973350524902,2263.9927864074707,7999.244928359985,8412.076950073242
2,operator_deletion_filter_push_up,ideal,4,1.5,2516.420841217041,2604.5351028442383,9962.384939193726,8444.786310195923
3,operator_deletion_filter_push_up,ideal,4,1.5,2026.4689922332764,2105.370044708252,8201.94697380066,8430.366039276123
4,operator_deletion_filter_push_up,ideal,4,1.5,2029.820203781128,2294.3930625915527,8278.634786605835,8365.81802368164
5,operator_deletion_filter_push_up,ideal,4,1.5,2637.577533721924,2493.2658672332764,8163.444042205811,7965.199947357178
6,operator_deletion_filter_push_up,ideal,4,1.5,1948.8742351531982,2094.6269035339355,7947.316884994507,7955.920934677124
