repetition,optimization,scenario,variant_counts,scale_factors,original_pipeline,analysis_result_with_opt_rule,analysis_result_without_opt_rule,analysis_result_without_any_opt
0,filter_addition_push_up,ideal,4,1.5,2172.348976135254,2163.177013397217,8555.391073226929,8492.044925689697
1,filter_addition_push_up,ideal,4,1.5,2119.3594932556152,2286.0920429229736,8376.405000686646,8574.098825454712
2,filter_addition_push_up,ideal,4,1.5,1733.9503765106201,1874.9210834503174,7150.35605430603,6982.86509513855
3,filter_addition_push_up,ideal,4,1.5,1919.6147918701172,1928.056001663208,7384.389162063599,7723.7889766693115
4,filter_addition_push_up,ideal,4,1.5,1987.7769947052002,2014.1570568084717,7759.54008102417,8020.395040512085
5,filter_addition_push_up,ideal,4,1.5,1818.0272579193115,1864.5610809326172,7046.349763870239,7287.854909896851
6,filter_addition_push_up,ideal,4,1.5,2223.5987186431885,2216.633081436157,8571.524858474731,10091.973066329956
