repetition,optimization,scenario,variant_counts,data_size,original_pipeline,analysis_result_with_opt_rule,analysis_result_without_opt_rule,analysis_result_without_any_opt
0,projection_push_up,average,8,2000,30.11631965637207,99.64394569396973,196.9611644744873,263.8211250305176
1,projection_push_up,average,8,2000,30.460119247436523,113.37995529174805,214.18190002441406,269.32382583618164
2,projection_push_up,average,8,2000,30.707120895385742,98.88911247253418,200.89101791381836,267.0469284057617
3,projection_push_up,average,8,2000,31.135082244873047,105.62920570373535,216.66717529296875,301.4698028564453
4,projection_push_up,average,8,2000,31.138181686401367,93.01304817199707,171.3268756866455,245.04899978637695
5,projection_push_up,average,8,2000,28.105735778808594,94.79498863220215,185.49299240112305,231.37307167053223
6,projection_push_up,average,8,2000,27.161836624145508,94.53701972961426,168.61391067504883,256.41703605651855
