repetition,optimization,scenario,variant_counts,scale_factors,original_pipeline,analysis_result_with_reuse_opt_rule,analysis_result_with_push_up_opt_rule,analysis_result_without_opt_rule,analysis_result_without_any_opt
0,udf_split_and_reuse,worst_wo_safety,4,3.5,34.954071044921875,3307.51371383667,701.3142108917236,799.0689277648926,857.9840660095215
1,udf_split_and_reuse,worst_wo_safety,4,3.5,35.542964935302734,3299.705982208252,700.706958770752,797.7616786956787,861.3033294677734
2,udf_split_and_reuse,worst_wo_safety,4,3.5,36.38005256652832,3282.5937271118164,702.3739814758301,803.8291931152344,862.6606464385986
3,udf_split_and_reuse,worst_wo_safety,4,3.5,35.97140312194824,3316.155433654785,710.3149890899658,802.908182144165,865.8456802368164
4,udf_split_and_reuse,worst_wo_safety,4,3.5,35.483598709106445,3298.938035964966,705.402135848999,803.9803504943848,869.086503982544
5,udf_split_and_reuse,worst_wo_safety,4,3.5,36.786794662475586,3287.956714630127,704.1206359863281,798.0995178222656,863.1565570831299
6,udf_split_and_reuse,worst_wo_safety,4,3.5,35.38846969604492,3309.8552227020264,705.7406902313232,808.077335357666,867.4085140228271
