repetition,optimization,scenario,variant_counts,data_size,original_pipeline,analysis_result_with_reuse_opt_rule,analysis_result_with_push_up_opt_rule,analysis_result_without_opt_rule,analysis_result_without_any_opt
0,udf_split_and_reuse,worst_w_safety,4,10000,18.415212631225586,185.57000160217285,236.59181594848633,268.3558464050293,265.5010223388672
1,udf_split_and_reuse,worst_w_safety,4,10000,21.15941047668457,211.84992790222168,198.09699058532715,246.39201164245605,254.63008880615234
2,udf_split_and_reuse,worst_w_safety,4,10000,20.424842834472656,192.34776496887207,198.9738941192627,224.69210624694824,298.94399642944336
3,udf_split_and_reuse,worst_w_safety,4,10000,19.640684127807617,225.0521183013916,221.41385078430176,258.90278816223145,344.714879989624
4,udf_split_and_reuse,worst_w_safety,4,10000,31.02588653564453,208.98199081420898,211.75622940063477,279.9842357635498,304.9888610839844
5,udf_split_and_reuse,worst_w_safety,4,10000,19.63210105895996,192.00921058654785,194.55265998840332,323.9929676055908,285.14599800109863
6,udf_split_and_reuse,worst_w_safety,4,10000,24.997711181640625,201.9510269165039,186.53178215026855,221.04120254516602,403.02205085754395
