repetition,optimization,scenario,variant_counts,data_size,analysis_result_with_reuse_opt_rule,analysis_result_with_push_up_opt_rule,analysis_result_without_opt_rule,analysis_result_without_any_opt
0,udf_split_and_reuse,average,5,1000,48.83289337158203,57.08909034729004,98.97541999816895,123.01993370056152
1,udf_split_and_reuse,average,5,1000,47.50704765319824,55.71103096008301,97.0916748046875,124.78995323181152
2,udf_split_and_reuse,average,5,1000,50.02117156982422,57.048797607421875,98.66189956665039,120.96309661865234
3,udf_split_and_reuse,average,5,1000,48.568010330200195,56.04410171508789,96.35806083679199,122.46084213256836
4,udf_split_and_reuse,average,5,1000,48.850059509277344,56.4119815826416,98.22893142700195,136.83724403381348
5,udf_split_and_reuse,average,5,1000,47.92499542236328,56.16402626037598,97.1992015838623,124.86982345581055
6,udf_split_and_reuse,average,5,1000,49.55911636352539,56.713104248046875,97.0149040222168,120.54681777954102
