repetition,optimization,scenario,variant_counts,scale_factors,original_pipeline,analysis_result_with_opt_rule,analysis_result_without_opt_rule,analysis_result_without_any_opt
0,projection_push_up,worst,4,1.0,575.721025466919,2026.1499881744385,1880.1419734954834,2126.6708374023438
1,projection_push_up,worst,4,1.0,485.7165813446045,1824.9258995056152,1915.7171249389648,2000.2639293670654
2,projection_push_up,worst,4,1.0,463.11259269714355,1867.598056793213,1909.0299606323242,1939.551830291748
3,projection_push_up,worst,4,1.0,506.239652633667,1899.6529579162598,1885.2202892303467,2140.350103378296
4,projection_push_up,worst,4,1.0,492.94090270996094,1948.7428665161133,2514.770984649658,2308.2900047302246
5,projection_push_up,worst,4,1.0,525.7725715637207,2270.799160003662,2025.2957344055176,2093.4860706329346
6,projection_push_up,worst,4,1.0,611.6645336151123,1933.1798553466797,1952.9600143432617,2081.541061401367
