repetition,optimization,scenario,variant_counts,data_size,original_pipeline,analysis_result_with_opt_rule,analysis_result_without_opt_rule,analysis_result_without_any_opt
0,operator_deletion_filter_push_up,worst_w_safety,4,2000,71.29764556884766,251.4822483062744,242.45095252990723,276.28588676452637
1,operator_deletion_filter_push_up,worst_w_safety,4,2000,65.83690643310547,390.64812660217285,242.5370216369629,304.6121597290039
2,operator_deletion_filter_push_up,worst_w_safety,4,2000,82.23533630371094,275.9208679199219,270.0839042663574,311.4631175994873
3,operator_deletion_filter_push_up,worst_w_safety,4,2000,76.629638671875,261.52896881103516,257.35926628112793,296.11802101135254
4,operator_deletion_filter_push_up,worst_w_safety,4,2000,86.09724044799805,302.6919364929199,310.3475570678711,344.14076805114746
5,operator_deletion_filter_push_up,worst_w_safety,4,2000,70.36113739013672,245.59617042541504,246.08588218688965,278.34391593933105
6,operator_deletion_filter_push_up,worst_w_safety,4,2000,72.58987426757812,361.04679107666016,238.8441562652588,269.33789253234863
