repetition,optimization,scenario,variant_counts,scale_factors,original_pipeline,analysis_result_with_reuse_opt_rule,analysis_result_with_push_up_opt_rule,analysis_result_without_opt_rule,analysis_result_without_any_opt
0,udf_split_and_reuse,worst_w_safety,4,1.0,81.69007301330566,959.6099853515625,941.6282176971436,1091.629981994629,1274.083137512207
1,udf_split_and_reuse,worst_w_safety,4,1.0,73.9743709564209,937.4699592590332,987.6868724822998,1053.5438060760498,1241.9161796569824
2,udf_split_and_reuse,worst_w_safety,4,1.0,75.46663284301758,934.7069263458252,937.8962516784668,1050.2889156341553,1231.2061786651611
3,udf_split_and_reuse,worst_w_safety,4,1.0,80.75094223022461,929.3622970581055,934.2379570007324,1052.9417991638184,1246.0737228393555
4,udf_split_and_reuse,worst_w_safety,4,1.0,81.00104331970215,935.6698989868164,909.9068641662598,1060.718059539795,1232.529878616333
5,udf_split_and_reuse,worst_w_safety,4,1.0,82.8399658203125,940.2999877929688,911.2310409545898,1074.0129947662354,1262.0599269866943
6,udf_split_and_reuse,worst_w_safety,4,1.0,77.17251777648926,944.7600841522217,927.4351596832275,1047.5220680236816,1276.4778137207031
