repetition,optimization,scenario,variant_counts,scale_factors,original_pipeline,analysis_result_with_reuse_opt_rule,analysis_result_with_push_up_opt_rule,analysis_result_without_opt_rule,analysis_result_without_any_opt
0,udf_split_and_reuse,average,4,1.5,489.7477626800537,1651.757001876831,1795.194149017334,1744.5299625396729,2118.8652515411377
1,udf_split_and_reuse,average,4,1.5,507.8132152557373,1681.0617446899414,1746.7930316925049,2070.091724395752,2247.814893722534
2,udf_split_and_reuse,average,4,1.5,466.522216796875,1496.7968463897705,1582.6361179351807,1663.9630794525146,2181.2400817871094
3,udf_split_and_reuse,average,4,1.5,478.95193099975586,1502.8080940246582,1716.3867950439453,1667.064905166626,2136.550188064575
4,udf_split_and_reuse,average,4,1.5,472.6293087005615,1519.730806350708,1611.0761165618896,1674.3059158325195,2249.8459815979004
5,udf_split_and_reuse,average,4,1.5,470.3075885772705,1537.0841026306152,1727.5981903076172,1662.1229648590088,2198.4570026397705
6,udf_split_and_reuse,average,4,1.5,464.42341804504395,1515.1829719543457,1726.7379760742188,1802.7031421661377,2143.3990001678467
