repetition,optimization,scenario,variant_counts,scale_factors,original_pipeline,analysis_result_with_opt_rule,analysis_result_without_opt_rule,analysis_result_without_any_opt
0,filter_addition_push_up,worst_wo_original,4,0.5,274.977445602417,282.7773094177246,90.42882919311523,106.76884651184082
1,filter_addition_push_up,worst_wo_original,4,0.5,271.0106372833252,272.28784561157227,90.18611907958984,118.60799789428711
2,filter_addition_push_up,worst_wo_original,4,0.5,274.84655380249023,267.02427864074707,95.74770927429199,114.39704895019531
3,filter_addition_push_up,worst_wo_original,4,0.5,269.26398277282715,268.21112632751465,83.68372917175293,102.39791870117188
4,filter_addition_push_up,worst_wo_original,4,0.5,269.12760734558105,268.63694190979004,95.6568717956543,109.2071533203125
5,filter_addition_push_up,worst_wo_original,4,0.5,272.27282524108887,271.9581127166748,82.86118507385254,100.27599334716797
6,filter_addition_push_up,worst_wo_original,4,0.5,268.831729888916,279.79278564453125,87.5389575958252,107.65695571899414
