repetition,optimization,scenario,variant_counts,scale_factors,original_pipeline,analysis_result_with_opt_rule,analysis_result_without_opt_rule,analysis_result_without_any_opt
0,operator_deletion_filter_push_up,worst_wo_safety,4,1.0,64.98169898986816,1027.4219512939453,236.05990409851074,253.06153297424316
1,operator_deletion_filter_push_up,worst_wo_safety,4,1.0,56.53715133666992,983.48069190979,220.9477424621582,239.94708061218262
2,operator_deletion_filter_push_up,worst_wo_safety,4,1.0,41.669607162475586,980.100154876709,158.7367057800293,175.6610870361328
3,operator_deletion_filter_push_up,worst_wo_safety,4,1.0,60.498714447021484,975.430965423584,224.70593452453613,243.64805221557617
4,operator_deletion_filter_push_up,worst_wo_safety,4,1.0,61.42234802246094,966.1622047424316,241.29533767700195,259.7658634185791
5,operator_deletion_filter_push_up,worst_wo_safety,4,1.0,65.41752815246582,976.8228530883789,251.8007755279541,270.1609134674072
6,operator_deletion_filter_push_up,worst_wo_safety,4,1.0,45.899391174316406,967.0045375823975,175.29630661010742,195.0705051422119
