repetition,optimization,scenario,variant_counts,scale_factors,original_pipeline,analysis_result_with_opt_rule,analysis_result_without_opt_rule,analysis_result_without_any_opt
0,operator_deletion_filter_push_up,average,4,1.0,912.7132892608643,1220.0090885162354,2082.526922225952,3527.8141498565674
1,operator_deletion_filter_push_up,average,4,1.0,731.020450592041,1093.5399532318115,1848.8140106201172,3345.62087059021
2,operator_deletion_filter_push_up,average,4,1.0,791.3484573364258,1057.7738285064697,1782.0849418640137,3324.4149684906006
3,operator_deletion_filter_push_up,average,4,1.0,808.8901042938232,1094.1431522369385,1811.371088027954,3232.0609092712402
4,operator_deletion_filter_push_up,average,4,1.0,850.9268760681152,1172.6820468902588,2047.0993518829346,3507.2202682495117
5,operator_deletion_filter_push_up,average,4,1.0,740.1440143585205,1020.8327770233154,1762.0007991790771,3194.0009593963623
6,operator_deletion_filter_push_up,average,4,1.0,752.4912357330322,1024.219036102295,1750.182867050171,3446.812868118286
