repetition,optimization,scenario,variant_counts,scale_factors,original_pipeline,analysis_result_with_opt_rule,analysis_result_without_opt_rule,analysis_result_without_any_opt
0,filter_addition_push_up,worst_w_original,6,1.0,1004.317045211792,977.4348735809326,1302.2146224975586,1336.8167877197266
1,filter_addition_push_up,worst_w_original,6,1.0,1016.291618347168,983.1922054290771,1323.4586715698242,1353.7445068359375
2,filter_addition_push_up,worst_w_original,6,1.0,978.0025482177734,1228.1012535095215,1275.5589485168457,1332.1833610534668
3,filter_addition_push_up,worst_w_original,6,1.0,974.9453067779541,985.0006103515625,1291.250228881836,1333.329677581787
4,filter_addition_push_up,worst_w_original,6,1.0,966.1099910736084,985.5952262878418,1243.0057525634766,1282.7541828155518
5,filter_addition_push_up,worst_w_original,6,1.0,988.3842468261719,983.0310344696045,1256.3645839691162,1284.9223613739014
6,filter_addition_push_up,worst_w_original,6,1.0,973.9229679107666,995.8295822143555,1277.4922847747803,1299.1302013397217
