repetition,optimization,scenario,variant_counts,scale_factors,original_pipeline,analysis_result_with_opt,analysis_result_without_any_opt
0,common_subexpression_elimination,average,2,1.0,636.3422870635986,658.6718559265137,1295.8390712738037
1,common_subexpression_elimination,average,2,1.0,642.2584056854248,657.1836471557617,1309.070110321045
2,common_subexpression_elimination,average,2,1.0,631.5665245056152,656.8877696990967,1315.4008388519287
3,common_subexpression_elimination,average,2,1.0,627.5153160095215,662.9021167755127,1321.8269348144531
4,common_subexpression_elimination,average,2,1.0,626.9042491912842,658.6399078369141,1325.2575397491455
5,common_subexpression_elimination,average,2,1.0,636.5749835968018,668.971061706543,1308.884859085083
6,common_subexpression_elimination,average,2,1.0,647.7382183074951,668.7264442443848,1312.8924369812012
