repetition,optimization,scenario,variant_counts,scale_factors,original_pipeline,analysis_result_with_opt,analysis_result_without_any_opt
0,common_subexpression_elimination,average,4,0.5,437.87384033203125,479.5567989349365,1851.3758182525635
1,common_subexpression_elimination,average,4,0.5,415.9588813781738,470.99804878234863,1786.2060070037842
2,common_subexpression_elimination,average,4,0.5,416.0730838775635,470.9179401397705,1802.1059036254883
3,common_subexpression_elimination,average,4,0.5,415.1875972747803,472.059965133667,1800.678014755249
4,common_subexpression_elimination,average,4,0.5,414.3524169921875,471.9240665435791,1763.8227939605713
5,common_subexpression_elimination,average,4,0.5,424.2403507232666,461.23695373535156,1768.2201862335205
6,common_subexpression_elimination,average,4,0.5,429.16107177734375,479.8007011413574,1777.048110961914
