repetition,optimization,scenario,variant_counts,data_size,original_pipeline,analysis_result_with_opt_rule,analysis_result_without_opt_rule,analysis_result_without_any_opt
0,filter_addition_push_up,worst_wo_original,10,5000,1785.8796119689941,1699.3508338928223,569.7269439697266,776.6108512878418
1,filter_addition_push_up,worst_wo_original,10,5000,1953.2272815704346,1905.994176864624,1039.0207767486572,1468.2190418243408
2,filter_addition_push_up,worst_wo_original,10,5000,1440.4633045196533,1462.5051021575928,333.12106132507324,1000.8161067962646
3,filter_addition_push_up,worst_wo_original,10,5000,1621.6158866882324,1529.2332172393799,1329.1840553283691,1538.1698608398438
4,filter_addition_push_up,worst_wo_original,10,5000,1694.9269771575928,1740.8618927001953,770.9140777587891,1294.3060398101807
5,filter_addition_push_up,worst_wo_original,10,5000,1732.2781085968018,1671.7650890350342,639.5750045776367,972.3508358001709
6,filter_addition_push_up,worst_wo_original,10,5000,1716.8011665344238,2072.949171066284,662.5001430511475,1187.9799365997314
