repetition,optimization,scenario,variant_counts,data_size,original_pipeline,analysis_result_with_opt_rule,analysis_result_without_opt_rule,analysis_result_without_any_opt
0,filter_addition_push_up,average,8,5000,37.37211227416992,108.27493667602539,170.4869270324707,269.15574073791504
1,filter_addition_push_up,average,8,5000,40.71617126464844,111.70196533203125,170.31097412109375,278.75208854675293
2,filter_addition_push_up,average,8,5000,38.361310958862305,122.01213836669922,165.31872749328613,286.3929271697998
3,filter_addition_push_up,average,8,5000,40.71521759033203,106.93097114562988,167.24705696105957,254.66513633728027
4,filter_addition_push_up,average,8,5000,39.31760787963867,131.58392906188965,166.66507720947266,286.55004501342773
5,filter_addition_push_up,average,8,5000,52.625417709350586,134.8440647125244,268.2030200958252,441.94722175598145
6,filter_addition_push_up,average,8,5000,38.53321075439453,178.59411239624023,302.89316177368164,374.49097633361816
