repetition,optimization,scenario,variant_counts,data_size,original_pipeline,analysis_result_with_opt_rule,analysis_result_without_opt_rule,analysis_result_without_any_opt
0,operator_deletion_filter_push_up,worst_wo_safety,2,2000,79.45942878723145,4338.681936264038,179.42023277282715,179.18896675109863
1,operator_deletion_filter_push_up,worst_wo_safety,2,2000,50.35257339477539,4282.123804092407,149.89781379699707,141.89910888671875
2,operator_deletion_filter_push_up,worst_wo_safety,2,2000,42.16814041137695,4220.695018768311,280.58695793151855,118.4840202331543
3,operator_deletion_filter_push_up,worst_wo_safety,2,2000,54.24189567565918,4336.5819454193115,169.20185089111328,165.0369167327881
4,operator_deletion_filter_push_up,worst_wo_safety,2,2000,44.48366165161133,4354.830026626587,124.7248649597168,132.40289688110352
5,operator_deletion_filter_push_up,worst_wo_safety,2,2000,58.30025672912598,4391.789674758911,152.17828750610352,159.32416915893555
6,operator_deletion_filter_push_up,worst_wo_safety,2,2000,56.558847427368164,4123.970746994019,134.43922996520996,139.97173309326172
