repetition,optimization,scenario,variant_counts,data_size,analysis_result_with_opt_rule,analysis_result_without_opt_rule,analysis_result_without_any_opt
0,filter_addition_push_up,ideal,5,2000,262.5691890716553,1163.1710529327393,1321.570873260498
1,filter_addition_push_up,ideal,5,2000,232.17487335205078,1019.8888778686523,1241.0292625427246
2,filter_addition_push_up,ideal,5,2000,265.883207321167,1190.8643245697021,1264.6479606628418
3,filter_addition_push_up,ideal,5,2000,228.03807258605957,1000.7810592651367,1066.5090084075928
4,filter_addition_push_up,ideal,5,2000,261.46984100341797,1172.403335571289,1226.5288829803467
5,filter_addition_push_up,ideal,5,2000,260.65683364868164,1063.9441013336182,1141.4549350738525
6,filter_addition_push_up,ideal,5,2000,239.04109001159668,1051.659107208252,1263.5219097137451
