repetition,optimization,scenario,variant_counts,scale_factors,original_pipeline,analysis_result_with_opt_rule,analysis_result_without_opt_rule,analysis_result_without_any_opt
0,operator_deletion_filter_push_up,ideal,10,1.0,916.7819023132324,1057.0714473724365,8832.173109054565,8971.31323814392
1,operator_deletion_filter_push_up,ideal,10,1.0,864.9322986602783,1027.8394222259521,8622.235774993896,8802.00719833374
2,operator_deletion_filter_push_up,ideal,10,1.0,882.0860385894775,1061.6364479064941,8938.569784164429,9038.019895553589
3,operator_deletion_filter_push_up,ideal,10,1.0,890.0375366210938,1025.1781940460205,8859.302997589111,8926.506996154785
4,operator_deletion_filter_push_up,ideal,10,1.0,1130.086898803711,1057.9185485839844,8911.24963760376,9085.335969924927
5,operator_deletion_filter_push_up,ideal,10,1.0,902.1072387695312,1058.4614276885986,8955.53994178772,9094.70272064209
6,operator_deletion_filter_push_up,ideal,10,1.0,903.6941528320312,1048.649549484253,9056.162595748901,9174.057483673096
