repetition,optimization,scenario,variant_counts,data_size,original_pipeline,analysis_result_with_opt_rule,analysis_result_without_opt_rule,analysis_result_without_any_opt
0,operator_deletion_filter_push_up,worst_w_safety,4,2000,67.76928901672363,267.85922050476074,261.1262798309326,286.9400978088379
1,operator_deletion_filter_push_up,worst_w_safety,4,2000,42.781829833984375,321.61998748779297,184.9520206451416,212.10598945617676
2,operator_deletion_filter_push_up,worst_w_safety,4,2000,63.86876106262207,251.7402172088623,264.9979591369629,284.07883644104004
3,operator_deletion_filter_push_up,worst_w_safety,4,2000,65.11473655700684,285.05492210388184,273.5939025878906,309.30519104003906
4,operator_deletion_filter_push_up,worst_w_safety,4,2000,44.8613166809082,221.343994140625,200.01602172851562,227.13804244995117
5,operator_deletion_filter_push_up,worst_w_safety,4,2000,52.408695220947266,222.27716445922852,224.31397438049316,244.9181079864502
6,operator_deletion_filter_push_up,worst_w_safety,4,2000,58.081626892089844,360.82005500793457,240.77200889587402,273.11205863952637
