repetition,optimization,scenario,variant_counts,data_size,original_pipeline,analysis_result_with_opt_rule,analysis_result_without_opt_rule,analysis_result_without_any_opt
0,operator_deletion_filter_push_up,worst_safety_too_defensive,6,2000,404.2975902557373,5985.443115234375,5948.12798500061,6082.627058029175
1,operator_deletion_filter_push_up,worst_safety_too_defensive,6,2000,411.4997386932373,6080.842018127441,5909.717082977295,6020.7061767578125
2,operator_deletion_filter_push_up,worst_safety_too_defensive,6,2000,389.94693756103516,5933.706998825073,5969.120979309082,5998.524904251099
3,operator_deletion_filter_push_up,worst_safety_too_defensive,6,2000,360.7909679412842,5820.580244064331,5672.21999168396,5725.693941116333
4,operator_deletion_filter_push_up,worst_safety_too_defensive,6,2000,355.56721687316895,5772.740840911865,5800.526142120361,5730.997085571289
5,operator_deletion_filter_push_up,worst_safety_too_defensive,6,2000,354.0382385253906,5700.311660766602,5752.680778503418,5857.781171798706
6,operator_deletion_filter_push_up,worst_safety_too_defensive,6,2000,416.12720489501953,5940.757989883423,5861.79780960083,5860.023021697998
