repetition,optimization,scenario,variant_counts,data_size,original_pipeline,analysis_result_with_reuse_opt_rule,analysis_result_with_push_up_opt_rule,analysis_result_without_opt_rule,analysis_result_without_any_opt
0,udf_split_and_reuse,worst_wo_safety,2,10000,34.79504585266113,1070.0709819793701,146.12317085266113,140.3491497039795,181.37121200561523
1,udf_split_and_reuse,worst_wo_safety,2,10000,35.033226013183594,807.8179359436035,153.4421443939209,146.5010643005371,138.0789279937744
2,udf_split_and_reuse,worst_wo_safety,2,10000,25.45619010925293,775.1941680908203,107.56707191467285,143.86677742004395,134.8109245300293
3,udf_split_and_reuse,worst_wo_safety,2,10000,25.122404098510742,794.6791648864746,111.68789863586426,131.26397132873535,154.0212631225586
4,udf_split_and_reuse,worst_wo_safety,2,10000,31.345367431640625,803.5531044006348,99.68090057373047,115.40985107421875,126.16324424743652
5,udf_split_and_reuse,worst_wo_safety,2,10000,24.110078811645508,756.4761638641357,101.89318656921387,113.69919776916504,133.0721378326416
6,udf_split_and_reuse,worst_wo_safety,2,10000,24.323701858520508,840.4941558837891,128.5257339477539,131.6521167755127,136.80267333984375
