repetition,optimization,scenario,variant_counts,data_size,original_pipeline,analysis_result_with_opt_rule,analysis_result_without_opt_rule,analysis_result_without_any_opt
0,filter_addition_push_up,worst_wo_original,4,5000,1482.926607131958,1488.8420104980469,509.9949836730957,481.4448356628418
1,filter_addition_push_up,worst_wo_original,4,5000,1317.7258968353271,1327.930212020874,346.1623191833496,551.8770217895508
2,filter_addition_push_up,worst_wo_original,4,5000,1516.7243480682373,1524.4617462158203,171.77104949951172,269.2749500274658
3,filter_addition_push_up,worst_wo_original,4,5000,1418.7452793121338,1550.7738590240479,268.0790424346924,372.64490127563477
4,filter_addition_push_up,worst_wo_original,4,5000,1294.771671295166,1278.6569595336914,376.8467903137207,373.48365783691406
5,filter_addition_push_up,worst_wo_original,4,5000,1241.0027980804443,1245.8701133728027,275.36606788635254,522.8009223937988
6,filter_addition_push_up,worst_wo_original,4,5000,1452.5001049041748,1490.5619621276855,160.51602363586426,265.20609855651855
