repetition,optimization,scenario,variant_counts,scale_factors,original_pipeline,analysis_result_with_opt_rule,analysis_result_without_opt_rule,analysis_result_without_any_opt
0,projection_push_up,average,6,1.0,552.1728992462158,825.0951766967773,2212.216377258301,3644.761800765991
1,projection_push_up,average,6,1.0,539.4158363342285,811.1779689788818,2184.926986694336,3649.9722003936768
2,projection_push_up,average,6,1.0,543.1137084960938,813.4477138519287,2202.714443206787,3685.1301193237305
3,projection_push_up,average,6,1.0,568.9857006072998,829.7460079193115,2301.595687866211,3704.627275466919
4,projection_push_up,average,6,1.0,560.3322982788086,812.8306865692139,2209.8913192749023,3677.7920722961426
5,projection_push_up,average,6,1.0,547.4145412445068,830.2993774414062,2275.770902633667,3684.307813644409
6,projection_push_up,average,6,1.0,547.7514266967773,818.1874752044678,2253.5758018493652,3667.56534576416
