repetition,optimization,scenario,variant_counts,scale_factors,original_pipeline,analysis_result_with_reuse_opt_rule,analysis_result_with_push_up_opt_rule,analysis_result_without_opt_rule,analysis_result_without_any_opt
0,udf_split_and_reuse,worst_wo_safety,4,1.0,29.523372650146484,1012.7182006835938,237.89620399475098,269.05012130737305,329.3139934539795
1,udf_split_and_reuse,worst_wo_safety,4,1.0,28.194427490234375,990.891695022583,238.69085311889648,273.648738861084,345.0429439544678
2,udf_split_and_reuse,worst_wo_safety,4,1.0,31.624555587768555,1103.3179759979248,318.371057510376,290.41504859924316,333.81104469299316
3,udf_split_and_reuse,worst_wo_safety,4,1.0,27.9233455657959,1028.46097946167,262.65907287597656,312.2429847717285,371.0448741912842
4,udf_split_and_reuse,worst_wo_safety,4,1.0,34.889936447143555,1059.885025024414,263.98587226867676,294.33703422546387,356.5058708190918
5,udf_split_and_reuse,worst_wo_safety,4,1.0,27.9996395111084,1047.780990600586,266.8311595916748,291.35704040527344,344.8529243469238
6,udf_split_and_reuse,worst_wo_safety,4,1.0,30.209064483642578,1058.2830905914307,268.4469223022461,292.4950122833252,355.00502586364746
