repetition,optimization,scenario,variant_counts,scale_factors,original_pipeline,analysis_result_with_opt_rule,analysis_result_without_opt_rule,analysis_result_without_any_opt
0,operator_deletion_filter_push_up,worst_wo_safety,6,1.0,66.52426719665527,1053.9183616638184,350.57663917541504,385.47277450561523
1,operator_deletion_filter_push_up,worst_wo_safety,6,1.0,58.533430099487305,1251.9688606262207,321.7887878417969,359.1268062591553
2,operator_deletion_filter_push_up,worst_wo_safety,6,1.0,42.822837829589844,981.386661529541,231.3070297241211,268.42236518859863
3,operator_deletion_filter_push_up,worst_wo_safety,6,1.0,61.698198318481445,984.9269390106201,338.7117385864258,374.2837905883789
4,operator_deletion_filter_push_up,worst_wo_safety,6,1.0,62.818050384521484,982.3088645935059,357.45930671691895,393.42808723449707
5,operator_deletion_filter_push_up,worst_wo_safety,6,1.0,66.49637222290039,985.5227470397949,382.0013999938965,417.42825508117676
6,operator_deletion_filter_push_up,worst_wo_safety,6,1.0,48.00152778625488,991.3101196289062,266.0856246948242,302.0286560058594
