repetition,optimization,scenario,variant_counts,scale_factors,original_pipeline,analysis_result_with_reuse_opt_rule,analysis_result_with_push_up_opt_rule,analysis_result_without_opt_rule,analysis_result_without_any_opt
0,udf_split_and_reuse,average,6,1.0,345.1426029205322,1377.6450157165527,2001.0559558868408,1647.6249694824219,2139.8611068725586
1,udf_split_and_reuse,average,6,1.0,320.6026554107666,1424.1440296173096,1607.7032089233398,1665.665864944458,2256.146192550659
2,udf_split_and_reuse,average,6,1.0,329.23054695129395,1313.2450580596924,1422.4371910095215,1593.7368869781494,2077.443838119507
3,udf_split_and_reuse,average,6,1.0,295.3026294708252,1305.8409690856934,1406.710147857666,1586.1201286315918,2046.734094619751
4,udf_split_and_reuse,average,6,1.0,329.0133476257324,1290.959119796753,1411.109209060669,1542.8040027618408,2024.4038105010986
5,udf_split_and_reuse,average,6,1.0,323.4286308288574,1473.172903060913,1417.957067489624,1532.9358577728271,2051.204204559326
6,udf_split_and_reuse,average,6,1.0,327.18634605407715,1277.9579162597656,1419.3270206451416,1505.8040618896484,2020.002841949463
