repetition,optimization,scenario,variant_counts,scale_factors,original_pipeline,analysis_result_with_opt_rule,analysis_result_without_opt_rule,analysis_result_without_any_opt
0,operator_deletion_filter_push_up,average,2,1.0,688.6811256408691,792.9909229278564,1066.1909580230713,1506.4091682434082
1,operator_deletion_filter_push_up,average,2,1.0,690.9921169281006,782.3150157928467,1053.5671710968018,1503.9920806884766
2,operator_deletion_filter_push_up,average,2,1.0,718.6522483825684,802.2952079772949,1077.9037475585938,1508.774995803833
3,operator_deletion_filter_push_up,average,2,1.0,690.4861927032471,805.4111003875732,1053.044080734253,1508.7082386016846
4,operator_deletion_filter_push_up,average,2,1.0,680.6435585021973,791.3589477539062,1051.692008972168,1487.7939224243164
5,operator_deletion_filter_push_up,average,2,1.0,715.0876522064209,929.9120903015137,1290.4951572418213,1593.529224395752
6,operator_deletion_filter_push_up,average,2,1.0,760.3702545166016,873.4159469604492,1179.015874862671,1661.834955215454
