repetition,optimization,scenario,variant_counts,scale_factors,original_pipeline,analysis_result_with_reuse_opt_rule,analysis_result_with_push_up_opt_rule,analysis_result_without_opt_rule,analysis_result_without_any_opt
0,udf_split_and_reuse,ideal,4,1.0,17.480850219726562,985.4600429534912,2709.707021713257,2786.7839336395264,2796.8430519104004
1,udf_split_and_reuse,ideal,4,1.0,18.54085922241211,947.1449851989746,2901.970148086548,2958.341121673584,2840.8801555633545
2,udf_split_and_reuse,ideal,4,1.0,18.157482147216797,965.1060104370117,2723.551034927368,2760.650873184204,2820.8858966827393
3,udf_split_and_reuse,ideal,4,1.0,16.81828498840332,962.428092956543,2724.0540981292725,2770.4858779907227,2802.3428916931152
4,udf_split_and_reuse,ideal,4,1.0,17.39668846130371,959.7980976104736,2739.7687435150146,2760.6751918792725,2828.9999961853027
5,udf_split_and_reuse,ideal,4,1.0,16.5712833404541,980.5679321289062,2707.3421478271484,2768.1469917297363,2794.376850128174
6,udf_split_and_reuse,ideal,4,1.0,16.65353775024414,990.1587963104248,2714.458227157593,2777.418851852417,2812.9518032073975
