repetition,optimization,scenario,variant_counts,scale_factors,original_pipeline,analysis_result_with_opt_rule,analysis_result_without_opt_rule,analysis_result_without_any_opt
0,projection_push_up,ideal,4,1.0,925.9488582611084,944.8263645172119,3626.030206680298,3868.3526515960693
1,projection_push_up,ideal,4,1.0,968.3670997619629,987.579345703125,3812.0102882385254,3927.778959274292
2,projection_push_up,ideal,4,1.0,936.4657402038574,946.9096660614014,3636.2483501434326,3759.0956687927246
3,projection_push_up,ideal,4,1.0,936.5177154541016,954.5876979827881,3920.278310775757,3784.989833831787
4,projection_push_up,ideal,4,1.0,989.7680282592773,1009.4985961914062,3889.74928855896,4002.5548934936523
5,projection_push_up,ideal,4,1.0,741.0635948181152,994.2901134490967,2902.0025730133057,2994.749069213867
6,projection_push_up,ideal,4,1.0,850.5487442016602,859.320878982544,3282.8962802886963,3400.7561206817627
