repetition,optimization,scenario,variant_counts,data_size,original_pipeline,analysis_result_with_opt_rule,analysis_result_without_opt_rule,analysis_result_without_any_opt
0,filter_addition_push_up,average,6,100000,241.09244346618652,417.7999496459961,726.3138294219971,1558.3319664001465
1,filter_addition_push_up,average,6,100000,246.9933032989502,425.3358840942383,738.368034362793,1538.7260913848877
2,filter_addition_push_up,average,6,100000,253.13878059387207,418.09678077697754,713.4900093078613,1536.834955215454
3,filter_addition_push_up,average,6,100000,239.44592475891113,425.0187873840332,761.7201805114746,1546.1461544036865
4,filter_addition_push_up,average,6,100000,239.86387252807617,419.583797454834,771.5177536010742,1559.119701385498
5,filter_addition_push_up,average,6,100000,244.11606788635254,424.375057220459,731.9021224975586,1534.5478057861328
6,filter_addition_push_up,average,6,100000,251.29008293151855,426.9981384277344,727.9489040374756,1571.6829299926758
