repetition,optimization,scenario,variant_counts,scale_factors,original_pipeline,analysis_result_with_opt_rule,analysis_result_without_opt_rule,analysis_result_without_any_opt
0,operator_deletion_filter_push_up,average,4,1.5,1044.344425201416,1419.2078113555908,2397.274971008301,4375.450134277344
1,operator_deletion_filter_push_up,average,4,1.5,1018.8000202178955,1397.9451656341553,2370.9092140197754,4340.8989906311035
2,operator_deletion_filter_push_up,average,4,1.5,994.9443340301514,1433.5720539093018,2459.6638679504395,4374.9120235443115
3,operator_deletion_filter_push_up,average,4,1.5,1018.6600685119629,1416.3141250610352,2407.3500633239746,4359.803915023804
4,operator_deletion_filter_push_up,average,4,1.5,1029.803991317749,1433.901071548462,2440.2639865875244,4381.127834320068
5,operator_deletion_filter_push_up,average,4,1.5,1017.3566341400146,1466.9578075408936,2493.6561584472656,4340.023756027222
6,operator_deletion_filter_push_up,average,4,1.5,1042.8497791290283,1503.2730102539062,2441.641092300415,4357.954025268555
