repetition,optimization,scenario,variant_counts,scale_factors,original_pipeline,analysis_result_with_reuse_opt_rule,analysis_result_with_push_up_opt_rule,analysis_result_without_opt_rule,analysis_result_without_any_opt
0,udf_split_and_reuse,worst_wo_safety,4,2.0,22.10855484008789,1849.7681617736816,398.32210540771484,462.07666397094727,492.9313659667969
1,udf_split_and_reuse,worst_wo_safety,4,2.0,22.63927459716797,1850.2178192138672,400.7425308227539,459.37633514404297,493.99447441101074
2,udf_split_and_reuse,worst_wo_safety,4,2.0,23.31686019897461,1844.5475101470947,400.9668827056885,458.81009101867676,498.399019241333
3,udf_split_and_reuse,worst_wo_safety,4,2.0,23.521900177001953,1858.5317134857178,401.4103412628174,461.84563636779785,496.628999710083
4,udf_split_and_reuse,worst_wo_safety,4,2.0,23.415327072143555,1872.258186340332,406.16559982299805,459.81693267822266,497.9851245880127
5,udf_split_and_reuse,worst_wo_safety,4,2.0,24.339914321899414,1843.343734741211,401.78418159484863,459.2618942260742,500.2429485321045
6,udf_split_and_reuse,worst_wo_safety,4,2.0,25.3903865814209,1865.9555912017822,405.0912857055664,461.47727966308594,502.9604434967041
