repetition,optimization,scenario,variant_counts,data_size,original_pipeline,analysis_result_with_opt_rule,analysis_result_without_opt_rule,analysis_result_without_any_opt
0,filter_addition_push_up,worst_wo_original,6,5000,1593.7321186065674,1575.21390914917,467.54980087280273,763.1890773773193
1,filter_addition_push_up,worst_wo_original,6,5000,1341.6554927825928,1340.226173400879,299.82495307922363,570.490837097168
2,filter_addition_push_up,worst_wo_original,6,5000,1404.975414276123,1398.3948230743408,353.3599376678467,648.8349437713623
3,filter_addition_push_up,worst_wo_original,6,5000,1314.6610260009766,1293.7891483306885,338.72485160827637,395.20883560180664
4,filter_addition_push_up,worst_wo_original,6,5000,1337.629795074463,1366.4720058441162,384.9499225616455,701.1651992797852
5,filter_addition_push_up,worst_wo_original,6,5000,1345.3867435455322,1355.8580875396729,396.20399475097656,717.5920009613037
6,filter_addition_push_up,worst_wo_original,6,5000,1525.7515907287598,1537.214994430542,502.11477279663086,796.3361740112305
