repetition,optimization,scenario,variant_counts,scale_factors,original_pipeline,analysis_result_with_reuse_opt_rule,analysis_result_with_push_up_opt_rule,analysis_result_without_opt_rule,analysis_result_without_any_opt
0,udf_split_and_reuse,ideal,4,1.0,23.353099822998047,973.2191562652588,2761.7428302764893,2852.752923965454,2861.284017562866
1,udf_split_and_reuse,ideal,4,1.0,25.75206756591797,966.264009475708,2737.0190620422363,2813.971757888794,2872.8528022766113
2,udf_split_and_reuse,ideal,4,1.0,26.375770568847656,981.3520908355713,2786.6199016571045,2815.5109882354736,2893.620252609253
3,udf_split_and_reuse,ideal,4,1.0,31.89826011657715,989.1698360443115,2739.291191101074,2821.0878372192383,2926.1770248413086
4,udf_split_and_reuse,ideal,4,1.0,26.337146759033203,974.3969440460205,2742.830276489258,2841.550827026367,2899.7907638549805
5,udf_split_and_reuse,ideal,4,1.0,24.400711059570312,978.9338111877441,2778.7652015686035,2845.136880874634,2909.321069717407
6,udf_split_and_reuse,ideal,4,1.0,23.899316787719727,982.4621677398682,2756.04510307312,2814.736843109131,2941.7920112609863
