repetition,optimization,scenario,variant_counts,scale_factors,original_pipeline,analysis_result_with_reuse_opt_rule,analysis_result_with_push_up_opt_rule,analysis_result_without_opt_rule,analysis_result_without_any_opt
0,udf_split_and_reuse,average,4,1.0,699.2361545562744,949.1691589355469,956.449031829834,2065.281867980957,3381.826162338257
1,udf_split_and_reuse,average,4,1.0,787.0676517486572,872.7338314056396,875.1950263977051,2016.873836517334,3310.9352588653564
2,udf_split_and_reuse,average,4,1.0,708.568811416626,914.370059967041,957.280158996582,2079.2551040649414,3366.7380809783936
3,udf_split_and_reuse,average,4,1.0,712.5446796417236,912.7218723297119,972.6912975311279,2082.0300579071045,3374.307870864868
4,udf_split_and_reuse,average,4,1.0,696.847677230835,923.4907627105713,972.2080230712891,2097.2650051116943,3373.093843460083
5,udf_split_and_reuse,average,4,1.0,715.7676219940186,930.8469295501709,988.9941215515137,2073.949098587036,3322.0977783203125
6,udf_split_and_reuse,average,4,1.0,697.1969604492188,932.6379299163818,976.923942565918,2107.5072288513184,3410.6268882751465
