repetition,optimization,scenario,variant_counts,scale_factors,original_pipeline,analysis_result_with_opt_rule,analysis_result_without_opt_rule,analysis_result_without_any_opt
0,operator_deletion_filter_push_up,average,10,1.0,632.718563079834,1501.716136932373,3385.3518962860107,6456.370830535889
1,operator_deletion_filter_push_up,average,10,1.0,619.2917823791504,1556.1914443969727,3395.6334590911865,6549.411296844482
2,operator_deletion_filter_push_up,average,10,1.0,611.5155220031738,1526.8208980560303,3310.364246368408,6524.137735366821
3,operator_deletion_filter_push_up,average,10,1.0,617.8703308105469,1529.597520828247,3380.6498050689697,6478.323936462402
4,operator_deletion_filter_push_up,average,10,1.0,620.8930015563965,1529.0653705596924,3348.6340045928955,6535.087585449219
5,operator_deletion_filter_push_up,average,10,1.0,611.9940280914307,1521.545171737671,3303.433656692505,6537.395238876343
6,operator_deletion_filter_push_up,average,10,1.0,612.6587390899658,1518.9361572265625,3287.916660308838,6490.648508071899
