repetition,optimization,scenario,variant_counts,data_size,original_pipeline,analysis_result_with_opt_rule,analysis_result_without_opt_rule,analysis_result_without_any_opt
0,operator_deletion_filter_push_up,average,6,1000,35.46881675720215,53.55978012084961,77.86989212036133,129.8348903656006
1,operator_deletion_filter_push_up,average,6,1000,24.167299270629883,55.29189109802246,78.13763618469238,125.55289268493652
2,operator_deletion_filter_push_up,average,6,1000,25.988340377807617,57.951927185058594,84.14316177368164,130.3861141204834
3,operator_deletion_filter_push_up,average,6,1000,25.473356246948242,54.80504035949707,76.32732391357422,275.45881271362305
4,operator_deletion_filter_push_up,average,6,1000,41.59355163574219,100.56710243225098,89.0507698059082,144.21987533569336
5,operator_deletion_filter_push_up,average,6,1000,28.23662757873535,69.65494155883789,92.24081039428711,138.79084587097168
6,operator_deletion_filter_push_up,average,6,1000,33.367156982421875,60.49203872680664,126.45816802978516,132.71117210388184
