repetition,optimization,scenario,variant_counts,scale_factors,original_pipeline,analysis_result_with_opt_rule,analysis_result_without_opt_rule,analysis_result_without_any_opt
0,filter_addition_push_up,worst_w_original,4,0.5,251.13558769226074,253.04317474365234,287.0290279388428,303.59601974487305
1,filter_addition_push_up,worst_w_original,4,0.5,242.23566055297852,248.3351230621338,285.6111526489258,296.5266704559326
2,filter_addition_push_up,worst_w_original,4,0.5,243.96824836730957,247.90596961975098,293.20383071899414,311.02800369262695
3,filter_addition_push_up,worst_w_original,4,0.5,243.79444122314453,244.4620132446289,285.9160900115967,300.6861209869385
4,filter_addition_push_up,worst_w_original,4,0.5,248.41570854187012,247.55620956420898,300.0493049621582,313.2197856903076
5,filter_addition_push_up,worst_w_original,4,0.5,243.696928024292,242.62499809265137,288.80810737609863,308.96711349487305
6,filter_addition_push_up,worst_w_original,4,0.5,249.76587295532227,244.31085586547852,450.95205307006836,322.1399784088135
