repetition,optimization,scenario,variant_counts,scale_factors,original_pipeline,analysis_result_with_reuse_opt_rule,analysis_result_with_push_up_opt_rule,analysis_result_without_opt_rule,analysis_result_without_any_opt
0,udf_split_and_reuse,ideal,8,1.0,13.719797134399414,952.3324966430664,6832.43465423584,6949.750661849976,6983.9982986450195
1,udf_split_and_reuse,ideal,8,1.0,13.433694839477539,946.9077587127686,6765.5651569366455,6910.346031188965,6947.287797927856
2,udf_split_and_reuse,ideal,8,1.0,12.951374053955078,948.3175277709961,6785.830974578857,6932.058095932007,6970.614433288574
3,udf_split_and_reuse,ideal,8,1.0,12.891769409179688,946.4280605316162,6775.36416053772,6907.870769500732,6930.224418640137
4,udf_split_and_reuse,ideal,8,1.0,12.829780578613281,965.0704860687256,6791.299343109131,6899.255037307739,6917.837858200073
5,udf_split_and_reuse,ideal,8,1.0,12.549400329589844,947.232723236084,6784.437656402588,6935.050010681152,6967.09132194519
6,udf_split_and_reuse,ideal,8,1.0,11.926651000976562,952.4495601654053,6783.289670944214,6890.39158821106,6958.4290981292725
