repetition,optimization,scenario,variant_counts,scale_factors,original_pipeline,analysis_result_with_opt_rule,analysis_result_without_opt_rule,analysis_result_without_any_opt
0,filter_addition_push_up,worst_w_original,4,3.0,9210.921287536621,9064.194440841675,10652.541399002075,10806.61153793335
1,filter_addition_push_up,worst_w_original,4,3.0,8957.987785339355,8950.95944404602,10522.028923034668,10786.248683929443
2,filter_addition_push_up,worst_w_original,4,3.0,8963.49024772644,8877.921104431152,10351.377248764038,10671.996593475342
3,filter_addition_push_up,worst_w_original,4,3.0,9173.367977142334,9000.509977340698,10683.944702148438,10863.822221755981
4,filter_addition_push_up,worst_w_original,4,3.0,8921.786308288574,9010.826349258423,10617.559671401978,10913.378715515137
5,filter_addition_push_up,worst_w_original,4,3.0,9218.85061264038,9050.021171569824,10613.868236541748,10915.529727935791
6,filter_addition_push_up,worst_w_original,4,3.0,8953.67407798767,9129.9729347229,10730.971813201904,11105.052947998047
