repetition,optimization,scenario,variant_counts,data_size,analysis_result_with_reuse_opt_rule,analysis_result_with_push_up_opt_rule,analysis_result_without_opt_rule,analysis_result_without_any_opt
0,udf_split_and_reuse,ideal,10,10000,879.1689872741699,6693.040132522583,7053.711175918579,7314.267158508301
1,udf_split_and_reuse,ideal,10,10000,868.4020042419434,6727.243661880493,6898.815870285034,7507.422924041748
2,udf_split_and_reuse,ideal,10,10000,876.633882522583,6693.241834640503,6841.7463302612305,7368.858814239502
3,udf_split_and_reuse,ideal,10,10000,867.6307201385498,6737.483024597168,6945.92022895813,7341.691255569458
4,udf_split_and_reuse,ideal,10,10000,855.2987575531006,6698.339939117432,6927.181959152222,7435.969114303589
5,udf_split_and_reuse,ideal,10,10000,978.1770706176758,6889.1921043396,6888.628959655762,7364.755868911743
6,udf_split_and_reuse,ideal,10,10000,854.4280529022217,6725.301027297974,6951.057195663452,7288.329839706421
