repetition,optimization,scenario,variant_counts,scale_factors,original_pipeline,analysis_result_with_opt_rule,analysis_result_without_opt_rule,analysis_result_without_any_opt
0,projection_push_up,worst,8,1.0,502.34317779541016,3935.6648921966553,3977.627992630005,4106.433629989624
1,projection_push_up,worst,8,1.0,493.76630783081055,3977.788209915161,4002.408027648926,4173.135995864868
2,projection_push_up,worst,8,1.0,499.4845390319824,3966.9764041900635,4029.588460922241,4140.706539154053
3,projection_push_up,worst,8,1.0,504.0760040283203,3932.2569370269775,3967.214822769165,4130.8488845825195
4,projection_push_up,worst,8,1.0,505.27358055114746,3959.5673084259033,3992.9323196411133,4256.091833114624
5,projection_push_up,worst,8,1.0,498.3961582183838,3910.588264465332,3987.182378768921,4099.953413009644
6,projection_push_up,worst,8,1.0,503.99160385131836,3918.144702911377,3963.6337757110596,4099.933385848999
