repetition,optimization,scenario,variant_counts,scale_factors,original_pipeline,analysis_result_with_reuse_opt_rule,analysis_result_with_push_up_opt_rule,analysis_result_without_opt_rule,analysis_result_without_any_opt
0,udf_split_and_reuse,average,4,1.5,692.570686340332,917.8836345672607,991.3344383239746,2122.5314140319824,3234.917402267456
1,udf_split_and_reuse,average,4,1.5,697.6912021636963,926.6221523284912,993.5009479522705,2110.5563640594482,3262.9294395446777
2,udf_split_and_reuse,average,4,1.5,703.369140625,951.4057636260986,1009.6578598022461,2197.202205657959,3303.880453109741
3,udf_split_and_reuse,average,4,1.5,726.1033058166504,953.5372257232666,1030.9550762176514,2185.004234313965,3286.5915298461914
4,udf_split_and_reuse,average,4,1.5,733.2358360290527,944.5009231567383,1013.5641098022461,2150.513172149658,3288.86342048645
5,udf_split_and_reuse,average,4,1.5,719.8145389556885,940.6394958496094,1011.685848236084,2164.2520427703857,3295.4819202423096
6,udf_split_and_reuse,average,4,1.5,710.1473808288574,925.4424571990967,1005.1491260528564,2138.8039588928223,3291.684150695801
