repetition,optimization,scenario,variant_counts,scale_factors,original_pipeline,analysis_result_with_opt_rule,analysis_result_without_opt_rule,analysis_result_without_any_opt
0,operator_deletion_filter_push_up,worst_wo_safety,4,1.5,130.45668601989746,2388.4778022766113,462.6498222351074,508.3611011505127
1,operator_deletion_filter_push_up,worst_wo_safety,4,1.5,154.29091453552246,2414.9138927459717,539.8356914520264,556.7202568054199
2,operator_deletion_filter_push_up,worst_wo_safety,4,1.5,176.1631965637207,2476.9182205200195,646.3329792022705,671.4801788330078
3,operator_deletion_filter_push_up,worst_wo_safety,4,1.5,148.99277687072754,2376.114845275879,553.4610748291016,596.0590839385986
4,operator_deletion_filter_push_up,worst_wo_safety,4,1.5,137.82382011413574,2337.009906768799,488.15393447875977,525.5522727966309
5,operator_deletion_filter_push_up,worst_wo_safety,4,1.5,165.9986972808838,2319.429874420166,597.4290370941162,648.6861705780029
6,operator_deletion_filter_push_up,worst_wo_safety,4,1.5,153.25689315795898,2309.4592094421387,584.8958492279053,610.2521419525146
