repetition,optimization,scenario,variant_counts,scale_factors,original_pipeline,analysis_result_with_opt_rule,analysis_result_without_opt_rule,analysis_result_without_any_opt
0,filter_addition_push_up,ideal,4,1.0,934.004545211792,942.9974555969238,3610.952138900757,3821.1491107940674
1,filter_addition_push_up,ideal,4,1.0,1018.4998512268066,1020.0412273406982,3944.423198699951,4060.0671768188477
2,filter_addition_push_up,ideal,4,1.0,874.7997283935547,880.1684379577637,3540.400743484497,3459.1944217681885
3,filter_addition_push_up,ideal,4,1.0,824.2294788360596,831.7179679870605,3193.058729171753,3498.368740081787
4,filter_addition_push_up,ideal,4,1.0,959.8071575164795,966.8879508972168,3707.0648670196533,3817.697048187256
5,filter_addition_push_up,ideal,4,1.0,912.6627445220947,926.4466762542725,3542.7651405334473,3602.445363998413
6,filter_addition_push_up,ideal,4,1.0,1054.4257164001465,877.7742385864258,3422.0545291900635,3528.9785861968994
