repetition,optimization,scenario,variant_counts,scale_factors,original_pipeline,analysis_result_with_reuse_opt_rule,analysis_result_with_push_up_opt_rule,analysis_result_without_opt_rule,analysis_result_without_any_opt
0,udf_split_and_reuse,worst_wo_safety,4,1.5,40.763139724731445,1631.9961547851562,383.9259147644043,469.46096420288086,542.4399375915527
1,udf_split_and_reuse,worst_wo_safety,4,1.5,43.37501525878906,1678.0550479888916,392.1539783477783,458.3611488342285,550.8480072021484
2,udf_split_and_reuse,worst_wo_safety,4,1.5,42.80710220336914,1657.0007801055908,389.76001739501953,464.6437168121338,546.5848445892334
3,udf_split_and_reuse,worst_wo_safety,4,1.5,42.62256622314453,1630.9478282928467,394.56629753112793,458.8510990142822,550.0280857086182
4,udf_split_and_reuse,worst_wo_safety,4,1.5,42.301177978515625,1652.91166305542,390.3999328613281,464.0829563140869,537.1241569519043
5,udf_split_and_reuse,worst_wo_safety,4,1.5,42.23895072937012,1624.8559951782227,388.83399963378906,454.24389839172363,526.8540382385254
6,udf_split_and_reuse,worst_wo_safety,4,1.5,40.90118408203125,1661.2441539764404,394.8829174041748,470.6530570983887,548.5177040100098
