repetition,optimization,scenario,variant_counts,scale_factors,original_pipeline,analysis_result_with_opt_rule,analysis_result_without_opt_rule,analysis_result_without_any_opt
0,operator_deletion_filter_push_up,ideal,4,1.0,1009.1543197631836,982.3009967803955,3747.370958328247,3699.939012527466
1,operator_deletion_filter_push_up,ideal,4,1.0,953.5942077636719,975.9259223937988,3643.507957458496,4107.2869300842285
2,operator_deletion_filter_push_up,ideal,4,1.0,926.4039993286133,957.3409557342529,3649.822235107422,3687.6139640808105
3,operator_deletion_filter_push_up,ideal,4,1.0,928.9705753326416,949.3629932403564,3609.0359687805176,3660.2399349212646
4,operator_deletion_filter_push_up,ideal,4,1.0,889.333963394165,941.162109375,3564.00990486145,3596.992015838623
5,operator_deletion_filter_push_up,ideal,4,1.0,998.7771511077881,985.832929611206,3555.3369522094727,3630.415678024292
6,operator_deletion_filter_push_up,ideal,4,1.0,918.3139801025391,944.882869720459,3550.724983215332,3594.5000648498535
