repetition,optimization,scenario,variant_counts,scale_factors,original_pipeline,analysis_result_with_opt_rule,analysis_result_without_opt_rule,analysis_result_without_any_opt
0,projection_push_up,worst,2,1.0,506.35838508605957,1000.4823207855225,1002.1505355834961,1030.214548110962
1,projection_push_up,worst,2,1.0,497.5254535675049,994.3821430206299,1000.8254051208496,1019.282341003418
2,projection_push_up,worst,2,1.0,497.3139762878418,988.2299900054932,995.0380325317383,1012.7785205841064
3,projection_push_up,worst,2,1.0,498.0490207672119,989.2194271087646,995.0752258300781,1011.2578868865967
4,projection_push_up,worst,2,1.0,498.258113861084,989.1324043273926,993.995189666748,1014.0957832336426
5,projection_push_up,worst,2,1.0,495.23282051086426,988.6975288391113,990.5390739440918,1009.5086097717285
6,projection_push_up,worst,2,1.0,494.36140060424805,980.0412654876709,991.8742179870605,1010.6828212738037
