repetition,optimization,scenario,variant_counts,data_size,original_pipeline,analysis_result_with_opt_rule,analysis_result_without_opt_rule,analysis_result_without_any_opt
0,operator_deletion_filter_push_up,ideal,6,1000,982.5356006622314,1040.2092933654785,5680.1111698150635,5813.392877578735
1,operator_deletion_filter_push_up,ideal,6,1000,972.7444648742676,1025.4261493682861,5633.298873901367,5805.505990982056
2,operator_deletion_filter_push_up,ideal,6,1000,975.8615493774414,1014.9919986724854,5636.687994003296,5758.71205329895
3,operator_deletion_filter_push_up,ideal,6,1000,934.0407848358154,1037.6498699188232,5733.436346054077,5680.2990436553955
4,operator_deletion_filter_push_up,ideal,6,1000,949.5923519134521,1060.4968070983887,5596.663951873779,5680.221080780029
5,operator_deletion_filter_push_up,ideal,6,1000,938.7631416320801,1031.3198566436768,5636.61527633667,5635.4711055755615
6,operator_deletion_filter_push_up,ideal,6,1000,966.4394855499268,1014.2059326171875,5704.440116882324,5843.119144439697
