repetition,optimization,scenario,variant_counts,data_size,original_pipeline,analysis_result_with_opt_rule,analysis_result_without_opt_rule,analysis_result_without_any_opt
0,projection_push_up,ideal,10,2000,275.0225067138672,332.7949047088623,2965.9531116485596,3764.7411823272705
1,projection_push_up,ideal,10,2000,333.64081382751465,340.04807472229004,2815.3069019317627,3192.196846008301
2,projection_push_up,ideal,10,2000,307.4767589569092,352.7669906616211,3006.441831588745,2609.3990802764893
3,projection_push_up,ideal,10,2000,284.8241329193115,300.2431392669678,2403.9108753204346,2840.2647972106934
4,projection_push_up,ideal,10,2000,240.51165580749512,272.30310440063477,2702.6031017303467,2611.896753311157
5,projection_push_up,ideal,10,2000,309.4213008880615,311.2530708312988,2338.7908935546875,2621.5009689331055
6,projection_push_up,ideal,10,2000,312.3006820678711,269.9282169342041,2459.9480628967285,2609.254837036133
