repetition,optimization,scenario,variant_counts,data_size,analysis_result_with_reuse_opt_rule,analysis_result_with_push_up_opt_rule,analysis_result_without_opt_rule,analysis_result_without_any_opt
0,udf_split_and_reuse,worst_wo_safety,2,100000,7151.612997055054,883.6948871612549,971.3280200958252,1083.0888748168945
1,udf_split_and_reuse,worst_wo_safety,2,100000,7199.892997741699,871.9222545623779,965.0239944458008,1059.0012073516846
2,udf_split_and_reuse,worst_wo_safety,2,100000,7196.333885192871,868.2229518890381,962.986946105957,1068.4077739715576
3,udf_split_and_reuse,worst_wo_safety,2,100000,7118.527173995972,861.9551658630371,964.012861251831,1089.712142944336
4,udf_split_and_reuse,worst_wo_safety,2,100000,7167.283296585083,859.5232963562012,983.4721088409424,1062.3791217803955
5,udf_split_and_reuse,worst_wo_safety,2,100000,7135.502099990845,861.595869064331,954.5409679412842,1077.7769088745117
6,udf_split_and_reuse,worst_wo_safety,2,100000,7131.382942199707,872.3030090332031,957.3707580566406,1065.474033355713
