repetition,optimization,scenario,variant_counts,scale_factors,original_pipeline,analysis_result_with_opt_rule,analysis_result_without_opt_rule,analysis_result_without_any_opt
0,filter_addition_push_up,worst_wo_original,4,1.5,2156.912326812744,2113.248109817505,484.55309867858887,499.4499683380127
1,filter_addition_push_up,worst_wo_original,4,1.5,2141.366481781006,2165.7052040100098,438.5988712310791,464.771032333374
2,filter_addition_push_up,worst_wo_original,4,1.5,2107.5992584228516,2123.1558322906494,719.4230556488037,576.4532089233398
3,filter_addition_push_up,worst_wo_original,4,1.5,2139.373779296875,2147.540330886841,501.5079975128174,519.3910598754883
4,filter_addition_push_up,worst_wo_original,4,1.5,2096.4832305908203,2136.18803024292,459.1059684753418,485.5949878692627
5,filter_addition_push_up,worst_wo_original,4,1.5,2158.6451530456543,2142.4858570098877,605.4677963256836,622.1418380737305
6,filter_addition_push_up,worst_wo_original,4,1.5,2107.8765392303467,2126.6698837280273,580.9652805328369,620.1989650726318
