repetition,optimization,scenario,variant_counts,scale_factors,original_pipeline,analysis_result_with_opt_rule,analysis_result_without_opt_rule,analysis_result_without_any_opt
0,filter_addition_push_up,average,4,2.0,1157.7444076538086,1554.1746616363525,2855.012893676758,4647.488594055176
1,filter_addition_push_up,average,4,2.0,1165.9278869628906,1622.2310066223145,3096.14634513855,4727.643728256226
2,filter_addition_push_up,average,4,2.0,1179.9547672271729,1574.8062133789062,2896.2385654449463,4655.936717987061
3,filter_addition_push_up,average,4,2.0,1189.8093223571777,1590.0459289550781,2943.803548812866,4669.74663734436
4,filter_addition_push_up,average,4,2.0,1179.3665885925293,1572.8471279144287,2921.5681552886963,4642.303466796875
5,filter_addition_push_up,average,4,2.0,1173.6493110656738,1563.2097721099854,2882.0536136627197,4992.588758468628
6,filter_addition_push_up,average,4,2.0,1182.0003986358643,1589.8046493530273,2955.2841186523438,4685.499906539917
