repetition,optimization,scenario,variant_counts,data_size,analysis_result_with_reuse_opt_rule,analysis_result_with_push_up_opt_rule,analysis_result_without_opt_rule,analysis_result_without_any_opt
0,udf_split_and_reuse,ideal,5,1000,110.7950210571289,324.74684715270996,356.6851615905762,387.1288299560547
1,udf_split_and_reuse,ideal,5,1000,105.86810111999512,335.8018398284912,354.75993156433105,377.460241317749
2,udf_split_and_reuse,ideal,5,1000,110.24618148803711,332.50999450683594,353.2748222351074,389.0080451965332
3,udf_split_and_reuse,ideal,5,1000,107.36989974975586,329.730749130249,372.9090690612793,375.6599426269531
4,udf_split_and_reuse,ideal,5,1000,109.00306701660156,326.2970447540283,352.8790473937988,372.93291091918945
5,udf_split_and_reuse,ideal,5,1000,109.28201675415039,330.4910659790039,369.2362308502197,378.1168460845947
6,udf_split_and_reuse,ideal,5,1000,108.63637924194336,331.2947750091553,357.8188419342041,380.3730010986328
