repetition,optimization,scenario,variant_counts,data_size,original_pipeline,analysis_result_with_opt_rule,analysis_result_without_opt_rule,analysis_result_without_any_opt
0,projection_push_up,average,10,2000,25.897502899169922,106.9481372833252,193.4068202972412,312.2708797454834
1,projection_push_up,average,10,2000,26.086807250976562,93.58716011047363,234.93123054504395,298.037052154541
2,projection_push_up,average,10,2000,27.350187301635742,145.8289623260498,226.84788703918457,321.1820125579834
3,projection_push_up,average,10,2000,160.55059432983398,133.65983963012695,294.907808303833,314.5771026611328
4,projection_push_up,average,10,2000,26.355504989624023,91.92585945129395,194.3058967590332,296.27299308776855
5,projection_push_up,average,10,2000,25.605201721191406,96.01402282714844,189.58091735839844,285.25614738464355
6,projection_push_up,average,10,2000,25.523900985717773,165.31801223754883,330.3506374359131,343.6250686645508
