repetition,optimization,scenario,variant_counts,scale_factors,original_pipeline,analysis_result_with_opt_rule,analysis_result_without_opt_rule,analysis_result_without_any_opt
0,filter_addition_push_up,worst_w_original,4,1.0,1002.7987957000732,985.7833385467529,1178.2538890838623,1162.8971099853516
1,filter_addition_push_up,worst_w_original,4,1.0,970.7744121551514,963.1531238555908,1136.5063190460205,1131.0067176818848
2,filter_addition_push_up,worst_w_original,4,1.0,968.0895805358887,980.0300598144531,1134.892225265503,1343.9152240753174
3,filter_addition_push_up,worst_w_original,4,1.0,947.2095966339111,965.3253555297852,1121.227502822876,1157.186508178711
4,filter_addition_push_up,worst_w_original,4,1.0,953.6235332489014,957.9617977142334,1106.7888736724854,1149.1074562072754
5,filter_addition_push_up,worst_w_original,4,1.0,958.1341743469238,971.3053703308105,1137.0761394500732,1179.6152591705322
6,filter_addition_push_up,worst_w_original,4,1.0,953.0658721923828,962.6481533050537,1113.36088180542,1159.268856048584
