repetition,optimization,scenario,variant_counts,data_size,analysis_result_with_reuse_opt_rule,analysis_result_with_push_up_opt_rule,analysis_result_without_opt_rule,analysis_result_without_any_opt
0,udf_split_and_reuse,worst_w_safety,2,100000,848.764181137085,857.1450710296631,930.9909343719482,1069.6277618408203
1,udf_split_and_reuse,worst_w_safety,2,100000,849.5891094207764,851.9649505615234,966.728925704956,1074.9049186706543
2,udf_split_and_reuse,worst_w_safety,2,100000,847.6638793945312,858.6440086364746,977.5378704071045,1051.6579151153564
3,udf_split_and_reuse,worst_w_safety,2,100000,844.9211120605469,860.80002784729,953.3529281616211,1052.037239074707
4,udf_split_and_reuse,worst_w_safety,2,100000,864.8278713226318,858.9410781860352,957.7600955963135,1077.2101879119873
5,udf_split_and_reuse,worst_w_safety,2,100000,855.1220893859863,859.0528964996338,946.7329978942871,1047.5380420684814
6,udf_split_and_reuse,worst_w_safety,2,100000,865.2830123901367,860.8989715576172,962.0270729064941,1060.3141784667969
