repetition,optimization,scenario,variant_counts,scale_factors,original_pipeline,analysis_result_with_opt_rule,analysis_result_without_opt_rule,analysis_result_without_any_opt
0,projection_push_up,average,2,1.0,555.6666851043701,622.0862865447998,939.8994445800781,1224.7889041900635
1,projection_push_up,average,2,1.0,552.3138046264648,627.2740364074707,945.9085464477539,1216.533899307251
2,projection_push_up,average,2,1.0,536.6866588592529,626.718282699585,950.3231048583984,1236.1693382263184
3,projection_push_up,average,2,1.0,542.0653820037842,629.7433376312256,960.5369567871094,1247.8713989257812
4,projection_push_up,average,2,1.0,547.5549697875977,625.0100135803223,941.3661956787109,1250.0579357147217
5,projection_push_up,average,2,1.0,544.1882610321045,626.4543533325195,938.7571811676025,1242.567539215088
6,projection_push_up,average,2,1.0,542.0482158660889,626.9729137420654,925.6441593170166,1223.5190868377686
