repetition,optimization,scenario,variant_counts,scale_factors,original_pipeline,analysis_result_with_opt_rule,analysis_result_without_opt_rule,analysis_result_without_any_opt
0,projection_push_up,ideal,2,1.0,941.0951137542725,931.4785003662109,1835.7925415039062,2077.4405002593994
1,projection_push_up,ideal,2,1.0,968.2583808898926,984.2634201049805,1925.1749515533447,1953.5400867462158
2,projection_push_up,ideal,2,1.0,932.10768699646,938.0908012390137,1833.4050178527832,1902.2455215454102
3,projection_push_up,ideal,2,1.0,935.0709915161133,946.7833042144775,1846.1511135101318,1906.433343887329
4,projection_push_up,ideal,2,1.0,992.393970489502,993.5526847839355,1965.7857418060303,2246.88458442688
5,projection_push_up,ideal,2,1.0,738.732099533081,756.9723129272461,1459.085464477539,1516.740083694458
6,projection_push_up,ideal,2,1.0,852.0119190216064,860.0358963012695,1687.3383522033691,1721.5571403503418
