repetition,optimization,scenario,variant_counts,data_size,original_pipeline,analysis_result_with_opt_rule,analysis_result_without_opt_rule,analysis_result_without_any_opt
0,operator_deletion_filter_push_up,worst_w_safety,6,2000,58.35914611816406,313.48586082458496,318.30787658691406,368.21866035461426
1,operator_deletion_filter_push_up,worst_w_safety,6,2000,52.6576042175293,303.4508228302002,296.5080738067627,347.3529815673828
2,operator_deletion_filter_push_up,worst_w_safety,6,2000,46.63848876953125,266.4937973022461,272.72891998291016,312.4279975891113
3,operator_deletion_filter_push_up,worst_w_safety,6,2000,64.13793563842773,376.2240409851074,361.7970943450928,400.8636474609375
4,operator_deletion_filter_push_up,worst_w_safety,6,2000,181.0755729675293,399.4758129119873,398.6072540283203,440.2279853820801
5,operator_deletion_filter_push_up,worst_w_safety,6,2000,62.68048286437988,328.6418914794922,322.6768970489502,373.8839626312256
6,operator_deletion_filter_push_up,worst_w_safety,6,2000,45.658111572265625,299.5162010192871,273.7720012664795,317.8102970123291
