repetition,optimization,scenario,variant_counts,data_size,original_pipeline,analysis_result_with_reuse_opt_rule,analysis_result_with_push_up_opt_rule,analysis_result_without_opt_rule,analysis_result_without_any_opt
0,udf_split_and_reuse,worst_constant,8,10000,13.149738311767578,40.61412811279297,41.77117347717285,57.47413635253906,142.1337127685547
1,udf_split_and_reuse,worst_constant,8,10000,13.231039047241211,39.60394859313965,42.28091239929199,55.063724517822266,164.81995582580566
2,udf_split_and_reuse,worst_constant,8,10000,15.543222427368164,44.73996162414551,45.78399658203125,60.0278377532959,158.55908393859863
3,udf_split_and_reuse,worst_constant,8,10000,14.708995819091797,40.62795639038086,44.71707344055176,60.140132904052734,145.30086517333984
4,udf_split_and_reuse,worst_constant,8,10000,14.083385467529297,40.57002067565918,44.80385780334473,58.62307548522949,141.77703857421875
5,udf_split_and_reuse,worst_constant,8,10000,13.474702835083008,41.71895980834961,43.762922286987305,57.44504928588867,145.62606811523438
6,udf_split_and_reuse,worst_constant,8,10000,16.472578048706055,41.98408126831055,43.52092742919922,57.702064514160156,154.42895889282227
