repetition,optimization,scenario,variant_counts,scale_factors,original_pipeline,analysis_result_with_opt_rule,analysis_result_without_opt_rule,analysis_result_without_any_opt
0,filter_addition_push_up,ideal,4,1.0,796.2713241577148,809.3550205230713,3005.182981491089,3186.239004135132
1,filter_addition_push_up,ideal,4,1.0,925.7767200469971,902.4171829223633,3501.386880874634,3576.5671730041504
2,filter_addition_push_up,ideal,4,1.0,1342.3328399658203,911.9601249694824,3381.9119930267334,3310.415029525757
3,filter_addition_push_up,ideal,4,1.0,951.458215713501,991.4517402648926,3665.1220321655273,4128.026008605957
4,filter_addition_push_up,ideal,4,1.0,251233.20627212524,1822.969675064087,5871.299982070923,4587.877035140991
5,filter_addition_push_up,ideal,4,1.0,1186.42258644104,1027.4720191955566,3649.0981578826904,3985.8627319335938
6,filter_addition_push_up,ideal,4,1.0,980.694055557251,1107.2838306427002,3929.1021823883057,4041.9960021972656
