repetition,optimization,scenario,variant_counts,scale_factors,original_pipeline,analysis_result_with_opt_rule,analysis_result_without_opt_rule,analysis_result_without_any_opt
0,operator_deletion_filter_push_up,worst_wo_safety,2,1.0,61.06758117675781,1000.5626678466797,118.63422393798828,122.74003028869629
1,operator_deletion_filter_push_up,worst_wo_safety,2,1.0,55.77898025512695,966.425895690918,109.51066017150879,115.08703231811523
2,operator_deletion_filter_push_up,worst_wo_safety,2,1.0,51.27978324890137,963.0720615386963,105.41391372680664,110.47625541687012
3,operator_deletion_filter_push_up,worst_wo_safety,2,1.0,68.52602958679199,964.4217491149902,136.82055473327637,143.24092864990234
4,operator_deletion_filter_push_up,worst_wo_safety,2,1.0,52.68740653991699,954.2741775512695,102.05817222595215,108.79373550415039
5,operator_deletion_filter_push_up,worst_wo_safety,2,1.0,254.33015823364258,949.500322341919,91.3393497467041,97.11384773254395
6,operator_deletion_filter_push_up,worst_wo_safety,2,1.0,62.262773513793945,944.1132545471191,129.93216514587402,137.4056339263916
