repetition,optimization,scenario,variant_counts,data_size,original_pipeline,analysis_result_with_opt_rule,analysis_result_without_opt_rule,analysis_result_without_any_opt
0,operator_deletion_filter_push_up,average,6,2000,28.848886489868164,58.545827865600586,82.0779800415039,145.66278457641602
1,operator_deletion_filter_push_up,average,6,2000,30.239582061767578,59.034109115600586,86.95507049560547,145.15209197998047
2,operator_deletion_filter_push_up,average,6,2000,30.40313720703125,61.586856842041016,83.79411697387695,152.68397331237793
3,operator_deletion_filter_push_up,average,6,2000,30.759811401367188,68.2060718536377,89.14613723754883,151.75199508666992
4,operator_deletion_filter_push_up,average,6,2000,33.58316421508789,61.203956604003906,90.49320220947266,159.8031520843506
5,operator_deletion_filter_push_up,average,6,2000,31.221628189086914,62.320709228515625,88.2880687713623,147.62496948242188
6,operator_deletion_filter_push_up,average,6,2000,29.20675277709961,67.1548843383789,91.09807014465332,148.8800048828125
