repetition,optimization,scenario,variant_counts,scale_factors,original_pipeline,analysis_result_with_opt_rule,analysis_result_without_opt_rule,analysis_result_without_any_opt
0,operator_deletion_filter_push_up,worst_w_safety,4,1.5,701.4479637145996,2568.0298805236816,2477.1668910980225,2603.891134262085
1,operator_deletion_filter_push_up,worst_w_safety,4,1.5,547.4109649658203,2331.8216800689697,2235.5830669403076,2258.1679821014404
2,operator_deletion_filter_push_up,worst_w_safety,4,1.5,577.5308609008789,2356.9672107696533,2321.5060234069824,2350.847005844116
3,operator_deletion_filter_push_up,worst_w_safety,4,1.5,514.1968727111816,2058.9311122894287,2079.0319442749023,2180.4232597351074
4,operator_deletion_filter_push_up,worst_w_safety,4,1.5,613.0764484405518,2364.2172813415527,2399.914026260376,2478.424072265625
5,operator_deletion_filter_push_up,worst_w_safety,4,1.5,602.6067733764648,2230.699062347412,2221.482038497925,2286.771059036255
6,operator_deletion_filter_push_up,worst_w_safety,4,1.5,569.1018104553223,2454.8730850219727,2270.341157913208,2421.4580059051514
