repetition,optimization,scenario,variant_counts,scale_factors,original_pipeline,analysis_result_with_reuse_opt_rule,analysis_result_with_push_up_opt_rule,analysis_result_without_opt_rule,analysis_result_without_any_opt
0,udf_split_and_reuse,worst_wo_safety,8,1.0,14.326333999633789,950.4468441009521,403.287410736084,478.2388210296631,527.0528793334961
1,udf_split_and_reuse,worst_wo_safety,8,1.0,15.934467315673828,947.4050998687744,397.83477783203125,475.62718391418457,527.5764465332031
2,udf_split_and_reuse,worst_wo_safety,8,1.0,13.871431350708008,947.6046562194824,400.2659320831299,477.1730899810791,525.4993438720703
3,udf_split_and_reuse,worst_wo_safety,8,1.0,13.302803039550781,966.0074710845947,404.6030044555664,481.2347888946533,782.153844833374
4,udf_split_and_reuse,worst_wo_safety,8,1.0,14.473676681518555,960.5927467346191,406.13532066345215,480.8163642883301,532.4997901916504
5,udf_split_and_reuse,worst_wo_safety,8,1.0,13.380289077758789,954.1280269622803,401.9505977630615,480.5889129638672,532.773494720459
6,udf_split_and_reuse,worst_wo_safety,8,1.0,13.440608978271484,946.1736679077148,403.3019542694092,478.67655754089355,530.4608345031738
