repetition,optimization,scenario,variant_counts,scale_factors,original_pipeline,analysis_result_with_opt_rule,analysis_result_without_opt_rule,analysis_result_without_any_opt
0,filter_addition_push_up,average,2,1.0,571.6094970703125,634.9751949310303,829.9415111541748,1133.3787441253662
1,filter_addition_push_up,average,2,1.0,554.7285079956055,634.467363357544,827.9087543487549,1118.5276508331299
2,filter_addition_push_up,average,2,1.0,549.5848655700684,636.0950469970703,830.9736251831055,1132.3070526123047
3,filter_addition_push_up,average,2,1.0,554.9430847167969,636.0118389129639,829.0033340454102,1139.0092372894287
4,filter_addition_push_up,average,2,1.0,549.7896671295166,641.13450050354,819.0109729766846,1132.9472064971924
5,filter_addition_push_up,average,2,1.0,551.264762878418,633.6989402770996,826.5676498413086,1139.169454574585
6,filter_addition_push_up,average,2,1.0,559.5645904541016,638.1304264068604,833.6746692657471,1133.9020729064941
