repetition,optimization,scenario,variant_counts,data_size,analysis_result_with_reuse_opt_rule,analysis_result_with_push_up_opt_rule,analysis_result_without_opt_rule,analysis_result_without_any_opt
0,udf_split_and_reuse,ideal,10,10000,887.7067565917969,6853.4510135650635,7383.688926696777,7307.674884796143
1,udf_split_and_reuse,ideal,10,10000,887.0761394500732,6579.324960708618,6712.476968765259,7365.121841430664
2,udf_split_and_reuse,ideal,10,10000,842.7572250366211,6540.632009506226,6780.6150913238525,7249.430179595947
3,udf_split_and_reuse,ideal,10,10000,852.200984954834,6550.687313079834,6738.068342208862,7232.841014862061
4,udf_split_and_reuse,ideal,10,10000,844.8641300201416,6584.945917129517,6697.650909423828,7143.738031387329
5,udf_split_and_reuse,ideal,10,10000,966.8920040130615,6649.1711139678955,6749.212980270386,7179.481744766235
6,udf_split_and_reuse,ideal,10,10000,850.5918979644775,6524.264812469482,6905.424118041992,7192.735910415649
