repetition,optimization,scenario,variant_counts,scale_factors,original_pipeline,analysis_result_with_reuse_opt_rule,analysis_result_with_push_up_opt_rule,analysis_result_without_opt_rule,analysis_result_without_any_opt
0,udf_split_and_reuse,average,2,1.0,512.4368667602539,577.1636962890625,594.5589542388916,912.2908115386963,1151.160717010498
1,udf_split_and_reuse,average,2,1.0,490.22507667541504,569.9751377105713,586.4405632019043,889.2724514007568,1163.0778312683105
2,udf_split_and_reuse,average,2,1.0,490.5111789703369,573.5633373260498,590.0592803955078,895.9674835205078,1171.1909770965576
3,udf_split_and_reuse,average,2,1.0,496.10066413879395,587.3775482177734,607.0761680603027,942.9051876068115,1209.6292972564697
4,udf_split_and_reuse,average,2,1.0,510.434627532959,613.2321357727051,615.9830093383789,948.8503932952881,1202.3241519927979
5,udf_split_and_reuse,average,2,1.0,515.5234336853027,615.8571243286133,621.8564510345459,956.6502571105957,1215.428113937378
6,udf_split_and_reuse,average,2,1.0,498.9151954650879,586.6577625274658,603.7158966064453,966.158390045166,1199.9218463897705
