repetition,optimization,scenario,variant_counts,scale_factors,original_pipeline,analysis_result_with_opt_rule,analysis_result_without_opt_rule,analysis_result_without_any_opt
0,operator_deletion_filter_push_up,worst_safety_too_defensive,4,1.0,120.38588523864746,922.888994216919,920.5899238586426,919.2969799041748
1,operator_deletion_filter_push_up,worst_safety_too_defensive,4,1.0,145.9512710571289,991.5511608123779,992.048978805542,1000.8289813995361
2,operator_deletion_filter_push_up,worst_safety_too_defensive,4,1.0,116.97244644165039,902.5552272796631,1070.8608627319336,909.9481105804443
3,operator_deletion_filter_push_up,worst_safety_too_defensive,4,1.0,122.79820442199707,939.9890899658203,941.8330192565918,979.59303855896
4,operator_deletion_filter_push_up,worst_safety_too_defensive,4,1.0,125.01835823059082,920.8261966705322,953.7858963012695,970.3109264373779
5,operator_deletion_filter_push_up,worst_safety_too_defensive,4,1.0,124.72057342529297,927.2167682647705,919.374942779541,934.4220161437988
6,operator_deletion_filter_push_up,worst_safety_too_defensive,4,1.0,135.0998878479004,955.8892250061035,954.8029899597168,988.3720874786377
