repetition,optimization,scenario,variant_counts,scale_factors,original_pipeline,analysis_result_with_opt_rule,analysis_result_without_opt_rule,analysis_result_without_any_opt
0,filter_addition_push_up,worst_w_original,4,1.0,966.6345119476318,953.4909725189209,1114.6111488342285,1117.7318096160889
1,filter_addition_push_up,worst_w_original,4,1.0,913.0971431732178,919.82102394104,1083.1737518310547,1090.8048152923584
2,filter_addition_push_up,worst_w_original,4,1.0,985.7776165008545,1026.6597270965576,1783.7047576904297,1305.717945098877
3,filter_addition_push_up,worst_w_original,4,1.0,958.8015079498291,990.5972480773926,1175.1887798309326,1171.2398529052734
4,filter_addition_push_up,worst_w_original,4,1.0,1049.1962432861328,1023.9431858062744,1246.471881866455,1267.9626941680908
5,filter_addition_push_up,worst_w_original,4,1.0,993.4911727905273,1010.0409984588623,1164.4837856292725,1225.4390716552734
6,filter_addition_push_up,worst_w_original,4,1.0,1035.0463390350342,1050.2870082855225,1401.442050933838,1321.0711479187012
