repetition,optimization,scenario,variant_counts,scale_factors,original_pipeline,analysis_result_with_reuse_opt_rule,analysis_result_with_push_up_opt_rule,analysis_result_without_opt_rule,analysis_result_without_any_opt
0,udf_split_and_reuse,worst_w_safety,2,1.0,60.69040298461914,529.9348831176758,516.8912410736084,557.528018951416,598.6220836639404
1,udf_split_and_reuse,worst_w_safety,2,1.0,57.32417106628418,505.2957534790039,502.0921230316162,561.0427856445312,597.6240634918213
2,udf_split_and_reuse,worst_w_safety,2,1.0,57.994842529296875,509.79089736938477,503.28683853149414,579.4880390167236,589.163064956665
3,udf_split_and_reuse,worst_w_safety,2,1.0,57.463884353637695,511.6560459136963,528.5189151763916,556.469202041626,586.209774017334
4,udf_split_and_reuse,worst_w_safety,2,1.0,58.72392654418945,509.5982551574707,509.9189281463623,559.0560436248779,598.0732440948486
5,udf_split_and_reuse,worst_w_safety,2,1.0,57.48748779296875,511.5349292755127,502.7320384979248,548.0301380157471,598.1330871582031
6,udf_split_and_reuse,worst_w_safety,2,1.0,61.002492904663086,508.1779956817627,506.8399906158447,560.589075088501,587.7938270568848
