repetition,optimization,scenario,variant_counts,data_size,original_pipeline,analysis_result_with_opt_rule,analysis_result_without_opt_rule,analysis_result_without_any_opt
0,operator_deletion_filter_push_up,ideal,4,1000,1016.420841217041,1032.2751998901367,3870.6538677215576,3932.4660301208496
1,operator_deletion_filter_push_up,ideal,4,1000,951.6191482543945,1049.2470264434814,3954.0350437164307,3876.90806388855
2,operator_deletion_filter_push_up,ideal,4,1000,992.5434589385986,1038.2232666015625,3865.241050720215,3853.6720275878906
3,operator_deletion_filter_push_up,ideal,4,1000,974.7545719146729,1037.8649234771729,3861.0050678253174,3899.8782634735107
4,operator_deletion_filter_push_up,ideal,4,1000,954.1044235229492,1030.3349494934082,3828.003168106079,3877.095937728882
5,operator_deletion_filter_push_up,ideal,4,1000,954.5226097106934,1028.8119316101074,3919.236898422241,3890.80810546875
6,operator_deletion_filter_push_up,ideal,4,1000,982.6433658599854,1030.5838584899902,3955.379009246826,3841.5942192077637
