repetition,optimization,scenario,variant_counts,data_size,original_pipeline,analysis_result_with_reuse_opt_rule,analysis_result_with_push_up_opt_rule,analysis_result_without_opt_rule,analysis_result_without_any_opt
0,udf_split_and_reuse,worst_w_safety,10,100000,162.9469394683838,4381.457090377808,3990.2710914611816,4740.882873535156,5786.263942718506
1,udf_split_and_reuse,worst_w_safety,10,100000,135.8945369720459,4247.773885726929,4379.765033721924,5027.932167053223,6101.269006729126
2,udf_split_and_reuse,worst_w_safety,10,100000,141.67451858520508,4249.251127243042,4076.0929584503174,4761.952877044678,6628.848314285278
3,udf_split_and_reuse,worst_w_safety,10,100000,202.4862766265869,4775.879144668579,4255.40828704834,4795.769691467285,6043.766021728516
4,udf_split_and_reuse,worst_w_safety,10,100000,163.54966163635254,4513.8092041015625,4665.557861328125,5063.579320907593,6236.653804779053
5,udf_split_and_reuse,worst_w_safety,10,100000,153.14555168151855,4558.229923248291,4931.714057922363,5709.984064102173,6270.491123199463
6,udf_split_and_reuse,worst_w_safety,10,100000,164.703369140625,5159.631013870239,4150.608062744141,4875.909090042114,7295.401334762573
