repetition,optimization,scenario,variant_counts,scale_factors,original_pipeline,analysis_result_with_opt_rule,analysis_result_without_opt_rule,analysis_result_without_any_opt
0,projection_push_up,worst,4,1.0,510.55097579956055,1253.1049251556396,1172.2919940948486,2923.7539768218994
1,projection_push_up,worst,4,1.0,768.7046527862549,1138.3099555969238,1695.0550079345703,2933.20894241333
2,projection_push_up,worst,4,1.0,540.6198501586914,1008.2039833068848,1267.369270324707,2634.754180908203
3,projection_push_up,worst,4,1.0,440.9594535827637,908.1640243530273,1239.4652366638184,2584.9881172180176
4,projection_push_up,worst,4,1.0,460.5095386505127,920.0150966644287,1251.6882419586182,2631.831169128418
5,projection_push_up,worst,4,1.0,444.23818588256836,912.3709201812744,1262.6988887786865,2626.2216567993164
6,projection_push_up,worst,4,1.0,457.2329521179199,910.438060760498,1217.7479267120361,2560.352087020874
