repetition,optimization,scenario,variant_counts,data_size,original_pipeline,analysis_result_with_opt_rule,analysis_result_without_opt_rule,analysis_result_without_any_opt
0,filter_addition_push_up,worst_w_original,6,5000,1399.4266986846924,1542.959213256836,2072.330951690674,1962.0239734649658
1,filter_addition_push_up,worst_w_original,6,5000,1539.3691062927246,1622.0500469207764,1695.4600811004639,1910.5470180511475
2,filter_addition_push_up,worst_w_original,6,5000,1423.4626293182373,1558.6621761322021,1793.9038276672363,2060.062885284424
3,filter_addition_push_up,worst_w_original,6,5000,1518.580436706543,1499.1419315338135,2039.8609638214111,2330.8138847351074
4,filter_addition_push_up,worst_w_original,6,5000,1448.484182357788,1450.2341747283936,1881.7260265350342,2008.1663131713867
5,filter_addition_push_up,worst_w_original,6,5000,1378.8890838623047,1410.5470180511475,1591.2082195281982,1775.4521369934082
6,filter_addition_push_up,worst_w_original,6,5000,1351.7274856567383,1365.7948970794678,1735.5821132659912,1887.4521255493164
