repetition,optimization,scenario,variant_counts,scale_factors,original_pipeline,analysis_result_with_opt_rule,analysis_result_without_opt_rule,analysis_result_without_any_opt
0,operator_deletion_filter_push_up,ideal,8,1.0,986.9277477264404,1025.4173278808594,7453.69553565979,7389.405727386475
1,operator_deletion_filter_push_up,ideal,8,1.0,926.6910552978516,1009.2499256134033,7443.870782852173,7428.79843711853
2,operator_deletion_filter_push_up,ideal,8,1.0,896.9907760620117,1003.0362606048584,7152.517080307007,7521.092653274536
3,operator_deletion_filter_push_up,ideal,8,1.0,885.6616020202637,1009.0687274932861,7165.247440338135,7253.045320510864
4,operator_deletion_filter_push_up,ideal,8,1.0,914.9219989776611,1027.5251865386963,7234.258651733398,7332.969427108765
5,operator_deletion_filter_push_up,ideal,8,1.0,925.7643222808838,1005.5243968963623,7524.456024169922,7320.85657119751
6,operator_deletion_filter_push_up,ideal,8,1.0,917.5891876220703,1013.5822296142578,7308.334589004517,7339.946269989014
