repetition,optimization,scenario,variant_counts,data_size,original_pipeline,analysis_result_with_opt_rule,analysis_result_without_opt_rule,analysis_result_without_any_opt
0,operator_deletion_filter_push_up,worst_safety_too_defensive,2,1000,536.4820957183838,1607.961893081665,1601.470947265625,1592.9560661315918
1,operator_deletion_filter_push_up,worst_safety_too_defensive,2,1000,527.5294780731201,1565.032958984375,1579.3490409851074,1583.4670066833496
2,operator_deletion_filter_push_up,worst_safety_too_defensive,2,1000,521.0576057434082,1562.9370212554932,1562.0973110198975,1567.5430297851562
3,operator_deletion_filter_push_up,worst_safety_too_defensive,2,1000,674.9517917633057,1567.7440166473389,1575.3552913665771,1555.8698177337646
4,operator_deletion_filter_push_up,worst_safety_too_defensive,2,1000,539.8375988006592,1528.6481380462646,1540.1360988616943,1544.4161891937256
5,operator_deletion_filter_push_up,worst_safety_too_defensive,2,1000,546.3564395904541,1557.6739311218262,1573.8921165466309,1555.6700229644775
6,operator_deletion_filter_push_up,worst_safety_too_defensive,2,1000,494.5950508117676,1527.461051940918,1498.7876415252686,1532.9077243804932
