repetition,optimization,scenario,variant_counts,scale_factors,original_pipeline,analysis_result_with_opt_rule,analysis_result_without_opt_rule,analysis_result_without_any_opt
0,filter_addition_push_up,ideal,4,1.0,998.1820583343506,1016.9398784637451,3855.8287620544434,4024.4531631469727
1,filter_addition_push_up,ideal,4,1.0,929.4826984405518,1542.2699451446533,3936.7752075195312,3813.43412399292
2,filter_addition_push_up,ideal,4,1.0,1023.3249664306641,975.8460521697998,3761.646032333374,3996.7129230499268
3,filter_addition_push_up,ideal,4,1.0,845.3264236450195,130213.12499046326,4245.375871658325,3609.10701751709
4,filter_addition_push_up,ideal,4,1.0,820.4090595245361,918.4069633483887,3200.011968612671,3240.5688762664795
5,filter_addition_push_up,ideal,4,1.0,788.4514331817627,792.5901412963867,3106.743097305298,3356.2023639678955
6,filter_addition_push_up,ideal,4,1.0,840.7723903656006,879.1429996490479,3775.348901748657,3590.0719165802
