repetition,optimization,scenario,variant_counts,scale_factors,original_pipeline,analysis_result_with_opt_rule,analysis_result_without_opt_rule,analysis_result_without_any_opt
0,filter_addition_push_up,worst_w_original,4,1.0,934.7176551818848,931.3559532165527,1084.414005279541,1115.9231662750244
1,filter_addition_push_up,worst_w_original,4,1.0,981.1451435089111,938.7879371643066,1176.0032176971436,1171.257734298706
2,filter_addition_push_up,worst_w_original,4,1.0,943.8648223876953,931.988000869751,1107.8522205352783,1137.8240585327148
3,filter_addition_push_up,worst_w_original,4,1.0,927.6299476623535,927.656888961792,1108.1750392913818,1139.2438411712646
4,filter_addition_push_up,worst_w_original,4,1.0,938.0629062652588,917.762041091919,1105.295181274414,1125.701904296875
5,filter_addition_push_up,worst_w_original,4,1.0,910.4704856872559,922.3818778991699,1098.1180667877197,1101.8500328063965
6,filter_addition_push_up,worst_w_original,4,1.0,904.1743278503418,917.2329902648926,1148.723840713501,1133.0349445343018
