repetition,optimization,scenario,variant_counts,scale_factors,original_pipeline,analysis_result_with_opt_rule,analysis_result_without_opt_rule,analysis_result_without_any_opt
0,filter_addition_push_up,average,4,1.0,732.4767112731934,998.3351230621338,1698.9240646362305,3017.333984375
1,filter_addition_push_up,average,4,1.0,718.9545631408691,1026.9598960876465,1716.895341873169,3080.951690673828
2,filter_addition_push_up,average,4,1.0,770.8244323730469,1165.3540134429932,1782.533884048462,3129.084825515747
3,filter_addition_push_up,average,4,1.0,744.4150447845459,1024.0881443023682,1705.0719261169434,3005.729913711548
4,filter_addition_push_up,average,4,1.0,724.5469093322754,1010.6387138366699,1724.1439819335938,3085.4949951171875
5,filter_addition_push_up,average,4,1.0,719.1371917724609,1023.0300426483154,1770.9989547729492,3161.2517833709717
6,filter_addition_push_up,average,4,1.0,721.480131149292,1004.5139789581299,1725.7750034332275,3012.2790336608887
