repetition,optimization,scenario,variant_counts,scale_factors,original_pipeline,analysis_result_with_opt_rule,analysis_result_without_opt_rule,analysis_result_without_any_opt
0,projection_push_up,worst,2,1.0,472.45049476623535,717.1640396118164,883.8768005371094,1408.1437587738037
1,projection_push_up,worst,2,1.0,505.05781173706055,757.1780681610107,917.6890850067139,1403.9092063903809
2,projection_push_up,worst,2,1.0,762.1517181396484,1060.1739883422852,1322.0429420471191,1749.1047382354736
3,projection_push_up,worst,2,1.0,611.22727394104,729.3200492858887,855.989933013916,1308.1820011138916
4,projection_push_up,worst,2,1.0,512.0790004730225,715.5241966247559,861.595869064331,1470.3612327575684
5,projection_push_up,worst,2,1.0,496.9480037689209,744.9018955230713,912.1642112731934,1403.022050857544
6,projection_push_up,worst,2,1.0,535.5265140533447,999.6659755706787,972.5041389465332,1819.8378086090088
