repetition,optimization,scenario,variant_counts,scale_factors,original_pipeline,analysis_result_with_reuse_opt_rule,analysis_result_with_push_up_opt_rule,analysis_result_without_opt_rule,analysis_result_without_any_opt
0,udf_split_and_reuse,worst_w_safety,4,3.5,132.53164291381836,3112.834930419922,3088.750123977661,3460.4125022888184,3687.3433589935303
1,udf_split_and_reuse,worst_w_safety,4,3.5,132.44390487670898,3098.536252975464,3104.945659637451,3485.257625579834,3706.7177295684814
2,udf_split_and_reuse,worst_w_safety,4,3.5,131.99210166931152,3145.30611038208,3143.8543796539307,3516.8521404266357,3734.6441745758057
3,udf_split_and_reuse,worst_w_safety,4,3.5,136.01994514465332,3153.9978981018066,3151.3724327087402,3521.082878112793,3740.9191131591797
4,udf_split_and_reuse,worst_w_safety,4,3.5,133.0885887145996,3108.2990169525146,3112.759828567505,3480.792284011841,3699.939250946045
5,udf_split_and_reuse,worst_w_safety,4,3.5,132.3995590209961,3116.0216331481934,3101.555109024048,3466.1834239959717,3692.2738552093506
6,udf_split_and_reuse,worst_w_safety,4,3.5,132.31563568115234,3119.282007217407,3143.400192260742,3486.262321472168,3700.714111328125
