repetition,optimization,scenario,variant_counts,scale_factors,original_pipeline,analysis_result_with_opt_rule,analysis_result_without_opt_rule,analysis_result_without_any_opt
0,operator_deletion_filter_push_up,worst_wo_safety,4,1.0,70.96695899963379,992.2611713409424,260.0741386413574,281.56113624572754
1,operator_deletion_filter_push_up,worst_wo_safety,4,1.0,59.446096420288086,967.4410820007324,223.94323348999023,247.25818634033203
2,operator_deletion_filter_push_up,worst_wo_safety,4,1.0,70.00613212585449,955.049991607666,252.17294692993164,277.91690826416016
3,operator_deletion_filter_push_up,worst_wo_safety,4,1.0,67.7347183227539,935.8887672424316,248.85225296020508,272.2599506378174
4,operator_deletion_filter_push_up,worst_wo_safety,4,1.0,57.916879653930664,926.3410568237305,214.61796760559082,235.46791076660156
5,operator_deletion_filter_push_up,worst_wo_safety,4,1.0,59.157371520996094,929.4450283050537,219.4209098815918,228.5447120666504
6,operator_deletion_filter_push_up,worst_wo_safety,4,1.0,60.94241142272949,947.8671550750732,229.31194305419922,253.33929061889648
