repetition,optimization,scenario,variant_counts,scale_factors,original_pipeline,analysis_result_with_opt,analysis_result_without_any_opt
0,common_subexpression_elimination,ideal,6,1.0,922.7399826049805,916.8550968170166,5363.606214523315
1,common_subexpression_elimination,ideal,6,1.0,1144.2842483520508,925.1594543457031,5513.165712356567
2,common_subexpression_elimination,ideal,6,1.0,1015.0060653686523,1023.6067771911621,6075.137615203857
3,common_subexpression_elimination,ideal,6,1.0,1022.416353225708,820.8103179931641,4962.028503417969
4,common_subexpression_elimination,ideal,6,1.0,981.579065322876,984.0726852416992,6134.228706359863
5,common_subexpression_elimination,ideal,6,1.0,942.0273303985596,956.0625553131104,5605.860233306885
6,common_subexpression_elimination,ideal,6,1.0,1019.5841789245605,1028.3524990081787,6305.317640304565
