repetition,optimization,scenario,variant_counts,scale_factors,original_pipeline,analysis_result_with_reuse_opt_rule,analysis_result_with_push_up_opt_rule,analysis_result_without_opt_rule,analysis_result_without_any_opt
0,udf_split_and_reuse,worst_constant,2,1.0,507.1451663970947,669.870138168335,662.3411178588867,836.9140625,1298.753023147583
1,udf_split_and_reuse,worst_constant,2,1.0,490.7822608947754,683.6240291595459,675.6191253662109,855.5409908294678,1321.0129737854004
2,udf_split_and_reuse,worst_constant,2,1.0,504.75049018859863,676.7611503601074,668.144941329956,843.6408042907715,1301.7199039459229
3,udf_split_and_reuse,worst_constant,2,1.0,503.62277030944824,676.6080856323242,675.302267074585,822.9949474334717,1290.9040451049805
4,udf_split_and_reuse,worst_constant,2,1.0,513.2200717926025,682.0359230041504,672.8157997131348,832.413911819458,1321.4819431304932
5,udf_split_and_reuse,worst_constant,2,1.0,517.7092552185059,668.7359809875488,698.9889144897461,845.754861831665,1315.9191608428955
6,udf_split_and_reuse,worst_constant,2,1.0,505.13672828674316,705.8169841766357,672.9722023010254,826.8263339996338,1324.6369361877441
