repetition,optimization,scenario,variant_counts,scale_factors,original_pipeline,analysis_result_with_reuse_opt_rule,analysis_result_with_push_up_opt_rule,analysis_result_without_opt_rule,analysis_result_without_any_opt
0,udf_split_and_reuse,average,6,1.0,698.7051963806152,1001.0287761688232,1080.8289051055908,2854.9182415008545,5074.287891387939
1,udf_split_and_reuse,average,6,1.0,708.3179950714111,990.4942512512207,1083.3888053894043,2864.758014678955,5144.527912139893
2,udf_split_and_reuse,average,6,1.0,705.9876918792725,990.4899597167969,1086.467981338501,2859.691619873047,5074.3420124053955
3,udf_split_and_reuse,average,6,1.0,711.6076946258545,1018.7630653381348,1081.524133682251,2910.6922149658203,5040.9979820251465
4,udf_split_and_reuse,average,6,1.0,706.7766189575195,994.6560859680176,1104.5842170715332,2879.6911239624023,5073.034286499023
5,udf_split_and_reuse,average,6,1.0,721.4672565460205,1004.586935043335,1113.5532855987549,2935.816764831543,5064.758062362671
6,udf_split_and_reuse,average,6,1.0,714.2071723937988,996.3839054107666,1095.3600406646729,2898.3542919158936,5054.337739944458
