repetition,optimization,scenario,variant_counts,data_size,original_pipeline,analysis_result_with_opt_rule,analysis_result_without_opt_rule,analysis_result_without_any_opt
0,filter_addition_push_up,worst_wo_original,2,5000,1375.2400875091553,1416.4023399353027,226.9761562347412,439.7118091583252
1,filter_addition_push_up,worst_wo_original,2,5000,1375.6451606750488,1455.4967880249023,236.78994178771973,373.0499744415283
2,filter_addition_push_up,worst_wo_original,2,5000,2287.4794006347656,1743.5600757598877,347.8069305419922,450.9141445159912
3,filter_addition_push_up,worst_wo_original,2,5000,1907.6902866363525,1874.5667934417725,264.99414443969727,290.97509384155273
4,filter_addition_push_up,worst_wo_original,2,5000,1834.6188068389893,1524.0280628204346,209.50603485107422,504.6730041503906
5,filter_addition_push_up,worst_wo_original,2,5000,1538.4981632232666,1399.4078636169434,172.43313789367676,210.95681190490723
6,filter_addition_push_up,worst_wo_original,2,5000,1383.5058212280273,1430.9799671173096,194.92006301879883,205.28602600097656
