repetition,optimization,scenario,variant_counts,scale_factors,original_pipeline,analysis_result_with_opt,analysis_result_without_any_opt
0,common_subexpression_elimination,average,4,1.0,834.4261646270752,933.7270259857178,3616.2118911743164
1,common_subexpression_elimination,average,4,1.0,852.9994487762451,965.7011032104492,3627.258777618408
2,common_subexpression_elimination,average,4,1.0,822.2084045410156,938.2491111755371,3576.5960216522217
3,common_subexpression_elimination,average,4,1.0,838.0680084228516,939.5332336425781,3597.2988605499268
4,common_subexpression_elimination,average,4,1.0,852.0052433013916,926.8839359283447,3603.337049484253
5,common_subexpression_elimination,average,4,1.0,829.5252323150635,937.0739459991455,3540.8928394317627
6,common_subexpression_elimination,average,4,1.0,882.3845386505127,957.9510688781738,3650.3000259399414
