repetition,optimization,scenario,variant_counts,scale_factors,original_pipeline,analysis_result_with_opt_rule,analysis_result_without_opt_rule,analysis_result_without_any_opt
0,operator_deletion_filter_push_up,worst_safety_too_defensive,8,1.0,38.98262977600098,840.8825397491455,811.3148212432861,869.3423271179199
1,operator_deletion_filter_push_up,worst_safety_too_defensive,8,1.0,40.041446685791016,825.803279876709,822.1967220306396,880.8050155639648
2,operator_deletion_filter_push_up,worst_safety_too_defensive,8,1.0,37.84060478210449,817.495584487915,816.1754608154297,868.2734966278076
3,operator_deletion_filter_push_up,worst_safety_too_defensive,8,1.0,37.3225212097168,813.0545616149902,805.5651187896729,863.9369010925293
4,operator_deletion_filter_push_up,worst_safety_too_defensive,8,1.0,38.44261169433594,831.3605785369873,831.8321704864502,891.2506103515625
5,operator_deletion_filter_push_up,worst_safety_too_defensive,8,1.0,38.65623474121094,835.4930877685547,833.5375785827637,885.0784301757812
6,operator_deletion_filter_push_up,worst_safety_too_defensive,8,1.0,24.845600128173828,734.8618507385254,734.7941398620605,782.8090190887451
