repetition,optimization,scenario,variant_counts,scale_factors,original_pipeline,analysis_result_with_opt_rule,analysis_result_without_opt_rule,analysis_result_without_any_opt
0,projection_push_up,ideal,4,1.0,1012.0034217834473,1027.4176597595215,3962.594985961914,4099.656581878662
1,projection_push_up,ideal,4,1.0,888.9117240905762,901.8499851226807,3482.8853607177734,3587.8186225891113
2,projection_push_up,ideal,4,1.0,876.9845962524414,886.8343830108643,3428.9495944976807,3517.98939704895
3,projection_push_up,ideal,4,1.0,939.7499561309814,960.6096744537354,3884.76824760437,3788.605213165283
4,projection_push_up,ideal,4,1.0,848.555326461792,864.9320602416992,3317.807912826538,3422.28102684021
5,projection_push_up,ideal,4,1.0,924.1690635681152,1136.3565921783447,3625.8292198181152,3776.4241695404053
6,projection_push_up,ideal,4,1.0,941.2224292755127,949.0988254547119,3668.2207584381104,3768.4948444366455
