repetition,optimization,scenario,variant_counts,data_size,original_pipeline,analysis_result_with_opt_rule,analysis_result_without_opt_rule,analysis_result_without_any_opt
0,projection_push_up,ideal,10,2000,248.9912509918213,270.5259323120117,2174.410104751587,2450.306177139282
1,projection_push_up,ideal,10,2000,233.5193157196045,281.30102157592773,2148.2789516448975,2643.256187438965
2,projection_push_up,ideal,10,2000,243.1967258453369,271.8019485473633,2842.665195465088,2836.944103240967
3,projection_push_up,ideal,10,2000,360.6548309326172,372.22981452941895,2898.609161376953,2686.9640350341797
4,projection_push_up,ideal,10,2000,209.49959754943848,241.05286598205566,2023.7901210784912,2141.369104385376
5,projection_push_up,ideal,10,2000,270.4353332519531,257.7378749847412,2366.454839706421,2912.363052368164
6,projection_push_up,ideal,10,2000,230.79800605773926,267.92001724243164,2540.82989692688,2567.2361850738525
