repetition,optimization,scenario,variant_counts,scale_factors,original_pipeline,analysis_result_with_reuse_opt_rule,analysis_result_with_push_up_opt_rule,analysis_result_without_opt_rule,analysis_result_without_any_opt
0,udf_split_and_reuse,ideal,4,1.5,19.106149673461914,1407.4969291687012,4015.5677795410156,4072.176218032837,4076.0371685028076
1,udf_split_and_reuse,ideal,4,1.5,17.387866973876953,1412.8079414367676,4606.737852096558,4361.567974090576,4148.2093334198
2,udf_split_and_reuse,ideal,4,1.5,17.926692962646484,1418.8899993896484,4025.00319480896,4106.476068496704,4132.249116897583
3,udf_split_and_reuse,ideal,4,1.5,17.479658126831055,1404.006004333496,4013.5672092437744,4063.2712841033936,4103.738069534302
4,udf_split_and_reuse,ideal,4,1.5,18.483400344848633,1409.208059310913,3966.8259620666504,4053.6599159240723,4167.669057846069
5,udf_split_and_reuse,ideal,4,1.5,18.82791519165039,1385.7648372650146,3992.462158203125,4033.1430435180664,4062.969207763672
6,udf_split_and_reuse,ideal,4,1.5,20.153284072875977,1523.7538814544678,4006.067991256714,4062.396287918091,4099.262952804565
