repetition,optimization,scenario,variant_counts,scale_factors,original_pipeline,analysis_result_with_reuse_opt_rule,analysis_result_with_push_up_opt_rule,analysis_result_without_opt_rule,analysis_result_without_any_opt
0,udf_split_and_reuse,worst_constant,4,1.5,903.4888744354248,1558.176040649414,1628.23486328125,2391.3638591766357,4882.620096206665
1,udf_split_and_reuse,worst_constant,4,1.5,878.2768249511719,1535.9680652618408,1585.4301452636719,2316.3628578186035,4866.950273513794
2,udf_split_and_reuse,worst_constant,4,1.5,873.2173442840576,1529.2091369628906,1576.5419006347656,2296.677827835083,4884.635210037231
3,udf_split_and_reuse,worst_constant,4,1.5,883.5654258728027,1537.5821590423584,1604.7840118408203,2298.513889312744,4879.159927368164
4,udf_split_and_reuse,worst_constant,4,1.5,885.2546215057373,1544.604778289795,1602.5390625,2279.1459560394287,4879.792928695679
5,udf_split_and_reuse,worst_constant,4,1.5,892.6019668579102,1546.2908744812012,1607.2678565979004,2294.3081855773926,4877.686023712158
6,udf_split_and_reuse,worst_constant,4,1.5,895.798921585083,1539.4642353057861,1594.472885131836,2293.799877166748,4887.821674346924
