repetition,optimization,scenario,variant_counts,data_size,analysis_result_with_opt_rule,analysis_result_without_opt_rule,analysis_result_without_any_opt
0,projection_push_up,average,10,100000,480.7870388031006,1455.380916595459,3107.661247253418
1,projection_push_up,average,10,100000,471.7519283294678,1477.2210121154785,3094.6249961853027
2,projection_push_up,average,10,100000,476.9160747528076,1463.737964630127,3131.218910217285
3,projection_push_up,average,10,100000,479.30407524108887,1494.983196258545,3239.248037338257
4,projection_push_up,average,10,100000,507.5349807739258,1536.1900329589844,3046.830654144287
5,projection_push_up,average,10,100000,488.785982131958,1498.8081455230713,3100.6360054016113
6,projection_push_up,average,10,100000,493.8926696777344,1524.9049663543701,3199.2347240448
