repetition,optimization,scenario,variant_counts,scale_factors,original_pipeline,analysis_result_with_opt_rule,analysis_result_without_opt_rule,analysis_result_without_any_opt
0,filter_addition_push_up,ideal,4,2.5,5658.731937408447,5849.258661270142,21337.62216567993,21986.091136932373
1,filter_addition_push_up,ideal,4,2.5,6172.357797622681,6385.758638381958,24523.99230003357,24972.668647766113
2,filter_addition_push_up,ideal,4,2.5,5578.090190887451,5510.458946228027,22268.726348876953,22408.02264213562
3,filter_addition_push_up,ideal,4,2.5,5960.293531417847,5959.336757659912,23800.719022750854,24042.255401611328
4,filter_addition_push_up,ideal,4,2.5,5359.720468521118,5386.810064315796,21300.875663757324,21620.034217834473
5,filter_addition_push_up,ideal,4,2.5,6228.302001953125,6326.393604278564,25000.454902648926,25343.42312812805
6,filter_addition_push_up,ideal,4,2.5,5604.374885559082,5639.063358306885,22283.164739608765,22498.14009666443
