repetition,optimization,scenario,variant_counts,scale_factors,original_pipeline,analysis_result_with_opt_rule,analysis_result_without_opt_rule,analysis_result_without_any_opt
0,operator_deletion_filter_push_up,ideal,6,1.0,929.905891418457,1001.9969940185547,5423.856973648071,5635.686159133911
1,operator_deletion_filter_push_up,ideal,6,1.0,914.1290187835693,977.6980876922607,5370.330095291138,5444.687843322754
2,operator_deletion_filter_push_up,ideal,6,1.0,902.6663303375244,974.5151996612549,5329.291820526123,5376.578092575073
3,operator_deletion_filter_push_up,ideal,6,1.0,889.6908760070801,1013.8840675354004,5333.539009094238,5514.572858810425
4,operator_deletion_filter_push_up,ideal,6,1.0,900.3856182098389,977.388858795166,5308.256149291992,5410.249948501587
5,operator_deletion_filter_push_up,ideal,6,1.0,886.9814872741699,974.5070934295654,5385.823011398315,5381.362199783325
6,operator_deletion_filter_push_up,ideal,6,1.0,963.3331298828125,966.1822319030762,5442.01397895813,5535.017013549805
