repetition,optimization,scenario,variant_counts,data_size,original_pipeline,analysis_result_with_reuse_opt_rule,analysis_result_with_push_up_opt_rule,analysis_result_without_opt_rule,analysis_result_without_any_opt
0,udf_split_and_reuse,worst_wo_safety,10,100000,204.64801788330078,8738.255023956299,4509.453058242798,5238.799810409546,6815.597057342529
1,udf_split_and_reuse,worst_wo_safety,10,100000,204.85806465148926,8999.464988708496,4566.074848175049,5792.428731918335,6731.457710266113
2,udf_split_and_reuse,worst_wo_safety,10,100000,170.09782791137695,8237.962007522583,4175.997972488403,5072.824001312256,6045.71795463562
3,udf_split_and_reuse,worst_wo_safety,10,100000,151.54290199279785,7450.540065765381,4028.904914855957,5130.407094955444,5621.496915817261
4,udf_split_and_reuse,worst_wo_safety,10,100000,139.96362686157227,8233.62421989441,4377.506971359253,5214.817047119141,6287.867784500122
5,udf_split_and_reuse,worst_wo_safety,10,100000,139.1770839691162,8462.370872497559,4618.380069732666,4963.553667068481,6651.717901229858
6,udf_split_and_reuse,worst_wo_safety,10,100000,192.40736961364746,8014.247894287109,4217.390775680542,5625.648021697998,6279.221057891846
