repetition,optimization,scenario,variant_counts,data_size,original_pipeline,analysis_result_with_reuse_opt_rule,analysis_result_with_push_up_opt_rule,analysis_result_without_opt_rule,analysis_result_without_any_opt
0,udf_split_and_reuse,ideal,2,10000,52.289724349975586,811.3002777099609,804.1679859161377,793.5891151428223,1006.0958862304688
1,udf_split_and_reuse,ideal,2,10000,48.423051834106445,785.4311466217041,784.0499877929688,805.2916526794434,847.4531173706055
2,udf_split_and_reuse,ideal,2,10000,48.964738845825195,820.1589584350586,792.4690246582031,800.3439903259277,865.4217720031738
3,udf_split_and_reuse,ideal,2,10000,49.30686950683594,804.7962188720703,781.9592952728271,827.4121284484863,856.8949699401855
4,udf_split_and_reuse,ideal,2,10000,157.94634819030762,797.6231575012207,791.2192344665527,819.9920654296875,829.6513557434082
5,udf_split_and_reuse,ideal,2,10000,48.19035530090332,781.5051078796387,802.901029586792,830.5819034576416,860.5458736419678
6,udf_split_and_reuse,ideal,2,10000,49.26729202270508,786.635160446167,785.0370407104492,805.4919242858887,843.2073593139648
