repetition,optimization,scenario,variant_counts,data_size,analysis_result_with_opt_rule,analysis_result_without_opt_rule,analysis_result_without_any_opt
0,projection_push_up,worst,10,100000,341.13192558288574,523.2639312744141,1535.0408554077148
1,projection_push_up,worst,10,100000,344.99120712280273,520.8098888397217,1696.056842803955
2,projection_push_up,worst,10,100000,349.58696365356445,531.4328670501709,1596.8060493469238
3,projection_push_up,worst,10,100000,327.9712200164795,522.587776184082,1567.554235458374
4,projection_push_up,worst,10,100000,345.1077938079834,536.1287593841553,1577.5086879730225
5,projection_push_up,worst,10,100000,336.67588233947754,526.8738269805908,1617.4869537353516
6,projection_push_up,worst,10,100000,331.95972442626953,528.688907623291,1594.9220657348633
