repetition,optimization,scenario,variant_counts,scale_factors,original_pipeline,analysis_result_with_opt_rule,analysis_result_without_opt_rule,analysis_result_without_any_opt
0,projection_push_up,worst,4,1.5,611.1242771148682,2865.1840686798096,3516.0818099975586,3566.2031173706055
1,projection_push_up,worst,4,1.5,625.3631114959717,3127.6330947875977,3026.360034942627,3227.492094039917
2,projection_push_up,worst,4,1.5,626.9962787628174,3209.852933883667,3563.706159591675,4342.21887588501
3,projection_push_up,worst,4,1.5,701.9045352935791,3623.814821243286,3458.9180946350098,3788.8147830963135
4,projection_push_up,worst,4,1.5,680.7718276977539,4038.8059616088867,3877.527952194214,3464.466333389282
5,projection_push_up,worst,4,1.5,648.4577655792236,3308.5501194000244,3693.336009979248,3489.13311958313
6,projection_push_up,worst,4,1.5,645.0610160827637,3397.855043411255,3710.7319831848145,3838.467836380005
