repetition,optimization,scenario,variant_counts,scale_factors,original_pipeline,analysis_result_with_reuse_opt_rule,analysis_result_with_push_up_opt_rule,analysis_result_without_opt_rule,analysis_result_without_any_opt
0,udf_split_and_reuse,ideal,10,1.0,13.952016830444336,972.3920822143555,8570.023775100708,8707.942724227905,8776.668310165405
1,udf_split_and_reuse,ideal,10,1.0,13.071298599243164,964.2059803009033,8478.903532028198,8685.632467269897,8693.951606750488
2,udf_split_and_reuse,ideal,10,1.0,13.992547988891602,960.8919620513916,8531.949043273926,8721.999406814575,8738.963842391968
3,udf_split_and_reuse,ideal,10,1.0,13.79084587097168,964.1444683074951,8527.76312828064,8704.510688781738,8757.361650466919
4,udf_split_and_reuse,ideal,10,1.0,14.043807983398438,969.6576595306396,8554.634809494019,8715.776681900024,8780.384540557861
5,udf_split_and_reuse,ideal,10,1.0,13.074398040771484,975.475549697876,8622.649908065796,8777.87160873413,8858.95848274231
6,udf_split_and_reuse,ideal,10,1.0,13.220071792602539,966.3069248199463,8552.536487579346,8731.423139572144,8734.021663665771
