repetition,optimization,scenario,variant_counts,data_size,original_pipeline,analysis_result_with_opt_rule,analysis_result_without_opt_rule,analysis_result_without_any_opt
0,operator_deletion_filter_push_up,worst_w_safety,10,2000,76.51376724243164,638.4210586547852,832.3788642883301,802.6590347290039
1,operator_deletion_filter_push_up,worst_w_safety,10,2000,61.86985969543457,511.68107986450195,498.445987701416,799.8378276824951
2,operator_deletion_filter_push_up,worst_w_safety,10,2000,88.57393264770508,714.134931564331,771.9602584838867,1002.2351741790771
3,operator_deletion_filter_push_up,worst_w_safety,10,2000,84.46264266967773,635.4539394378662,671.3099479675293,763.2651329040527
4,operator_deletion_filter_push_up,worst_w_safety,10,2000,55.05037307739258,477.0932197570801,461.4410400390625,571.835994720459
5,operator_deletion_filter_push_up,worst_w_safety,10,2000,84.45334434509277,699.6219158172607,670.9151268005371,753.3717155456543
6,operator_deletion_filter_push_up,worst_w_safety,10,2000,72.12591171264648,567.842960357666,546.8018054962158,649.7142314910889
