repetition,optimization,scenario,variant_counts,data_size,original_pipeline,analysis_result_with_reuse_opt_rule,analysis_result_with_push_up_opt_rule,analysis_result_without_opt_rule,analysis_result_without_any_opt
0,udf_split_and_reuse,worst_wo_safety,6,100000,132.44938850402832,7185.2452754974365,2298.346996307373,2648.595094680786,3128.377914428711
1,udf_split_and_reuse,worst_wo_safety,6,100000,134.60183143615723,7062.888145446777,2267.8489685058594,2600.0020503997803,3110.399007797241
2,udf_split_and_reuse,worst_wo_safety,6,100000,150.24375915527344,7220.379829406738,2302.2780418395996,2600.600242614746,3137.967824935913
3,udf_split_and_reuse,worst_wo_safety,6,100000,130.79476356506348,7085.793972015381,2255.3188800811768,2587.960958480835,3115.575075149536
4,udf_split_and_reuse,worst_wo_safety,6,100000,123.23951721191406,7158.812999725342,2260.451078414917,2657.982110977173,3089.787244796753
5,udf_split_and_reuse,worst_wo_safety,6,100000,130.71680068969727,7032.136917114258,2248.835802078247,2590.6219482421875,3114.211082458496
6,udf_split_and_reuse,worst_wo_safety,6,100000,127.9287338256836,7081.768989562988,2264.961004257202,2585.817813873291,3142.41886138916
