repetition,optimization,scenario,variant_counts,scale_factors,original_pipeline,analysis_result_with_opt,analysis_result_without_any_opt
0,common_subexpression_elimination,worst,6,1.0,527.2331237792969,943.8033103942871,3220.01576423645
1,common_subexpression_elimination,worst,6,1.0,531.0819149017334,926.8994331359863,3198.798656463623
2,common_subexpression_elimination,worst,6,1.0,523.0326652526855,922.8723049163818,3175.1110553741455
3,common_subexpression_elimination,worst,6,1.0,521.5237140655518,929.527997970581,3169.182777404785
4,common_subexpression_elimination,worst,6,1.0,526.4430046081543,937.8097057342529,3172.8785037994385
5,common_subexpression_elimination,worst,6,1.0,523.4153270721436,916.234016418457,3156.3899517059326
6,common_subexpression_elimination,worst,6,1.0,515.1028633117676,930.9074878692627,3153.352975845337
