repetition,optimization,scenario,variant_counts,scale_factors,original_pipeline,analysis_result_with_reuse_opt_rule,analysis_result_with_push_up_opt_rule,analysis_result_without_opt_rule,analysis_result_without_any_opt
0,udf_split_and_reuse,ideal,2,1.0,15.68603515625,956.6628932952881,967.8137302398682,958.2040309906006,988.8551235198975
1,udf_split_and_reuse,ideal,2,1.0,17.544269561767578,949.7120380401611,938.7860298156738,960.5612754821777,956.6819667816162
2,udf_split_and_reuse,ideal,2,1.0,18.04828643798828,949.9788284301758,933.0008029937744,953.5079002380371,971.8441963195801
3,udf_split_and_reuse,ideal,2,1.0,17.566919326782227,942.0721530914307,969.2919254302979,952.5530338287354,956.4862251281738
4,udf_split_and_reuse,ideal,2,1.0,18.4934139251709,948.9650726318359,926.6800880432129,943.7699317932129,961.8418216705322
5,udf_split_and_reuse,ideal,2,1.0,18.436908721923828,939.1000270843506,939.7039413452148,965.6832218170166,954.096794128418
6,udf_split_and_reuse,ideal,2,1.0,19.321203231811523,944.8451995849609,942.6770210266113,945.4379081726074,962.4531269073486
