repetition,optimization,scenario,variant_counts,scale_factors,original_pipeline,analysis_result_with_reuse_opt_rule,analysis_result_with_push_up_opt_rule,analysis_result_without_opt_rule,analysis_result_without_any_opt
0,udf_split_and_reuse,ideal,6,1.0,13.804912567138672,946.7556476593018,5172.283172607422,5215.507984161377,5266.817569732666
1,udf_split_and_reuse,ideal,6,1.0,13.876199722290039,950.4666328430176,5189.21971321106,5227.030038833618,5270.139932632446
2,udf_split_and_reuse,ideal,6,1.0,12.924432754516602,953.2229900360107,5183.954238891602,5223.256349563599,5268.769979476929
3,udf_split_and_reuse,ideal,6,1.0,12.935638427734375,943.7692165374756,5161.618232727051,5208.408832550049,5243.299722671509
4,udf_split_and_reuse,ideal,6,1.0,12.57777214050293,948.1024742126465,5210.267066955566,5272.010087966919,5637.473821640015
5,udf_split_and_reuse,ideal,6,1.0,13.24915885925293,946.2540149688721,5156.230449676514,5207.6122760772705,5245.04828453064
6,udf_split_and_reuse,ideal,6,1.0,12.693405151367188,948.1949806213379,5180.332660675049,5216.18127822876,5256.693601608276
