repetition,optimization,scenario,variant_counts,scale_factors,original_pipeline,analysis_result_with_reuse_opt_rule,analysis_result_with_push_up_opt_rule,analysis_result_without_opt_rule,analysis_result_without_any_opt
0,udf_split_and_reuse,worst_constant,8,1.0,348.3748435974121,1056.4055442810059,1060.3439807891846,1154.109001159668,3155.794143676758
1,udf_split_and_reuse,worst_constant,8,1.0,349.8091697692871,1063.7612342834473,1070.983648300171,1161.017656326294,3179.457664489746
2,udf_split_and_reuse,worst_constant,8,1.0,350.66890716552734,1056.7479133605957,1059.0784549713135,1157.212257385254,3173.598527908325
3,udf_split_and_reuse,worst_constant,8,1.0,348.9198684692383,1063.0085468292236,1059.7362518310547,1145.564317703247,3161.1714363098145
4,udf_split_and_reuse,worst_constant,8,1.0,349.7049808502197,1052.8807640075684,1052.9720783233643,1147.0270156860352,3153.512954711914
5,udf_split_and_reuse,worst_constant,8,1.0,351.9580364227295,1053.4441471099854,1053.6563396453857,1153.764009475708,3168.692111968994
6,udf_split_and_reuse,worst_constant,8,1.0,354.1696071624756,1056.6167831420898,1062.7954006195068,1154.371738433838,3159.9197387695312
