repetition,optimization,scenario,variant_counts,scale_factors,original_pipeline,analysis_result_with_opt_rule,analysis_result_without_opt_rule,analysis_result_without_any_opt
0,filter_addition_push_up,worst_w_original,4,3.5,12516.903162002563,12334.534883499146,14601.24397277832,14406.527519226074
1,filter_addition_push_up,worst_w_original,4,3.5,12109.028100967407,12135.243654251099,14459.637880325317,15011.430978775024
2,filter_addition_push_up,worst_w_original,4,3.5,12007.997989654541,12167.97685623169,14355.953454971313,14826.367855072021
3,filter_addition_push_up,worst_w_original,4,3.5,12252.565383911133,12252.788543701172,14431.408166885376,15038.073539733887
4,filter_addition_push_up,worst_w_original,4,3.5,12315.28902053833,12297.0552444458,14519.78874206543,14936.532974243164
5,filter_addition_push_up,worst_w_original,4,3.5,12215.871334075928,12524.378061294556,14743.95775794983,15165.39478302002
6,filter_addition_push_up,worst_w_original,4,3.5,12339.907169342041,12248.028993606567,14574.855327606201,15212.42094039917
