repetition,optimization,scenario,variant_counts,data_size,original_pipeline,analysis_result_with_opt_rule,analysis_result_without_opt_rule,analysis_result_without_any_opt
0,filter_addition_push_up,ideal,2,2000,251.8899440765381,244.66609954833984,467.4201011657715,484.86804962158203
1,filter_addition_push_up,ideal,2,2000,259.05442237854004,265.78783988952637,496.8891143798828,504.52709197998047
2,filter_addition_push_up,ideal,2,2000,199.22351837158203,196.0761547088623,529.026985168457,390.38705825805664
3,filter_addition_push_up,ideal,2,2000,264.85490798950195,275.9699821472168,524.7831344604492,552.5898933410645
4,filter_addition_push_up,ideal,2,2000,250.19431114196777,256.7610740661621,486.8578910827637,497.98583984375
5,filter_addition_push_up,ideal,2,2000,245.03684043884277,246.8857765197754,465.23404121398926,483.66689682006836
6,filter_addition_push_up,ideal,2,2000,289.39366340637207,248.30102920532227,479.8269271850586,504.5170783996582
