repetition,optimization,scenario,variant_counts,scale_factors,original_pipeline,analysis_result_with_reuse_opt_rule,analysis_result_with_push_up_opt_rule,analysis_result_without_opt_rule,analysis_result_without_any_opt
0,udf_split_and_reuse,worst_wo_safety,6,1.0,14.333486557006836,927.8302192687988,299.35693740844727,352.22721099853516,388.89360427856445
1,udf_split_and_reuse,worst_wo_safety,6,1.0,14.106988906860352,928.5449981689453,299.44610595703125,352.963924407959,390.7036781311035
2,udf_split_and_reuse,worst_wo_safety,6,1.0,14.279842376708984,929.2573928833008,300.13275146484375,354.57324981689453,393.07236671447754
3,udf_split_and_reuse,worst_wo_safety,6,1.0,13.918399810791016,930.4728507995605,297.5289821624756,350.0244617462158,386.6608142852783
4,udf_split_and_reuse,worst_wo_safety,6,1.0,12.986183166503906,921.7534065246582,297.60026931762695,350.40998458862305,391.07418060302734
5,udf_split_and_reuse,worst_wo_safety,6,1.0,13.404607772827148,929.7599792480469,300.5075454711914,353.32536697387695,389.7724151611328
6,udf_split_and_reuse,worst_wo_safety,6,1.0,13.47208023071289,926.6269207000732,298.9664077758789,352.7400493621826,387.96043395996094
