repetition,optimization,scenario,variant_counts,scale_factors,original_pipeline,analysis_result_with_reuse_opt_rule,analysis_result_with_push_up_opt_rule,analysis_result_without_opt_rule,analysis_result_without_any_opt
0,udf_split_and_reuse,ideal,4,4.0,36.76581382751465,3753.2005310058594,13949.487447738647,14185.481309890747,14221.047639846802
1,udf_split_and_reuse,ideal,4,4.0,36.96107864379883,3718.379020690918,13935.56833267212,14162.646293640137,14182.319164276123
2,udf_split_and_reuse,ideal,4,4.0,36.23795509338379,3725.9602546691895,13924.909830093384,14169.63815689087,14180.246591567993
3,udf_split_and_reuse,ideal,4,4.0,35.742998123168945,3716.304302215576,13905.24697303772,14079.137802124023,14164.42584991455
4,udf_split_and_reuse,ideal,4,4.0,36.84186935424805,3705.803394317627,13887.042760848999,14140.082836151123,14196.922302246094
5,udf_split_and_reuse,ideal,4,4.0,36.885738372802734,3737.724542617798,14004.124641418457,14169.969081878662,14264.610052108765
6,udf_split_and_reuse,ideal,4,4.0,34.92140769958496,3752.101421356201,13925.594091415405,14179.761409759521,14166.918992996216
