repetition,optimization,scenario,variant_counts,scale_factors,original_pipeline,analysis_result_with_opt_rule,analysis_result_without_opt_rule,analysis_result_without_any_opt
0,operator_deletion_filter_push_up,average,2,1.0,1504.6327114105225,1626.3868808746338,1781.5580368041992,2437.7310276031494
1,operator_deletion_filter_push_up,average,2,1.0,999.6790885925293,1576.2948989868164,1432.2350025177002,2182.681083679199
2,operator_deletion_filter_push_up,average,2,1.0,2002.2344589233398,1798.584222793579,2095.902919769287,3367.550849914551
3,operator_deletion_filter_push_up,average,2,1.0,1453.4978866577148,1520.427942276001,1604.1388511657715,2503.7660598754883
4,operator_deletion_filter_push_up,average,2,1.0,1118.7679767608643,1814.7459030151367,1617.4180507659912,2037.5020503997803
5,operator_deletion_filter_push_up,average,2,1.0,1231.9934368133545,1295.468807220459,2255.558967590332,3312.736988067627
6,operator_deletion_filter_push_up,average,2,1.0,1300.2867698669434,925.3921508789062,1180.5920600891113,1806.3850402832031
