repetition,optimization,scenario,variant_counts,scale_factors,original_pipeline,analysis_result_with_opt_rule,analysis_result_without_opt_rule,analysis_result_without_any_opt
0,projection_push_up,average,2,1.0,751.9831657409668,894.3891525268555,1307.1482181549072,1750.1771450042725
1,projection_push_up,average,2,1.0,703.4039497375488,872.2901344299316,1264.2178535461426,1801.4569282531738
2,projection_push_up,average,2,1.0,727.6480197906494,854.5820713043213,1295.6721782684326,1721.1167812347412
3,projection_push_up,average,2,1.0,904.4415950775146,1117.0711517333984,1274.5509147644043,1757.0209503173828
4,projection_push_up,average,2,1.0,756.6423416137695,889.5678520202637,1289.4110679626465,1834.089994430542
5,projection_push_up,average,2,1.0,762.8591060638428,873.7208843231201,1237.1480464935303,1675.1370429992676
6,projection_push_up,average,2,1.0,754.9607753753662,903.3591747283936,1418.11203956604,1679.640769958496
