repetition,optimization,scenario,variant_counts,scale_factors,original_pipeline,analysis_result_with_reuse_opt_rule,analysis_result_with_push_up_opt_rule,analysis_result_without_opt_rule,analysis_result_without_any_opt
0,udf_split_and_reuse,worst_constant,2,1.0,578.5918235778809,755.0089359283447,744.2271709442139,903.0952453613281,1412.506103515625
1,udf_split_and_reuse,worst_constant,2,1.0,563.9314651489258,775.3639221191406,758.6190700531006,905.6529998779297,1449.3377208709717
2,udf_split_and_reuse,worst_constant,2,1.0,643.7127590179443,744.7726726531982,734.0500354766846,930.023193359375,1416.9809818267822
3,udf_split_and_reuse,worst_constant,2,1.0,532.7718257904053,758.4080696105957,774.4629383087158,872.3311424255371,1383.9616775512695
4,udf_split_and_reuse,worst_constant,2,1.0,547.6438999176025,707.8080177307129,689.478874206543,862.4591827392578,1394.2251205444336
5,udf_split_and_reuse,worst_constant,2,1.0,533.7197780609131,725.5899906158447,722.0721244812012,872.7109432220459,1398.268222808838
6,udf_split_and_reuse,worst_constant,2,1.0,527.8818607330322,729.4089794158936,782.4780941009521,869.4868087768555,1430.3150177001953
