repetition,optimization,scenario,variant_counts,data_size,original_pipeline,analysis_result_with_opt_rule,analysis_result_without_opt_rule,analysis_result_without_any_opt
0,operator_deletion_filter_push_up,worst_safety_too_defensive,6,1000,127.899169921875,1778.2788276672363,1698.5111236572266,1704.2548656463623
1,operator_deletion_filter_push_up,worst_safety_too_defensive,6,1000,119.32849884033203,1718.1599140167236,1693.4449672698975,1740.812063217163
2,operator_deletion_filter_push_up,worst_safety_too_defensive,6,1000,127.35390663146973,1723.219871520996,1724.9977588653564,1793.503999710083
3,operator_deletion_filter_push_up,worst_safety_too_defensive,6,1000,125.93889236450195,1704.1239738464355,1710.4911804199219,1759.9740028381348
4,operator_deletion_filter_push_up,worst_safety_too_defensive,6,1000,147.6290225982666,1899.9261856079102,1786.557912826538,1891.7479515075684
5,operator_deletion_filter_push_up,worst_safety_too_defensive,6,1000,130.9211254119873,1701.3640403747559,2046.678066253662,1813.7931823730469
6,operator_deletion_filter_push_up,worst_safety_too_defensive,6,1000,148.92959594726562,2088.352680206299,2089.4792079925537,2146.618127822876
