repetition,optimization,scenario,variant_counts,data_size,analysis_result_with_reuse_opt_rule,analysis_result_with_push_up_opt_rule,analysis_result_without_opt_rule,analysis_result_without_any_opt
0,udf_split_and_reuse,worst_constant,5,1000,17.18306541442871,17.313241958618164,22.525787353515625,39.09873962402344
1,udf_split_and_reuse,worst_constant,5,1000,16.514062881469727,17.315149307250977,26.35502815246582,48.895835876464844
2,udf_split_and_reuse,worst_constant,5,1000,17.986774444580078,17.925024032592773,22.23515510559082,37.489891052246094
3,udf_split_and_reuse,worst_constant,5,1000,15.681028366088867,20.865201950073242,30.6241512298584,45.584917068481445
4,udf_split_and_reuse,worst_constant,5,1000,17.67706871032715,17.49420166015625,22.166013717651367,38.192033767700195
5,udf_split_and_reuse,worst_constant,5,1000,17.37499237060547,16.997098922729492,21.818161010742188,36.44990921020508
6,udf_split_and_reuse,worst_constant,5,1000,19.261837005615234,17.068147659301758,22.12691307067871,38.742780685424805
