repetition,optimization,scenario,variant_counts,data_size,original_pipeline,analysis_result_with_opt_rule,analysis_result_without_opt_rule,analysis_result_without_any_opt
0,filter_addition_push_up,ideal,2,5000,1368.73459815979,1375.4260540008545,2681.84494972229,2757.861852645874
1,filter_addition_push_up,ideal,2,5000,1452.378273010254,1498.5439777374268,2786.2300872802734,2854.1781902313232
2,filter_addition_push_up,ideal,2,5000,1417.7751541137695,1399.3339538574219,2787.2772216796875,2951.3630867004395
3,filter_addition_push_up,ideal,2,5000,1541.184425354004,1485.9609603881836,2925.2841472625732,2980.947971343994
4,filter_addition_push_up,ideal,2,5000,1424.6456623077393,1460.0541591644287,2817.257881164551,2807.9068660736084
5,filter_addition_push_up,ideal,2,5000,1406.5024852752686,1515.5329704284668,2749.77707862854,2809.954881668091
6,filter_addition_push_up,ideal,2,5000,1440.735101699829,1459.4953060150146,2794.1739559173584,3061.01393699646
