repetition,optimization,scenario,variant_counts,scale_factors,original_pipeline,analysis_result_with_opt_rule,analysis_result_without_opt_rule,analysis_result_without_any_opt
0,operator_deletion_filter_push_up,ideal,6,1.0,1063.4100437164307,1013.3979320526123,5477.372169494629,6249.034881591797
1,operator_deletion_filter_push_up,ideal,6,1.0,941.4067268371582,1228.4858226776123,6384.621858596802,5881.107807159424
2,operator_deletion_filter_push_up,ideal,6,1.0,999.7391700744629,1055.445909500122,5684.723377227783,5478.514909744263
3,operator_deletion_filter_push_up,ideal,6,1.0,937.8626346588135,991.5399551391602,5488.925933837891,6303.603172302246
4,operator_deletion_filter_push_up,ideal,6,1.0,1043.1718826293945,1208.739995956421,6148.350954055786,6780.705690383911
5,operator_deletion_filter_push_up,ideal,6,1.0,1122.9350566864014,1079.9908638000488,5932.190895080566,6504.803895950317
6,operator_deletion_filter_push_up,ideal,6,1.0,931.4601421356201,1027.0659923553467,5991.195201873779,6160.470008850098
