repetition,optimization,scenario,variant_counts,scale_factors,original_pipeline,analysis_result_with_opt_rule,analysis_result_without_opt_rule,analysis_result_without_any_opt
0,filter_addition_push_up,worst_wo_original,6,1.0,831.4602375030518,823.3609199523926,428.4791946411133,431.74290657043457
1,filter_addition_push_up,worst_wo_original,6,1.0,814.9092197418213,806.5550327301025,231.6567897796631,498.10099601745605
2,filter_addition_push_up,worst_wo_original,6,1.0,828.0134201049805,850.8768081665039,285.52913665771484,525.8898735046387
3,filter_addition_push_up,worst_wo_original,6,1.0,733.5283756256104,757.3738098144531,234.79795455932617,388.34500312805176
4,filter_addition_push_up,worst_wo_original,6,1.0,893.6045169830322,882.605791091919,366.2409782409668,510.0719928741455
5,filter_addition_push_up,worst_wo_original,6,1.0,874.7084140777588,877.0878314971924,319.472074508667,631.1380863189697
6,filter_addition_push_up,worst_wo_original,6,1.0,838.320255279541,847.7489948272705,278.51200103759766,536.5519523620605
