repetition,optimization,scenario,variant_counts,scale_factors,original_pipeline,analysis_result_with_reuse_opt_rule,analysis_result_with_push_up_opt_rule,analysis_result_without_opt_rule,analysis_result_without_any_opt
0,udf_split_and_reuse,worst_constant,6,1.0,531.163215637207,1116.8010234832764,1146.2550163269043,1775.5939960479736,4275.445938110352
1,udf_split_and_reuse,worst_constant,6,1.0,508.5327625274658,1115.3380870819092,1136.9128227233887,1793.5738563537598,4262.306928634644
2,udf_split_and_reuse,worst_constant,6,1.0,510.0252628326416,1111.076831817627,1161.8781089782715,1818.8037872314453,4716.320991516113
3,udf_split_and_reuse,worst_constant,6,1.0,582.0121765136719,1178.292989730835,1147.8772163391113,1860.7120513916016,4257.1258544921875
4,udf_split_and_reuse,worst_constant,6,1.0,491.11175537109375,1104.4528484344482,1233.4790229797363,1902.8232097625732,4459.980249404907
5,udf_split_and_reuse,worst_constant,6,1.0,495.3272342681885,1059.2782497406006,1111.2167835235596,1759.416103363037,4217.047929763794
6,udf_split_and_reuse,worst_constant,6,1.0,498.6708164215088,1066.425085067749,1107.2068214416504,1825.6940841674805,4471.758127212524
