repetition,optimization,scenario,variant_counts,scale_factors,original_pipeline,analysis_result_with_opt_rule,analysis_result_without_opt_rule,analysis_result_without_any_opt
0,projection_push_up,ideal,4,1.5,2162.3125076293945,2099.977970123291,8766.43991470337,8202.802181243896
1,projection_push_up,ideal,4,1.5,1822.7035999298096,1882.0271492004395,7394.379138946533,8795.737028121948
2,projection_push_up,ideal,4,1.5,2511.687755584717,2901.183843612671,10109.055042266846,8603.924989700317
3,projection_push_up,ideal,4,1.5,2259.0627670288086,2211.8937969207764,9419.939756393433,10294.553995132446
4,projection_push_up,ideal,4,1.5,2742.394208908081,2591.9189453125,9876.626253128052,9761.315107345581
5,projection_push_up,ideal,4,1.5,2255.742073059082,2390.8071517944336,9179.564714431763,9582.540035247803
6,projection_push_up,ideal,4,1.5,1842.9081439971924,1919.9841022491455,7278.366327285767,7586.662292480469
