repetition,optimization,scenario,variant_counts,scale_factors,original_pipeline,analysis_result_with_opt_rule,analysis_result_without_opt_rule,analysis_result_without_any_opt
0,filter_addition_push_up,worst_wo_original,2,1.0,1008.4617137908936,988.8210296630859,133.35347175598145,137.90035247802734
1,filter_addition_push_up,worst_wo_original,2,1.0,977.5590896606445,985.666036605835,150.4981517791748,152.91333198547363
2,filter_addition_push_up,worst_wo_original,2,1.0,978.3029556274414,982.3384284973145,128.59535217285156,134.0193748474121
3,filter_addition_push_up,worst_wo_original,2,1.0,980.1337718963623,985.785722732544,134.2334747314453,137.87007331848145
4,filter_addition_push_up,worst_wo_original,2,1.0,978.8720607757568,977.7789115905762,115.62061309814453,122.53880500793457
5,filter_addition_push_up,worst_wo_original,2,1.0,988.8515472412109,1204.8285007476807,118.52145195007324,123.52871894836426
6,filter_addition_push_up,worst_wo_original,2,1.0,958.96315574646,969.6202278137207,123.54683876037598,129.37164306640625
