repetition,optimization,scenario,variant_counts,scale_factors,original_pipeline,analysis_result_with_opt_rule,analysis_result_without_opt_rule,analysis_result_without_any_opt
0,operator_deletion_filter_push_up,average,4,0.5,355.1301956176758,485.1870536804199,784.3809127807617,1523.332118988037
1,operator_deletion_filter_push_up,average,4,0.5,364.2284870147705,489.2148971557617,768.6941623687744,1518.777847290039
2,operator_deletion_filter_push_up,average,4,0.5,337.08977699279785,499.3462562561035,775.4809856414795,1679.046869277954
3,operator_deletion_filter_push_up,average,4,0.5,358.8218688964844,585.3719711303711,796.7219352722168,1533.3189964294434
4,operator_deletion_filter_push_up,average,4,0.5,352.82063484191895,490.0798797607422,786.2718105316162,1544.5351600646973
5,operator_deletion_filter_push_up,average,4,0.5,346.15039825439453,490.0360107421875,792.762041091919,1521.7909812927246
6,operator_deletion_filter_push_up,average,4,0.5,356.1434745788574,491.4119243621826,775.6521701812744,1556.8139553070068
