repetition,optimization,scenario,variant_counts,data_size,original_pipeline,analysis_result_with_opt_rule,analysis_result_without_opt_rule,analysis_result_without_any_opt
0,operator_deletion_filter_push_up,ideal,4,2000,4437.926292419434,4429.778099060059,17243.900299072266,16945.170879364014
1,operator_deletion_filter_push_up,ideal,4,2000,4165.374279022217,4326.571702957153,16850.217819213867,17121.490955352783
2,operator_deletion_filter_push_up,ideal,4,2000,4262.44044303894,4459.066152572632,16826.798915863037,17060.286045074463
3,operator_deletion_filter_push_up,ideal,4,2000,4288.526773452759,4331.612110137939,17253.66497039795,17025.41184425354
4,operator_deletion_filter_push_up,ideal,4,2000,4096.276044845581,4222.297668457031,17003.32283973694,17841.89510345459
5,operator_deletion_filter_push_up,ideal,4,2000,4228.365421295166,4491.086959838867,17000.644207000732,16999.165058135986
6,operator_deletion_filter_push_up,ideal,4,2000,4137.6447677612305,4448.525905609131,16899.26028251648,17083.736181259155
