repetition,optimization,scenario,variant_counts,scale_factors,original_pipeline,analysis_result_with_reuse_opt_rule,analysis_result_with_push_up_opt_rule,analysis_result_without_opt_rule,analysis_result_without_any_opt
0,udf_split_and_reuse,worst_wo_safety,4,1.0,13.350486755371094,924.7040748596191,204.7290802001953,238.79075050354004,259.66858863830566
1,udf_split_and_reuse,worst_wo_safety,4,1.0,13.818502426147461,931.0505390167236,206.69937133789062,243.79801750183105,262.09044456481934
2,udf_split_and_reuse,worst_wo_safety,4,1.0,14.073610305786133,921.0505485534668,203.5372257232666,238.03210258483887,260.35261154174805
3,udf_split_and_reuse,worst_wo_safety,4,1.0,13.190507888793945,925.5993366241455,204.19049263000488,239.39895629882812,261.1377239227295
4,udf_split_and_reuse,worst_wo_safety,4,1.0,13.259172439575195,921.1628437042236,204.16808128356934,239.44950103759766,259.05776023864746
5,udf_split_and_reuse,worst_wo_safety,4,1.0,13.158082962036133,923.7754344940186,203.08947563171387,237.62106895446777,258.9077949523926
6,udf_split_and_reuse,worst_wo_safety,4,1.0,13.203859329223633,916.8386459350586,206.72345161437988,238.6789321899414,259.735107421875
