repetition,optimization,scenario,variant_counts,scale_factors,original_pipeline,analysis_result_with_opt_rule,analysis_result_without_opt_rule,analysis_result_without_any_opt
0,projection_push_up,ideal,4,1.5,2118.0484294891357,2397.033929824829,8131.995916366577,8152.137756347656
1,projection_push_up,ideal,4,1.5,2061.7761611938477,2318.134546279907,8211.578369140625,8358.171701431274
2,projection_push_up,ideal,4,1.5,2024.8970985412598,2026.5178680419922,8268.139362335205,8188.18998336792
3,projection_push_up,ideal,4,1.5,1976.942777633667,1997.5931644439697,8158.664703369141,8059.548377990723
4,projection_push_up,ideal,4,1.5,2081.2721252441406,2099.8024940490723,8534.828186035156,8396.811723709106
5,projection_push_up,ideal,4,1.5,1975.7695198059082,2032.2003364562988,7878.092527389526,8282.716751098633
6,projection_push_up,ideal,4,1.5,2028.0177593231201,2067.612648010254,7904.767751693726,8155.886650085449
