repetition,optimization,scenario,variant_counts,scale_factors,original_pipeline,analysis_result_with_opt_rule,analysis_result_without_opt_rule,analysis_result_without_any_opt
0,projection_push_up,ideal,4,1.0,987.558126449585,932.5571060180664,4147.849082946777,4945.660352706909
1,projection_push_up,ideal,4,1.0,925.9240627288818,869.7500228881836,3626.490831375122,4174.994230270386
2,projection_push_up,ideal,4,1.0,937.2873306274414,987.9512786865234,4211.8659019470215,3748.089075088501
3,projection_push_up,ideal,4,1.0,983.8550090789795,952.0809650421143,3448.948860168457,3667.536973953247
4,projection_push_up,ideal,4,1.0,844.1312313079834,850.8119583129883,3358.2937717437744,3417.638063430786
5,projection_push_up,ideal,4,1.0,734.1279983520508,749.535083770752,2869.8570728302,2953.747034072876
6,projection_push_up,ideal,4,1.0,804.60524559021,833.4619998931885,3314.39208984375,3271.6832160949707
