repetition,optimization,scenario,variant_counts,data_size,original_pipeline,analysis_result_with_opt_rule,analysis_result_without_opt_rule,analysis_result_without_any_opt
0,operator_deletion_filter_push_up,ideal,8,1000,985.9857559204102,1061.6707801818848,7632.7197551727295,7672.589063644409
1,operator_deletion_filter_push_up,ideal,8,1000,945.3945159912109,1052.9088973999023,7560.680866241455,7618.311882019043
2,operator_deletion_filter_push_up,ideal,8,1000,955.3349018096924,1046.9088554382324,7817.660808563232,8171.021938323975
3,operator_deletion_filter_push_up,ideal,8,1000,967.6923751831055,1081.0203552246094,7580.022096633911,7722.0940589904785
4,operator_deletion_filter_push_up,ideal,8,1000,932.2500228881836,1030.2021503448486,7389.204978942871,7530.789136886597
5,operator_deletion_filter_push_up,ideal,8,1000,921.3213920593262,1057.615041732788,7374.190092086792,7477.373361587524
6,operator_deletion_filter_push_up,ideal,8,1000,957.4053287506104,1043.6768531799316,7564.933776855469,7561.98525428772
