repetition,optimization,scenario,variant_counts,scale_factors,original_pipeline,analysis_result_with_opt_rule,analysis_result_without_opt_rule,analysis_result_without_any_opt
0,filter_addition_push_up,average,4,1.0,800.5728721618652,1398.8890647888184,2123.844861984253,3767.7292823791504
1,filter_addition_push_up,average,4,1.0,880.8774948120117,1156.1579704284668,2032.5279235839844,4022.500991821289
2,filter_addition_push_up,average,4,1.0,822.817325592041,1155.8201313018799,1939.2061233520508,3443.5250759124756
3,filter_addition_push_up,average,4,1.0,873.3868598937988,1245.2259063720703,1944.4007873535156,3407.274007797241
4,filter_addition_push_up,average,4,1.0,842.5629138946533,1153.642177581787,1925.5461692810059,3374.0479946136475
5,filter_addition_push_up,average,4,1.0,827.946662902832,1154.6087265014648,1938.6451244354248,3550.248861312866
6,filter_addition_push_up,average,4,1.0,818.9268112182617,1215.5792713165283,2012.8610134124756,3812.3130798339844
