repetition,optimization,scenario,variant_counts,data_size,original_pipeline,analysis_result_with_opt_rule,analysis_result_without_opt_rule,analysis_result_without_any_opt
0,filter_addition_push_up,average,4,5000,25.979280471801758,55.42397499084473,72.09014892578125,104.76326942443848
1,filter_addition_push_up,average,4,5000,27.285099029541016,55.78970909118652,73.95100593566895,110.69989204406738
2,filter_addition_push_up,average,4,5000,26.239871978759766,55.76896667480469,70.94883918762207,108.56795310974121
3,filter_addition_push_up,average,4,5000,26.25131607055664,57.179927825927734,75.0880241394043,113.84081840515137
4,filter_addition_push_up,average,4,5000,24.566650390625,53.109169006347656,72.44586944580078,114.09568786621094
5,filter_addition_push_up,average,4,5000,25.645971298217773,53.305864334106445,72.24607467651367,128.25918197631836
6,filter_addition_push_up,average,4,5000,28.5186767578125,55.1450252532959,73.89712333679199,137.46118545532227
