repetition,optimization,scenario,variant_counts,data_size,analysis_result_with_reuse_opt_rule,analysis_result_with_push_up_opt_rule,analysis_result_without_opt_rule,analysis_result_without_any_opt
0,udf_split_and_reuse,worst_constant,10,100000,257.2469711303711,284.1298580169678,467.2410488128662,1448.3439922332764
1,udf_split_and_reuse,worst_constant,10,100000,268.28908920288086,277.30584144592285,469.8929786682129,1463.1402492523193
2,udf_split_and_reuse,worst_constant,10,100000,261.31701469421387,287.54210472106934,468.86301040649414,1465.9380912780762
3,udf_split_and_reuse,worst_constant,10,100000,272.7057933807373,278.7158489227295,466.31574630737305,1463.3419513702393
4,udf_split_and_reuse,worst_constant,10,100000,265.7921314239502,282.5779914855957,505.7966709136963,1483.6599826812744
5,udf_split_and_reuse,worst_constant,10,100000,266.41011238098145,288.7580394744873,472.0480442047119,1466.3569927215576
6,udf_split_and_reuse,worst_constant,10,100000,269.0999507904053,290.7528877258301,472.822904586792,1512.9661560058594
