repetition,optimization,scenario,variant_counts,scale_factors,original_pipeline,analysis_result_with_reuse_opt_rule,analysis_result_with_push_up_opt_rule,analysis_result_without_opt_rule,analysis_result_without_any_opt
0,udf_split_and_reuse,worst_wo_safety,2,1.0,19.195079803466797,984.8909378051758,122.70498275756836,134.7191333770752,145.33209800720215
1,udf_split_and_reuse,worst_wo_safety,2,1.0,17.906904220581055,979.7048568725586,120.03612518310547,135.70094108581543,143.1448459625244
2,udf_split_and_reuse,worst_wo_safety,2,1.0,17.704010009765625,992.6807880401611,117.14506149291992,133.0280303955078,146.7609405517578
3,udf_split_and_reuse,worst_wo_safety,2,1.0,19.856691360473633,977.0240783691406,123.67796897888184,133.47792625427246,146.2409496307373
4,udf_split_and_reuse,worst_wo_safety,2,1.0,17.230987548828125,981.3668727874756,119.30322647094727,135.18500328063965,147.76086807250977
5,udf_split_and_reuse,worst_wo_safety,2,1.0,16.491174697875977,979.8018932342529,121.17886543273926,133.59379768371582,148.82206916809082
6,udf_split_and_reuse,worst_wo_safety,2,1.0,19.153833389282227,992.7239418029785,119.48227882385254,158.88309478759766,155.71308135986328
