repetition,optimization,scenario,variant_counts,scale_factors,original_pipeline,analysis_result_with_opt,analysis_result_without_any_opt
0,common_subexpression_elimination,average,4,1.0,641.4525508880615,694.425106048584,2595.2816009521484
1,common_subexpression_elimination,average,4,1.0,633.1932544708252,688.215970993042,2591.624975204468
2,common_subexpression_elimination,average,4,1.0,629.8267841339111,691.3530826568604,2575.733184814453
3,common_subexpression_elimination,average,4,1.0,639.798641204834,686.6769790649414,2603.2092571258545
4,common_subexpression_elimination,average,4,1.0,627.29811668396,697.6237297058105,2607.3567867279053
5,common_subexpression_elimination,average,4,1.0,645.761251449585,694.7791576385498,2619.6250915527344
6,common_subexpression_elimination,average,4,1.0,636.113166809082,704.852819442749,2591.200590133667
