repetition,optimization,scenario,variant_counts,data_size,original_pipeline,analysis_result_with_opt_rule,analysis_result_without_opt_rule,analysis_result_without_any_opt
0,operator_deletion_filter_push_up,ideal,2,1000,1110.581874847412,1055.9921264648438,2068.369150161743,2079.1759490966797
1,operator_deletion_filter_push_up,ideal,2,1000,1029.3657779693604,1055.1941394805908,2192.776918411255,2090.4300212860107
2,operator_deletion_filter_push_up,ideal,2,1000,1072.9656219482422,1057.380199432373,2184.286117553711,2043.0080890655518
3,operator_deletion_filter_push_up,ideal,2,1000,1060.197353363037,1083.9300155639648,2019.4039344787598,2042.090892791748
4,operator_deletion_filter_push_up,ideal,2,1000,1028.8634300231934,1041.0349369049072,2016.3209438323975,2046.9739437103271
5,operator_deletion_filter_push_up,ideal,2,1000,1012.580156326294,1047.795057296753,2006.0601234436035,2021.122932434082
6,operator_deletion_filter_push_up,ideal,2,1000,1026.4651775360107,1038.6099815368652,2018.9251899719238,2056.360960006714
