repetition,optimization,scenario,variant_counts,scale_factors,original_pipeline,analysis_result_with_opt_rule,analysis_result_without_opt_rule,analysis_result_without_any_opt
0,operator_deletion_filter_push_up,average,6,1.0,716.7007923126221,1226.1779308319092,2355.4422855377197,4770.761013031006
1,operator_deletion_filter_push_up,average,6,1.0,722.163200378418,1237.4026775360107,2388.4449005126953,4769.352912902832
2,operator_deletion_filter_push_up,average,6,1.0,737.5044822692871,1261.6350650787354,2461.8148803710938,4804.603815078735
3,operator_deletion_filter_push_up,average,6,1.0,741.0509586334229,1287.2769832611084,2408.550024032593,4780.881881713867
4,operator_deletion_filter_push_up,average,6,1.0,734.8129749298096,1259.6909999847412,2401.927947998047,4773.508071899414
5,operator_deletion_filter_push_up,average,6,1.0,737.0853424072266,1257.350206375122,2438.39693069458,4797.629117965698
6,operator_deletion_filter_push_up,average,6,1.0,760.3847980499268,1293.2898998260498,2483.0541610717773,4856.4441204071045
