repetition,optimization,scenario,variant_counts,scale_factors,original_pipeline,analysis_result_with_reuse_opt_rule,analysis_result_with_push_up_opt_rule,analysis_result_without_opt_rule,analysis_result_without_any_opt
0,udf_split_and_reuse,worst_constant,6,1.0,355.0283908843994,1267.1287059783936,1292.8121089935303,1442.108154296875,3178.6749362945557
1,udf_split_and_reuse,worst_constant,6,1.0,366.804838180542,1261.0580921173096,1301.5358448028564,1458.3220481872559,3041.762113571167
2,udf_split_and_reuse,worst_constant,6,1.0,363.8010025024414,1260.5102062225342,1261.3158226013184,1413.7179851531982,3083.5821628570557
3,udf_split_and_reuse,worst_constant,6,1.0,370.3486919403076,1258.316993713379,1276.1452198028564,1468.6660766601562,3095.5450534820557
4,udf_split_and_reuse,worst_constant,6,1.0,455.72900772094727,1268.4800624847412,1363.8336658477783,1504.6820640563965,3123.147964477539
5,udf_split_and_reuse,worst_constant,6,1.0,364.5014762878418,1287.186861038208,1293.9672470092773,1447.4151134490967,3081.997871398926
6,udf_split_and_reuse,worst_constant,6,1.0,356.4267158508301,1289.362907409668,1263.9579772949219,1427.2148609161377,3137.7511024475098
