repetition,optimization,scenario,variant_counts,scale_factors,original_pipeline,analysis_result_with_opt_rule,analysis_result_without_opt_rule,analysis_result_without_any_opt
0,filter_addition_push_up,average,4,1.0,703.1965255737305,972.4361896514893,1715.4757976531982,2923.107862472534
1,filter_addition_push_up,average,4,1.0,710.9320163726807,967.8201675415039,1660.506010055542,2918.2379245758057
2,filter_addition_push_up,average,4,1.0,695.5561637878418,989.9017810821533,1681.7688941955566,2959.1219425201416
3,filter_addition_push_up,average,4,1.0,705.2261829376221,984.4567775726318,1677.5476932525635,2938.784122467041
4,filter_addition_push_up,average,4,1.0,727.8268337249756,985.4459762573242,1670.5787181854248,2946.4588165283203
5,filter_addition_push_up,average,4,1.0,704.0979862213135,984.1182231903076,1679.973840713501,3069.404125213623
6,filter_addition_push_up,average,4,1.0,696.5243816375732,983.8740825653076,1719.8858261108398,2934.903621673584
