repetition,optimization,scenario,variant_counts,scale_factors,original_pipeline,analysis_result_with_opt_rule,analysis_result_without_opt_rule,analysis_result_without_any_opt
0,projection_push_up,average,4,1.0,889.5213603973389,1003.2000541687012,2152.388095855713,3590.7211303710938
1,projection_push_up,average,4,1.0,1131.7214965820312,1515.8259868621826,2726.789951324463,4073.6589431762695
2,projection_push_up,average,4,1.0,912.2679233551025,1125.507116317749,2455.3818702697754,3552.950143814087
3,projection_push_up,average,4,1.0,679.7559261322021,943.140983581543,2008.547067642212,3265.324115753174
4,projection_push_up,average,4,1.0,688.2164478302002,925.6148338317871,1976.7611026763916,3208.0137729644775
5,projection_push_up,average,4,1.0,689.0082359313965,909.653902053833,2059.3349933624268,3152.069091796875
6,projection_push_up,average,4,1.0,868.5986995697021,1084.5837593078613,2394.2320346832275,4171.066045761108
