repetition,optimization,scenario,variant_counts,scale_factors,original_pipeline,analysis_result_with_reuse_opt_rule,analysis_result_with_push_up_opt_rule,analysis_result_without_opt_rule,analysis_result_without_any_opt
0,udf_split_and_reuse,ideal,6,1.0,144.18673515319824,1021.0602283477783,4394.397974014282,5068.705797195435,5098.176956176758
1,udf_split_and_reuse,ideal,6,1.0,143.2654857635498,1015.3319835662842,4231.560230255127,4927.826166152954,5027.73904800415
2,udf_split_and_reuse,ideal,6,1.0,149.55902099609375,1042.1810150146484,4570.411920547485,5012.380838394165,5323.694944381714
3,udf_split_and_reuse,ideal,6,1.0,169.61026191711426,1100.5640029907227,4823.027849197388,5315.989017486572,5403.419017791748
4,udf_split_and_reuse,ideal,6,1.0,151.67999267578125,1069.498062133789,4454.032182693481,5028.831005096436,5057.307958602905
5,udf_split_and_reuse,ideal,6,1.0,136.83390617370605,1041.3868427276611,4495.467901229858,5171.436071395874,5144.001007080078
6,udf_split_and_reuse,ideal,6,1.0,147.23873138427734,1040.8518314361572,4310.520172119141,5432.9516887664795,5322.726011276245
