repetition,optimization,scenario,variant_counts,scale_factors,original_pipeline,analysis_result_with_opt_rule,analysis_result_without_opt_rule,analysis_result_without_any_opt
0,filter_addition_push_up,worst_w_original,4,1.0,979.7623157501221,927.7799129486084,1114.8159503936768,1184.5488548278809
1,filter_addition_push_up,worst_w_original,4,1.0,943.3228969573975,954.582929611206,1150.573968887329,1181.1249256134033
2,filter_addition_push_up,worst_w_original,4,1.0,1009.4180107116699,936.2132549285889,1097.090721130371,1163.3999347686768
3,filter_addition_push_up,worst_w_original,4,1.0,960.9899520874023,941.9138431549072,1156.3200950622559,1270.8022594451904
4,filter_addition_push_up,worst_w_original,4,1.0,1022.435188293457,953.3829689025879,1122.9970455169678,1133.4941387176514
5,filter_addition_push_up,worst_w_original,4,1.0,1210.0849151611328,1191.6148662567139,1201.4548778533936,1167.205810546875
6,filter_addition_push_up,worst_w_original,4,1.0,1008.2583427429199,959.3920707702637,1085.6859683990479,1132.2622299194336
