repetition,optimization,scenario,variant_counts,scale_factors,original_pipeline,analysis_result_with_opt_rule,analysis_result_without_opt_rule,analysis_result_without_any_opt
0,operator_deletion_filter_push_up,average,8,1.0,595.083475112915,1129.2269229888916,2557.1227073669434,4826.191425323486
1,operator_deletion_filter_push_up,average,8,1.0,603.5513877868652,1151.8995761871338,2615.8719062805176,4881.866455078125
2,operator_deletion_filter_push_up,average,8,1.0,596.6510772705078,1191.3669109344482,2540.2612686157227,4921.277046203613
3,operator_deletion_filter_push_up,average,8,1.0,612.4637126922607,1180.5450916290283,2560.072660446167,4955.230236053467
4,operator_deletion_filter_push_up,average,8,1.0,604.9153804779053,1182.7025413513184,2566.593885421753,4960.74914932251
5,operator_deletion_filter_push_up,average,8,1.0,593.0757522583008,1161.1542701721191,2499.6612071990967,4948.680400848389
6,operator_deletion_filter_push_up,average,8,1.0,602.9462814331055,1186.6226196289062,2590.726852416992,4922.5568771362305
