repetition,optimization,scenario,variant_counts,scale_factors,original_pipeline,analysis_result_with_opt,analysis_result_without_any_opt
0,common_subexpression_elimination,ideal,4,1.0,1175.661563873291,999.5200634002686,5049.345970153809
1,common_subexpression_elimination,ideal,4,1.0,970.8116054534912,1293.1818962097168,5250.078916549683
2,common_subexpression_elimination,ideal,4,1.0,1108.1857681274414,1281.3057899475098,5580.659866333008
3,common_subexpression_elimination,ideal,4,1.0,1351.6879081726074,1720.5588817596436,6249.886035919189
4,common_subexpression_elimination,ideal,4,1.0,1524.8916149139404,1422.9369163513184,4815.5670166015625
5,common_subexpression_elimination,ideal,4,1.0,929.8205375671387,942.7881240844727,3677.243232727051
6,common_subexpression_elimination,ideal,4,1.0,935.9114170074463,920.4428195953369,4004.7550201416016
