repetition,optimization,scenario,variant_counts,scale_factors,original_pipeline,analysis_result_with_reuse_opt_rule,analysis_result_with_push_up_opt_rule,analysis_result_without_opt_rule,analysis_result_without_any_opt
0,udf_split_and_reuse,worst_constant,4,0.5,369.7483539581299,506.64520263671875,541.4478778839111,675.5521297454834,1599.0471839904785
1,udf_split_and_reuse,worst_constant,4,0.5,296.5853214263916,683.8479042053223,650.5918502807617,786.0567569732666,1737.8928661346436
2,udf_split_and_reuse,worst_constant,4,0.5,319.9033737182617,513.7789249420166,579.1568756103516,808.9599609375,1996.4878559112549
3,udf_split_and_reuse,worst_constant,4,0.5,342.29350090026855,536.5359783172607,542.3247814178467,729.7689914703369,1891.157865524292
4,udf_split_and_reuse,worst_constant,4,0.5,261.4891529083252,464.5109176635742,425.95505714416504,519.6628570556641,1297.5118160247803
5,udf_split_and_reuse,worst_constant,4,0.5,289.7324562072754,506.21819496154785,517.6348686218262,676.0177612304688,1546.5099811553955
6,udf_split_and_reuse,worst_constant,4,0.5,299.81374740600586,507.8001022338867,514.7190093994141,818.558931350708,2004.0960311889648
