repetition,optimization,scenario,variant_counts,data_size,analysis_result_with_reuse_opt_rule,analysis_result_with_push_up_opt_rule,analysis_result_without_opt_rule,analysis_result_without_any_opt
0,udf_split_and_reuse,average,10,200000,917.9649353027344,1044.0330505371094,3367.7520751953125,6544.2869663238525
1,udf_split_and_reuse,average,10,200000,914.2630100250244,1031.0642719268799,3315.5829906463623,6503.509044647217
2,udf_split_and_reuse,average,10,200000,908.6880683898926,1030.655860900879,3386.3370418548584,6500.209093093872
3,udf_split_and_reuse,average,10,200000,911.3368988037109,1017.9839134216309,3387.162923812866,6472.218751907349
4,udf_split_and_reuse,average,10,200000,890.0551795959473,1029.1781425476074,3376.9190311431885,6479.434967041016
5,udf_split_and_reuse,average,10,200000,922.9929447174072,1025.0418186187744,3364.229917526245,6523.675918579102
6,udf_split_and_reuse,average,10,200000,910.377025604248,1022.470235824585,3357.8240871429443,6541.989088058472
