repetition,optimization,scenario,variant_counts,scale_factors,original_pipeline,analysis_result_with_reuse_opt_rule,analysis_result_with_push_up_opt_rule,analysis_result_without_opt_rule,analysis_result_without_any_opt
0,udf_split_and_reuse,ideal,6,1.0,23.726224899291992,987.2260093688965,4615.84997177124,4752.032995223999,4805.530071258545
1,udf_split_and_reuse,ideal,6,1.0,26.133298873901367,987.2860908508301,4613.199949264526,4687.522172927856,4788.859128952026
2,udf_split_and_reuse,ideal,6,1.0,23.435592651367188,987.0162010192871,4625.520944595337,4720.572710037231,4774.022102355957
3,udf_split_and_reuse,ideal,6,1.0,27.104616165161133,989.8817539215088,4603.5308837890625,4754.721879959106,4766.228914260864
4,udf_split_and_reuse,ideal,6,1.0,23.99730682373047,993.3249950408936,4648.360013961792,4717.825174331665,4947.522163391113
5,udf_split_and_reuse,ideal,6,1.0,24.959087371826172,996.3791370391846,4610.853910446167,4718.899965286255,4809.996843338013
6,udf_split_and_reuse,ideal,6,1.0,26.69978141784668,990.9658432006836,4649.189710617065,4706.666946411133,4836.022138595581
