repetition,optimization,scenario,variant_counts,scale_factors,original_pipeline,analysis_result_with_opt_rule,analysis_result_without_opt_rule,analysis_result_without_any_opt
0,operator_deletion_filter_push_up,worst_w_safety,4,1.0,176.57208442687988,716.5801525115967,707.8399658203125,746.7617988586426
1,operator_deletion_filter_push_up,worst_w_safety,4,1.0,213.8810157775879,973.7679958343506,833.8370323181152,868.9610958099365
2,operator_deletion_filter_push_up,worst_w_safety,4,1.0,201.65610313415527,814.9549961090088,823.4822750091553,857.2380542755127
3,operator_deletion_filter_push_up,worst_w_safety,4,1.0,207.4892520904541,844.7632789611816,825.7532119750977,850.4540920257568
4,operator_deletion_filter_push_up,worst_w_safety,4,1.0,247.27892875671387,898.9760875701904,909.3220233917236,922.5602149963379
5,operator_deletion_filter_push_up,worst_w_safety,4,1.0,214.1871452331543,842.4069881439209,826.7970085144043,871.9098567962646
6,operator_deletion_filter_push_up,worst_w_safety,4,1.0,181.48136138916016,835.3009223937988,730.198860168457,739.8567199707031
