repetition,optimization,scenario,variant_counts,scale_factors,original_pipeline,analysis_result_with_opt,analysis_result_without_any_opt
0,common_subexpression_elimination,average,4,1.0,854.0523052215576,967.2729969024658,3777.5280475616455
1,common_subexpression_elimination,average,4,1.0,908.8964462280273,970.5948829650879,3720.061779022217
2,common_subexpression_elimination,average,4,1.0,854.8977375030518,964.0650749206543,4129.406929016113
3,common_subexpression_elimination,average,4,1.0,1128.1726360321045,1567.7788257598877,4618.586778640747
4,common_subexpression_elimination,average,4,1.0,980.6063175201416,995.0661659240723,3761.7082595825195
5,common_subexpression_elimination,average,4,1.0,937.9246234893799,1129.7070980072021,4102.577209472656
6,common_subexpression_elimination,average,4,1.0,883.5165500640869,954.6999931335449,3739.419937133789
