repetition,optimization,scenario,variant_counts,scale_factors,original_pipeline,analysis_result_with_opt_rule,analysis_result_without_opt_rule,analysis_result_without_any_opt
0,projection_push_up,worst,2,1.0,540.9719944000244,783.9710712432861,929.5258522033691,1449.0790367126465
1,projection_push_up,worst,2,1.0,525.0442028045654,789.8752689361572,904.5329093933105,1425.8670806884766
2,projection_push_up,worst,2,1.0,519.6053981781006,762.3958587646484,911.8640422821045,1425.4648685455322
3,projection_push_up,worst,2,1.0,528.6273956298828,765.7289505004883,924.3988990783691,1419.661045074463
4,projection_push_up,worst,2,1.0,517.0421600341797,772.4459171295166,922.2900867462158,1456.7410945892334
5,projection_push_up,worst,2,1.0,540.9529209136963,852.1990776062012,951.5678882598877,1358.4308624267578
6,projection_push_up,worst,2,1.0,501.6803741455078,728.1589508056641,882.5609683990479,1353.8470268249512
