repetition,optimization,scenario,variant_counts,data_size,analysis_result_with_opt_rule,analysis_result_without_opt_rule,analysis_result_without_any_opt
0,operator_deletion_filter_push_up,average,10,10000,165.5738353729248,222.6560115814209,481.762170791626
1,operator_deletion_filter_push_up,average,10,10000,156.3699245452881,219.35009956359863,492.98715591430664
2,operator_deletion_filter_push_up,average,10,10000,162.8129482269287,220.1979160308838,472.3999500274658
3,operator_deletion_filter_push_up,average,10,10000,156.19492530822754,217.6039218902588,483.97016525268555
4,operator_deletion_filter_push_up,average,10,10000,157.1178436279297,217.80705451965332,468.066930770874
5,operator_deletion_filter_push_up,average,10,10000,159.69514846801758,230.0240993499756,481.80198669433594
6,operator_deletion_filter_push_up,average,10,10000,156.6479206085205,214.15019035339355,501.9557476043701
