repetition,optimization,scenario,variant_counts,scale_factors,original_pipeline,analysis_result_with_opt_rule,analysis_result_without_opt_rule,analysis_result_without_any_opt
0,filter_addition_push_up,ideal,4,1.5,2565.9568309783936,2571.0830688476562,10085.297107696533,10215.205669403076
1,filter_addition_push_up,ideal,4,1.5,2627.74920463562,2698.7991333007812,10577.620029449463,10752.518892288208
2,filter_addition_push_up,ideal,4,1.5,2400.6481170654297,2449.80788230896,9483.200073242188,9615.73600769043
3,filter_addition_push_up,ideal,4,1.5,2510.00714302063,2554.187059402466,9880.090236663818,10108.01100730896
4,filter_addition_push_up,ideal,4,1.5,2389.9316787719727,2430.2878379821777,9334.496021270752,9686.32197380066
5,filter_addition_push_up,ideal,4,1.5,2787.977933883667,2788.486957550049,10578.3109664917,11068.744897842407
6,filter_addition_push_up,ideal,4,1.5,2446.322202682495,2461.4620208740234,9398.10299873352,9886.359930038452
