repetition,optimization,scenario,variant_counts,data_size,original_pipeline,analysis_result_with_opt_rule,analysis_result_without_opt_rule,analysis_result_without_any_opt
0,operator_deletion_filter_push_up,average,10,10000,45.67146301269531,153.54490280151367,213.60182762145996,485.2447509765625
1,operator_deletion_filter_push_up,average,10,10000,43.62916946411133,147.691011428833,219.29097175598145,529.8919677734375
2,operator_deletion_filter_push_up,average,10,10000,56.39505386352539,282.7119827270508,396.3801860809326,735.90087890625
3,operator_deletion_filter_push_up,average,10,10000,52.245140075683594,161.58699989318848,227.76389122009277,668.6511039733887
4,operator_deletion_filter_push_up,average,10,10000,44.58475112915039,266.51597023010254,252.16197967529297,602.2791862487793
5,operator_deletion_filter_push_up,average,10,10000,45.58086395263672,193.67289543151855,278.34200859069824,719.3608283996582
6,operator_deletion_filter_push_up,average,10,10000,74.8293399810791,212.50605583190918,322.19600677490234,601.25732421875
