repetition,optimization,scenario,variant_counts,scale_factors,original_pipeline,analysis_result_with_opt_rule,analysis_result_without_opt_rule,analysis_result_without_any_opt
0,operator_deletion_filter_push_up,average,4,0.5,333.44459533691406,458.1630229949951,735.1160049438477,1453.4389972686768
1,operator_deletion_filter_push_up,average,4,0.5,342.64683723449707,485.8272075653076,746.488094329834,1468.1620597839355
2,operator_deletion_filter_push_up,average,4,0.5,330.64889907836914,473.88696670532227,746.5941905975342,1440.2399063110352
3,operator_deletion_filter_push_up,average,4,0.5,322.1416473388672,505.99002838134766,768.8498497009277,1440.1710033416748
4,operator_deletion_filter_push_up,average,4,0.5,348.89841079711914,489.35985565185547,775.5529880523682,1470.0689315795898
5,operator_deletion_filter_push_up,average,4,0.5,343.1246280670166,474.32827949523926,761.9328498840332,1493.368148803711
6,operator_deletion_filter_push_up,average,4,0.5,347.3663330078125,488.51490020751953,757.9998970031738,1480.3781509399414
