repetition,optimization,scenario,variant_counts,scale_factors,original_pipeline,analysis_result_with_opt_rule,analysis_result_without_opt_rule,analysis_result_without_any_opt
0,projection_push_up,worst,4,1.0,505.0992965698242,1976.4633178710938,2008.169174194336,2077.0623683929443
1,projection_push_up,worst,4,1.0,504.65893745422363,1984.3559265136719,1996.1042404174805,2061.1696243286133
2,projection_push_up,worst,4,1.0,505.1074028015137,1983.6184978485107,2002.3109912872314,2063.8699531555176
3,projection_push_up,worst,4,1.0,499.07946586608887,1976.5121936798096,1994.4372177124023,2058.6531162261963
4,projection_push_up,worst,4,1.0,501.7242431640625,1967.3397541046143,2005.7711601257324,2053.683280944824
5,projection_push_up,worst,4,1.0,501.617431640625,1978.2931804656982,1978.1403541564941,2053.511619567871
6,projection_push_up,worst,4,1.0,498.16155433654785,1957.491397857666,1980.7744026184082,2050.603151321411
