repetition,optimization,scenario,variant_counts,scale_factors,original_pipeline,analysis_result_with_opt_rule,analysis_result_without_opt_rule,analysis_result_without_any_opt
0,operator_deletion_filter_push_up,worst_w_safety,6,1.0,268.67198944091797,1647.0072269439697,1623.4660148620605,1848.8776683807373
1,operator_deletion_filter_push_up,worst_w_safety,6,1.0,257.45129585266113,1528.334617614746,1549.5576858520508,1569.279670715332
2,operator_deletion_filter_push_up,worst_w_safety,6,1.0,246.95324897766113,1474.895715713501,1476.1254787445068,1521.6591358184814
3,operator_deletion_filter_push_up,worst_w_safety,6,1.0,242.25592613220215,1434.5653057098389,1438.732385635376,1671.1697578430176
4,operator_deletion_filter_push_up,worst_w_safety,6,1.0,213.35387229919434,1282.7985286712646,1283.484935760498,1299.7944355010986
5,operator_deletion_filter_push_up,worst_w_safety,6,1.0,223.8023281097412,1337.50581741333,1324.2418766021729,1362.5483512878418
6,operator_deletion_filter_push_up,worst_w_safety,6,1.0,226.49788856506348,1374.5639324188232,1605.0987243652344,1427.755355834961
