repetition,optimization,scenario,variant_counts,scale_factors,original_pipeline,analysis_result_with_opt_rule,analysis_result_without_opt_rule,analysis_result_without_any_opt
0,operator_deletion_filter_push_up,ideal,4,2.5,6313.250541687012,6334.689617156982,24791.07117652893,24499.67360496521
1,operator_deletion_filter_push_up,ideal,4,2.5,6042.748212814331,6261.897802352905,23939.86749649048,24373.261213302612
2,operator_deletion_filter_push_up,ideal,4,2.5,5932.345390319824,6346.82822227478,24280.131101608276,24139.862060546875
3,operator_deletion_filter_push_up,ideal,4,2.5,6289.674520492554,6247.560501098633,24780.613660812378,24282.920837402344
4,operator_deletion_filter_push_up,ideal,4,2.5,5974.959373474121,6281.587839126587,24410.74514389038,24186.530590057373
5,operator_deletion_filter_push_up,ideal,4,2.5,6134.241819381714,6328.698396682739,24460.39080619812,24884.99093055725
6,operator_deletion_filter_push_up,ideal,4,2.5,6137.024164199829,6339.284896850586,24912.31894493103,24597.753047943115
