repetition,optimization,scenario,variant_counts,data_size,analysis_result_with_opt_rule,analysis_result_without_opt_rule,analysis_result_without_any_opt
0,filter_addition_push_up,average,10,100000,588.2539749145508,1151.7090797424316,2796.149969100952
1,filter_addition_push_up,average,10,100000,578.4029960632324,1123.8830089569092,2744.804859161377
2,filter_addition_push_up,average,10,100000,582.1049213409424,1168.2000160217285,2756.356954574585
3,filter_addition_push_up,average,10,100000,605.7758331298828,1164.5126342773438,2759.1466903686523
4,filter_addition_push_up,average,10,100000,566.4730072021484,1202.9922008514404,2708.716869354248
5,filter_addition_push_up,average,10,100000,569.6940422058105,1155.9031009674072,2721.2560176849365
6,filter_addition_push_up,average,10,100000,572.6110935211182,1164.8268699645996,2741.8501377105713
