repetition,optimization,scenario,variant_counts,data_size,original_pipeline,analysis_result_with_opt_rule,analysis_result_without_opt_rule,analysis_result_without_any_opt
0,projection_push_up,average,2,2000,27.736902236938477,42.25301742553711,58.814287185668945,73.63700866699219
1,projection_push_up,average,2,2000,28.8240909576416,42.25587844848633,58.62307548522949,68.59016418457031
2,projection_push_up,average,2,2000,28.020620346069336,40.47822952270508,55.42707443237305,68.91274452209473
3,projection_push_up,average,2,2000,28.73826026916504,43.84732246398926,56.32424354553223,65.48500061035156
4,projection_push_up,average,2,2000,27.02641487121582,40.82012176513672,54.262638092041016,65.5219554901123
5,projection_push_up,average,2,2000,26.583194732666016,40.02094268798828,53.46369743347168,60.53495407104492
6,projection_push_up,average,2,2000,25.034666061401367,39.356231689453125,54.63695526123047,61.66195869445801
