repetition,optimization,scenario,variant_counts,data_size,original_pipeline,analysis_result_with_reuse_opt_rule,analysis_result_with_push_up_opt_rule,analysis_result_without_opt_rule,analysis_result_without_any_opt
0,udf_split_and_reuse,worst_wo_safety,8,10000,21.949291229248047,797.0259189605713,359.0710163116455,431.6527843475342,529.1991233825684
1,udf_split_and_reuse,worst_wo_safety,8,10000,21.34561538696289,814.3999576568604,361.19890213012695,427.41990089416504,531.5337181091309
2,udf_split_and_reuse,worst_wo_safety,8,10000,22.222042083740234,814.3119812011719,358.3841323852539,433.3009719848633,540.2932167053223
3,udf_split_and_reuse,worst_wo_safety,8,10000,21.59881591796875,822.0279216766357,357.0549488067627,429.271936416626,511.62195205688477
4,udf_split_and_reuse,worst_wo_safety,8,10000,21.338224411010742,795.2010631561279,360.1810932159424,424.685001373291,509.9530220031738
5,udf_split_and_reuse,worst_wo_safety,8,10000,21.41880989074707,785.0651741027832,374.6979236602783,430.45973777770996,522.4640369415283
6,udf_split_and_reuse,worst_wo_safety,8,10000,25.024890899658203,792.0749187469482,359.011173248291,438.0450248718262,521.3460922241211
