repetition,optimization,scenario,variant_counts,scale_factors,original_pipeline,analysis_result_with_reuse_opt_rule,analysis_result_with_push_up_opt_rule,analysis_result_without_opt_rule,analysis_result_without_any_opt
0,udf_split_and_reuse,worst_wo_safety,4,0.5,13.24462890625,507.13181495666504,120.3620433807373,142.5611972808838,166.72015190124512
1,udf_split_and_reuse,worst_wo_safety,4,0.5,12.693166732788086,505.19490242004395,116.89400672912598,138.3810043334961,170.31598091125488
2,udf_split_and_reuse,worst_wo_safety,4,0.5,12.713432312011719,491.5180206298828,118.40009689331055,141.52789115905762,171.3578701019287
3,udf_split_and_reuse,worst_wo_safety,4,0.5,14.251470565795898,496.7522621154785,117.86222457885742,140.74182510375977,161.72504425048828
4,udf_split_and_reuse,worst_wo_safety,4,0.5,12.772083282470703,494.553804397583,116.26887321472168,139.8317813873291,161.92269325256348
5,udf_split_and_reuse,worst_wo_safety,4,0.5,12.267112731933594,529.5968055725098,115.03314971923828,145.01285552978516,164.60800170898438
6,udf_split_and_reuse,worst_wo_safety,4,0.5,13.371467590332031,503.1318664550781,119.60601806640625,301.09500885009766,200.69313049316406
