repetition,optimization,scenario,variant_counts,scale_factors,original_pipeline,analysis_result_with_reuse_opt_rule,analysis_result_with_push_up_opt_rule,analysis_result_without_opt_rule,analysis_result_without_any_opt
0,udf_split_and_reuse,worst_wo_safety,4,1.5,18.326282501220703,1392.6310539245605,310.7929229736328,351.9277572631836,386.77191734313965
1,udf_split_and_reuse,worst_wo_safety,4,1.5,19.52838897705078,1390.2299404144287,304.9008846282959,358.8242530822754,385.58411598205566
2,udf_split_and_reuse,worst_wo_safety,4,1.5,18.87345314025879,1471.0917472839355,320.66893577575684,357.51986503601074,416.23902320861816
3,udf_split_and_reuse,worst_wo_safety,4,1.5,18.346309661865234,1397.2930908203125,311.65003776550293,353.13892364501953,391.74413681030273
4,udf_split_and_reuse,worst_wo_safety,4,1.5,18.846511840820312,1400.0489711761475,307.39498138427734,349.57408905029297,381.7930221557617
5,udf_split_and_reuse,worst_wo_safety,4,1.5,18.40686798095703,1428.9147853851318,308.4728717803955,355.0558090209961,410.7379913330078
6,udf_split_and_reuse,worst_wo_safety,4,1.5,18.06950569152832,1432.3909282684326,303.50589752197266,353.015661239624,392.488956451416
