repetition,optimization,scenario,variant_counts,scale_factors,original_pipeline,analysis_result_with_opt_rule,analysis_result_without_opt_rule,analysis_result_without_any_opt
0,projection_push_up,ideal,6,1.0,851.5408039093018,876.60813331604,5100.0871658325195,5026.818037033081
1,projection_push_up,ideal,6,1.0,870.6097602844238,870.4869747161865,4917.417049407959,5078.255891799927
2,projection_push_up,ideal,6,1.0,840.770959854126,876.7299652099609,5046.166181564331,5092.897891998291
3,projection_push_up,ideal,6,1.0,1016.4189338684082,1017.2302722930908,5810.4188442230225,6114.987850189209
4,projection_push_up,ideal,6,1.0,908.6215496063232,936.7871284484863,5308.362007141113,5394.340991973877
5,projection_push_up,ideal,6,1.0,942.1489238739014,955.7371139526367,5568.624258041382,5710.7720375061035
6,projection_push_up,ideal,6,1.0,782.3550701141357,813.899040222168,4497.166872024536,4646.896839141846
