repetition,optimization,scenario,variant_counts,data_size,original_pipeline,analysis_result_with_opt_rule,analysis_result_without_opt_rule,analysis_result_without_any_opt
0,projection_push_up,worst,2,2000,9.54127311706543,21.329879760742188,23.180723190307617,28.0609130859375
1,projection_push_up,worst,2,2000,8.239269256591797,18.87202262878418,20.90907096862793,26.700973510742188
2,projection_push_up,worst,2,2000,7.971525192260742,18.627166748046875,20.698070526123047,26.738882064819336
3,projection_push_up,worst,2,2000,7.6808929443359375,18.177032470703125,20.67708969116211,26.65114402770996
4,projection_push_up,worst,2,2000,7.627964019775391,18.296003341674805,20.857810974121094,26.925086975097656
5,projection_push_up,worst,2,2000,7.934331893920898,17.757892608642578,19.224166870117188,25.543928146362305
6,projection_push_up,worst,2,2000,7.456779479980469,18.164873123168945,20.834922790527344,27.7860164642334
