repetition,optimization,scenario,variant_counts,scale_factors,original_pipeline,analysis_result_with_opt_rule,analysis_result_without_opt_rule,analysis_result_without_any_opt
0,filter_addition_push_up,worst_w_original,6,1.0,1037.8222465515137,1018.2454586029053,1319.4353580474854,1329.7507762908936
1,filter_addition_push_up,worst_w_original,6,1.0,996.931791305542,999.701976776123,1287.2178554534912,1310.387372970581
2,filter_addition_push_up,worst_w_original,6,1.0,997.0963001251221,1206.4924240112305,1317.3341751098633,1380.0201416015625
3,filter_addition_push_up,worst_w_original,6,1.0,980.7279109954834,992.347240447998,1282.212257385254,1316.774606704712
4,filter_addition_push_up,worst_w_original,6,1.0,987.8835678100586,993.2248592376709,1212.531566619873,1237.396478652954
5,filter_addition_push_up,worst_w_original,6,1.0,993.9687252044678,991.9157028198242,1275.1069068908691,1294.2814826965332
6,filter_addition_push_up,worst_w_original,6,1.0,976.118803024292,989.943265914917,1306.0145378112793,1340.315818786621
