repetition,optimization,scenario,variant_counts,scale_factors,original_pipeline,analysis_result_with_opt_rule,analysis_result_without_opt_rule,analysis_result_without_any_opt
0,filter_addition_push_up,ideal,10,1.0,1005.7737827301025,1022.5088596343994,9377.713203430176,9330.97767829895
1,filter_addition_push_up,ideal,10,1.0,888.3836269378662,900.9799957275391,8659.674882888794,8836.449384689331
2,filter_addition_push_up,ideal,10,1.0,904.2253494262695,913.8953685760498,8549.253940582275,8726.887941360474
3,filter_addition_push_up,ideal,10,1.0,1046.0398197174072,1071.9964504241943,10094.385385513306,10477.10108757019
4,filter_addition_push_up,ideal,10,1.0,973.9789962768555,980.1890850067139,9221.71401977539,9813.03071975708
5,filter_addition_push_up,ideal,10,1.0,960.8449935913086,991.9276237487793,9118.692636489868,9469.06042098999
6,filter_addition_push_up,ideal,10,1.0,921.5209484100342,945.3074932098389,8557.51347541809,8906.646490097046
