repetition,optimization,scenario,variant_counts,data_size,original_pipeline,analysis_result_with_opt_rule,analysis_result_without_opt_rule,analysis_result_without_any_opt
0,filter_addition_push_up,average,4,100000,241.75095558166504,366.56928062438965,538.7110710144043,1013.9257907867432
1,filter_addition_push_up,average,4,100000,244.53401565551758,365.37885665893555,535.189151763916,1056.462049484253
2,filter_addition_push_up,average,4,100000,237.98799514770508,355.3316593170166,540.0052070617676,1025.6991386413574
3,filter_addition_push_up,average,4,100000,252.85959243774414,375.48017501831055,548.4561920166016,1039.8509502410889
4,filter_addition_push_up,average,4,100000,240.68450927734375,379.8489570617676,555.837869644165,1025.580644607544
5,filter_addition_push_up,average,4,100000,240.27037620544434,354.8591136932373,549.1440296173096,1045.753002166748
6,filter_addition_push_up,average,4,100000,236.47642135620117,385.8921527862549,556.220293045044,1041.0740375518799
