repetition,optimization,scenario,variant_counts,scale_factors,original_pipeline,analysis_result_with_reuse_opt_rule,analysis_result_with_push_up_opt_rule,analysis_result_without_opt_rule,analysis_result_without_any_opt
0,udf_split_and_reuse,worst_constant,4,0.5,198.32658767700195,481.5957546234131,475.7249355316162,539.682149887085,1076.6479969024658
1,udf_split_and_reuse,worst_constant,4,0.5,200.61779022216797,471.0979461669922,469.0680503845215,542.7908897399902,1084.968090057373
2,udf_split_and_reuse,worst_constant,4,0.5,204.9262523651123,481.51612281799316,486.61184310913086,525.637149810791,1077.2762298583984
3,udf_split_and_reuse,worst_constant,4,0.5,196.76876068115234,468.7800407409668,494.2505359649658,521.5940475463867,1081.1898708343506
4,udf_split_and_reuse,worst_constant,4,0.5,194.22245025634766,473.0687141418457,475.47006607055664,528.6400318145752,1073.5559463500977
5,udf_split_and_reuse,worst_constant,4,0.5,199.2776393890381,487.55407333374023,490.3581142425537,530.3552150726318,1080.711841583252
6,udf_split_and_reuse,worst_constant,4,0.5,197.97492027282715,468.57595443725586,482.06424713134766,526.7348289489746,1083.1501483917236
