repetition,optimization,scenario,variant_counts,scale_factors,original_pipeline,analysis_result_with_opt,analysis_result_without_any_opt
0,common_subexpression_elimination,worst,10,1.0,523.862361907959,1245.152235031128,5225.731611251831
1,common_subexpression_elimination,worst,10,1.0,512.4168395996094,1238.915205001831,5224.348306655884
2,common_subexpression_elimination,worst,10,1.0,518.4719562530518,1242.8524494171143,5207.864284515381
3,common_subexpression_elimination,worst,10,1.0,515.0723457336426,1224.4598865509033,5187.634468078613
4,common_subexpression_elimination,worst,10,1.0,522.507905960083,1229.4533252716064,5167.149782180786
5,common_subexpression_elimination,worst,10,1.0,510.64348220825195,1239.7704124450684,5171.3011264801025
6,common_subexpression_elimination,worst,10,1.0,512.8977298736572,1224.5798110961914,5169.496536254883
