repetition,optimization,scenario,variant_counts,scale_factors,original_pipeline,analysis_result_with_reuse_opt_rule,analysis_result_with_push_up_opt_rule,analysis_result_without_opt_rule,analysis_result_without_any_opt
0,udf_split_and_reuse,worst_w_safety,4,1.0,88.11497688293457,1018.3837413787842,1052.0079135894775,1173.5241413116455,1349.8361110687256
1,udf_split_and_reuse,worst_w_safety,4,1.0,75.90103149414062,998.0790615081787,965.0049209594727,1096.1852073669434,1309.9682331085205
2,udf_split_and_reuse,worst_w_safety,4,1.0,82.7786922454834,975.2299785614014,953.3219337463379,1142.350673675537,1281.6479206085205
3,udf_split_and_reuse,worst_w_safety,4,1.0,88.95635604858398,1015.5789852142334,1069.490909576416,1172.7149486541748,1276.5891551971436
4,udf_split_and_reuse,worst_w_safety,4,1.0,89.90597724914551,1070.3890323638916,988.2519245147705,1132.6651573181152,1442.0909881591797
5,udf_split_and_reuse,worst_w_safety,4,1.0,105.0567626953125,1158.085823059082,1061.241865158081,1160.7511043548584,1376.5239715576172
6,udf_split_and_reuse,worst_w_safety,4,1.0,85.01386642456055,1012.2799873352051,998.8770484924316,1158.3938598632812,1398.061990737915
