repetition,optimization,scenario,variant_counts,data_size,original_pipeline,analysis_result_with_opt_rule,analysis_result_without_opt_rule,analysis_result_without_any_opt
0,operator_deletion_filter_push_up,average,2,1000,27.62126922607422,24.900197982788086,43.9610481262207,50.18281936645508
1,operator_deletion_filter_push_up,average,2,1000,27.541637420654297,23.041963577270508,36.396026611328125,56.388139724731445
2,operator_deletion_filter_push_up,average,2,1000,24.09219741821289,18.290996551513672,38.829803466796875,55.28569221496582
3,operator_deletion_filter_push_up,average,2,1000,25.892257690429688,20.045995712280273,46.83709144592285,48.18296432495117
4,operator_deletion_filter_push_up,average,2,1000,25.154829025268555,17.42267608642578,30.530929565429688,57.12103843688965
5,operator_deletion_filter_push_up,average,2,1000,23.606061935424805,18.95618438720703,37.24408149719238,57.83867835998535
6,operator_deletion_filter_push_up,average,2,1000,24.30558204650879,19.781827926635742,36.592960357666016,51.65910720825195
