repetition,optimization,scenario,variant_counts,scale_factors,original_pipeline,analysis_result_with_opt_rule,analysis_result_without_opt_rule,analysis_result_without_any_opt
0,filter_addition_push_up,worst_w_original,2,1.0,973.0079174041748,1002.856969833374,1064.6698474884033,1097.9630947113037
1,filter_addition_push_up,worst_w_original,2,1.0,1050.3439903259277,1179.682970046997,1107.7098846435547,1151.658058166504
2,filter_addition_push_up,worst_w_original,2,1.0,933.4554672241211,1008.5060596466064,1122.2710609436035,1079.7603130340576
3,filter_addition_push_up,worst_w_original,2,1.0,937.5159740447998,881.2310695648193,920.6740856170654,956.5432071685791
4,filter_addition_push_up,worst_w_original,2,1.0,910.0465774536133,1029.1171073913574,949.2969512939453,999.8540878295898
5,filter_addition_push_up,worst_w_original,2,1.0,976.2091636657715,950.2627849578857,1018.6171531677246,1047.4097728729248
6,filter_addition_push_up,worst_w_original,2,1.0,835.7203006744385,914.5622253417969,915.4338836669922,942.9709911346436
