repetition,optimization,scenario,variant_counts,data_size,original_pipeline,analysis_result_with_opt_rule,analysis_result_without_opt_rule,analysis_result_without_any_opt
0,filter_addition_push_up,worst_w_original,2,5000,1450.0370025634766,1422.4460124969482,1591.2530422210693,1688.58003616333
1,filter_addition_push_up,worst_w_original,2,5000,1311.4714622497559,1311.547040939331,1363.8980388641357,1391.409158706665
2,filter_addition_push_up,worst_w_original,2,5000,1448.0254650115967,1450.324296951294,1546.0319519042969,1514.1000747680664
3,filter_addition_push_up,worst_w_original,2,5000,1408.552646636963,1437.425136566162,1476.3591289520264,1526.747226715088
4,filter_addition_push_up,worst_w_original,2,5000,1349.5242595672607,1312.6661777496338,1386.1219882965088,1449.4280815124512
5,filter_addition_push_up,worst_w_original,2,5000,1286.3764762878418,1258.699893951416,1301.8581867218018,1316.2939548492432
6,filter_addition_push_up,worst_w_original,2,5000,1479.339599609375,1440.4113292694092,1457.8680992126465,1511.0740661621094
