repetition,optimization,scenario,variant_counts,scale_factors,original_pipeline,analysis_result_with_reuse_opt_rule,analysis_result_with_push_up_opt_rule,analysis_result_without_opt_rule,analysis_result_without_any_opt
0,udf_split_and_reuse,ideal,4,1.0,20.166635513305664,1094.357967376709,3166.476011276245,3303.5969734191895,3355.9539318084717
1,udf_split_and_reuse,ideal,4,1.0,20.609140396118164,1096.0750579833984,3120.3439235687256,3637.392044067383,3466.9182300567627
2,udf_split_and_reuse,ideal,4,1.0,18.252849578857422,1120.812177658081,3155.4439067840576,3104.4280529022217,3279.3757915496826
3,udf_split_and_reuse,ideal,4,1.0,17.991065979003906,1134.756088256836,3027.174949645996,3023.54097366333,3075.227975845337
4,udf_split_and_reuse,ideal,4,1.0,19.182205200195312,1338.1648063659668,2978.6689281463623,2766.1261558532715,2839.879035949707
5,udf_split_and_reuse,ideal,4,1.0,14.890670776367188,989.92919921875,2857.257843017578,2748.213052749634,2982.0339679718018
6,udf_split_and_reuse,ideal,4,1.0,17.78125762939453,1137.0489597320557,3116.1532402038574,3010.104179382324,2945.3721046447754
