repetition,optimization,scenario,variant_counts,data_size,analysis_result_with_reuse_opt_rule,analysis_result_with_push_up_opt_rule,analysis_result_without_opt_rule,analysis_result_without_any_opt
0,udf_split_and_reuse,worst_wo_safety,2,100000,7151.987075805664,861.9070053100586,992.2411441802979,1100.9042263031006
1,udf_split_and_reuse,worst_wo_safety,2,100000,7267.556190490723,864.0060424804688,962.4972343444824,1090.7440185546875
2,udf_split_and_reuse,worst_wo_safety,2,100000,7204.507827758789,877.6271343231201,958.7478637695312,1075.260877609253
3,udf_split_and_reuse,worst_wo_safety,2,100000,7179.847955703735,871.1910247802734,956.7949771881104,1077.5871276855469
4,udf_split_and_reuse,worst_wo_safety,2,100000,7037.320137023926,869.6930408477783,965.1248455047607,1073.4748840332031
5,udf_split_and_reuse,worst_wo_safety,2,100000,7082.043170928955,883.1419944763184,1005.0349235534668,1068.1910514831543
6,udf_split_and_reuse,worst_wo_safety,2,100000,7182.403087615967,855.2179336547852,957.1578502655029,1065.5229091644287
