repetition,optimization,scenario,variant_counts,scale_factors,original_pipeline,analysis_result_with_opt_rule,analysis_result_without_opt_rule,analysis_result_without_any_opt
0,projection_push_up,average,4,1.0,559.969425201416,730.9350967407227,1578.9556503295898,2446.3891983032227
1,projection_push_up,average,4,1.0,540.8115386962891,719.8491096496582,1579.3733596801758,2430.509328842163
2,projection_push_up,average,4,1.0,553.5714626312256,730.4332256317139,1575.556993484497,2451.3087272644043
3,projection_push_up,average,4,1.0,564.9597644805908,734.6189022064209,1627.9330253601074,2458.7128162384033
4,projection_push_up,average,4,1.0,575.477123260498,740.647554397583,1637.6638412475586,2457.437038421631
5,projection_push_up,average,4,1.0,559.079647064209,739.56298828125,1610.9492778778076,2478.590488433838
6,projection_push_up,average,4,1.0,550.6961345672607,741.0409450531006,1646.0621356964111,2505.140542984009
