repetition,optimization,scenario,variant_counts,scale_factors,original_pipeline,analysis_result_with_opt_rule,analysis_result_without_opt_rule,analysis_result_without_any_opt
0,filter_addition_push_up,worst_w_original,4,2.5,6390.745162963867,6292.959690093994,7424.094438552856,7589.028596878052
1,filter_addition_push_up,worst_w_original,4,2.5,6231.082439422607,6186.068296432495,7297.998428344727,7549.286842346191
2,filter_addition_push_up,worst_w_original,4,2.5,6240.207195281982,6272.392749786377,7389.129400253296,7530.858039855957
3,filter_addition_push_up,worst_w_original,4,2.5,6200.490236282349,6218.4157371521,7589.5586013793945,7585.746049880981
4,filter_addition_push_up,worst_w_original,4,2.5,6180.747747421265,6235.11004447937,7349.454402923584,7524.717330932617
5,filter_addition_push_up,worst_w_original,4,2.5,6271.092891693115,6245.555639266968,7440.247297286987,7673.0637550354
6,filter_addition_push_up,worst_w_original,4,2.5,6457.693099975586,6215.577602386475,7455.326795578003,7581.615447998047
