repetition,optimization,scenario,variant_counts,data_size,analysis_result_with_opt_rule,analysis_result_without_opt_rule,analysis_result_without_any_opt
0,filter_addition_push_up,ideal,10,2000,274.57308769226074,2305.5081367492676,2522.6399898529053
1,filter_addition_push_up,ideal,10,2000,291.1398410797119,3333.606004714966,3370.958089828491
2,filter_addition_push_up,ideal,10,2000,293.5800552368164,2470.8800315856934,2830.1069736480713
3,filter_addition_push_up,ideal,10,2000,256.0861110687256,2040.841817855835,2203.1571865081787
4,filter_addition_push_up,ideal,10,2000,256.2899589538574,2082.8027725219727,2245.469093322754
5,filter_addition_push_up,ideal,10,2000,240.71717262268066,1911.3619327545166,2149.0280628204346
6,filter_addition_push_up,ideal,10,2000,250.5800724029541,1992.5298690795898,2277.332067489624
