repetition,optimization,scenario,variant_counts,scale_factors,original_pipeline,analysis_result_with_opt_rule,analysis_result_without_opt_rule,analysis_result_without_any_opt
0,projection_push_up,average,4,0.5,340.64698219299316,470.6611633300781,947.012186050415,1652.9359817504883
1,projection_push_up,average,4,0.5,343.6746597290039,483.2441806793213,952.3823261260986,1653.886079788208
2,projection_push_up,average,4,0.5,342.6637649536133,475.42500495910645,943.5436725616455,1660.8350276947021
3,projection_push_up,average,4,0.5,347.45240211486816,474.4079113006592,944.2639350891113,1648.2758522033691
4,projection_push_up,average,4,0.5,353.90734672546387,476.1970043182373,958.3561420440674,1666.4669513702393
5,projection_push_up,average,4,0.5,346.05932235717773,481.93931579589844,963.3281230926514,1670.8788871765137
6,projection_push_up,average,4,0.5,350.69966316223145,478.15513610839844,963.0458354949951,1646.799087524414
