repetition,optimization,scenario,variant_counts,scale_factors,original_pipeline,analysis_result_with_opt_rule,analysis_result_without_opt_rule,analysis_result_without_any_opt
0,operator_deletion_filter_push_up,average,2,1.0,533.4944725036621,565.0298595428467,765.2914524078369,1037.9047393798828
1,operator_deletion_filter_push_up,average,2,1.0,515.0771141052246,568.5176849365234,762.4552249908447,1060.0073337554932
2,operator_deletion_filter_push_up,average,2,1.0,526.4508724212646,570.2528953552246,767.8813934326172,1069.324016571045
3,operator_deletion_filter_push_up,average,2,1.0,521.20041847229,568.427324295044,775.2602100372314,1076.9267082214355
4,operator_deletion_filter_push_up,average,2,1.0,517.7090167999268,574.099063873291,768.8031196594238,1076.4598846435547
5,operator_deletion_filter_push_up,average,2,1.0,521.2051868438721,572.6742744445801,772.4282741546631,1082.8442573547363
6,operator_deletion_filter_push_up,average,2,1.0,523.6492156982422,583.7938785552979,782.5765609741211,1091.2539958953857
