repetition,optimization,scenario,variant_counts,data_size,original_pipeline,analysis_result_with_opt_rule,analysis_result_without_opt_rule,analysis_result_without_any_opt
0,filter_addition_push_up,worst_wo_original,6,5000,1436.6123676300049,1433.2022666931152,322.7851390838623,663.6431217193604
1,filter_addition_push_up,worst_wo_original,6,5000,1535.3341102600098,1569.3418979644775,590.8210277557373,903.9099216461182
2,filter_addition_push_up,worst_wo_original,6,5000,1454.343318939209,1490.2889728546143,485.5978488922119,883.50510597229
3,filter_addition_push_up,worst_wo_original,6,5000,1548.368215560913,1563.291072845459,431.3809871673584,536.6919040679932
4,filter_addition_push_up,worst_wo_original,6,5000,1538.0408763885498,1574.1047859191895,427.6759624481201,799.2978096008301
5,filter_addition_push_up,worst_wo_original,6,5000,1423.7515926361084,1365.1139736175537,441.6699409484863,757.2851181030273
6,filter_addition_push_up,worst_wo_original,6,5000,1443.6826705932617,1463.3588790893555,432.9049587249756,762.6419067382812
