repetition,optimization,scenario,variant_counts,scale_factors,original_pipeline,analysis_result_with_reuse_opt_rule,analysis_result_with_push_up_opt_rule,analysis_result_without_opt_rule,analysis_result_without_any_opt
0,udf_split_and_reuse,average,2,1.0,685.3740215301514,832.115888595581,854.7530174255371,1232.7990531921387,1679.3947219848633
1,udf_split_and_reuse,average,2,1.0,696.519136428833,826.8709182739258,852.6968955993652,1248.2922077178955,1650.951862335205
2,udf_split_and_reuse,average,2,1.0,684.0286254882812,831.9790363311768,861.9580268859863,1224.7521877288818,1649.9812602996826
3,udf_split_and_reuse,average,2,1.0,690.7446384429932,863.0731105804443,852.5540828704834,1248.7480640411377,1660.3271961212158
4,udf_split_and_reuse,average,2,1.0,699.5522975921631,831.3510417938232,878.695011138916,1240.0708198547363,1641.5517330169678
5,udf_split_and_reuse,average,2,1.0,680.8063983917236,841.1870002746582,908.0870151519775,1433.340311050415,1781.9938659667969
6,udf_split_and_reuse,average,2,1.0,697.44873046875,842.303991317749,860.6810569763184,1252.9840469360352,1699.4450092315674
