repetition,optimization,scenario,variant_counts,data_size,original_pipeline,analysis_result_with_reuse_opt_rule,analysis_result_with_push_up_opt_rule,analysis_result_without_opt_rule,analysis_result_without_any_opt
0,udf_split_and_reuse,worst_constant,6,100000,101.47809982299805,207.35597610473633,204.50496673583984,311.6872310638428,857.8181266784668
1,udf_split_and_reuse,worst_constant,6,100000,102.88572311401367,186.99002265930176,201.10416412353516,304.17895317077637,855.5219173431396
2,udf_split_and_reuse,worst_constant,6,100000,102.10347175598145,211.3630771636963,207.3972225189209,306.31399154663086,836.0080718994141
3,udf_split_and_reuse,worst_constant,6,100000,96.06027603149414,207.8258991241455,202.3460865020752,305.13906478881836,823.6470222473145
4,udf_split_and_reuse,worst_constant,6,100000,113.14010620117188,191.87188148498535,198.1489658355713,300.45199394226074,849.30419921875
5,udf_split_and_reuse,worst_constant,6,100000,104.736328125,190.72318077087402,209.41901206970215,309.4310760498047,839.1091823577881
6,udf_split_and_reuse,worst_constant,6,100000,102.50234603881836,188.61794471740723,196.37584686279297,300.142765045166,829.2899131774902
