repetition,optimization,scenario,variant_counts,data_size,original_pipeline,analysis_result_with_opt_rule,analysis_result_without_opt_rule,analysis_result_without_any_opt
0,projection_push_up,average,6,2000,27.872562408447266,71.24900817871094,123.81696701049805,163.1910800933838
1,projection_push_up,average,6,2000,26.20553970336914,64.62311744689941,122.11799621582031,169.19708251953125
2,projection_push_up,average,6,2000,25.899410247802734,64.90898132324219,135.33902168273926,195.9378719329834
3,projection_push_up,average,6,2000,29.9224853515625,80.1541805267334,142.67373085021973,185.2421760559082
4,projection_push_up,average,6,2000,29.5107364654541,75.52671432495117,147.3217010498047,191.27202033996582
5,projection_push_up,average,6,2000,27.357101440429688,74.02920722961426,136.491060256958,165.3740406036377
6,projection_push_up,average,6,2000,26.92246437072754,72.75891304016113,136.9178295135498,181.9140911102295
