repetition,optimization,scenario,variant_counts,scale_factors,original_pipeline,analysis_result_with_opt,analysis_result_without_any_opt
0,common_subexpression_elimination,average,6,1.0,655.2534103393555,707.6492309570312,3876.218318939209
1,common_subexpression_elimination,average,6,1.0,636.6434097290039,714.1661643981934,3885.6043815612793
2,common_subexpression_elimination,average,6,1.0,644.2828178405762,709.489107131958,3899.524688720703
3,common_subexpression_elimination,average,6,1.0,644.8442935943604,720.3755378723145,3931.8110942840576
4,common_subexpression_elimination,average,6,1.0,647.8359699249268,711.4851474761963,3916.571855545044
5,common_subexpression_elimination,average,6,1.0,632.9340934753418,715.9512042999268,3904.972791671753
6,common_subexpression_elimination,average,6,1.0,633.4941387176514,730.89599609375,3896.662712097168
