repetition,optimization,scenario,variant_counts,data_size,original_pipeline,analysis_result_with_reuse_opt_rule,analysis_result_with_push_up_opt_rule,analysis_result_without_opt_rule,analysis_result_without_any_opt
0,udf_split_and_reuse,worst_w_safety,4,100000,125.54240226745605,1554.6863079071045,1533.2071781158447,1748.3158111572266,2105.6718826293945
1,udf_split_and_reuse,worst_w_safety,4,100000,128.3102035522461,1556.4069747924805,1537.2118949890137,1751.5568733215332,2059.607982635498
2,udf_split_and_reuse,worst_w_safety,4,100000,133.4378719329834,1530.142068862915,1572.8321075439453,1749.2296695709229,2049.3621826171875
3,udf_split_and_reuse,worst_w_safety,4,100000,130.57303428649902,1569.4289207458496,1588.3369445800781,1788.4140014648438,2047.4936962127686
4,udf_split_and_reuse,worst_w_safety,4,100000,124.38082695007324,1552.412748336792,1581.8350315093994,1845.7708358764648,2068.8772201538086
5,udf_split_and_reuse,worst_w_safety,4,100000,127.77376174926758,1575.605869293213,1559.1039657592773,1829.6339511871338,2089.562177658081
6,udf_split_and_reuse,worst_w_safety,4,100000,122.21074104309082,1556.9548606872559,1546.5071201324463,1784.2187881469727,2050.7020950317383
