repetition,optimization,scenario,variant_counts,scale_factors,original_pipeline,analysis_result_with_opt_rule,analysis_result_without_opt_rule,analysis_result_without_any_opt
0,filter_addition_push_up,worst_w_original,4,0.5,259.876012802124,255.0201416015625,299.8490333557129,317.4917697906494
1,filter_addition_push_up,worst_w_original,4,0.5,251.30844116210938,244.063138961792,304.35991287231445,333.7719440460205
2,filter_addition_push_up,worst_w_original,4,0.5,314.5480155944824,284.84511375427246,350.3589630126953,337.7501964569092
3,filter_addition_push_up,worst_w_original,4,0.5,250.18310546875,265.6068801879883,316.5571689605713,336.00306510925293
4,filter_addition_push_up,worst_w_original,4,0.5,283.3399772644043,249.11999702453613,306.6120147705078,306.5972328186035
5,filter_addition_push_up,worst_w_original,4,0.5,252.71368026733398,238.92617225646973,295.518159866333,314.0852451324463
6,filter_addition_push_up,worst_w_original,4,0.5,235.93878746032715,237.57433891296387,478.8360595703125,325.3927230834961
