repetition,optimization,scenario,variant_counts,data_size,original_pipeline,analysis_result_with_opt_rule,analysis_result_without_opt_rule,analysis_result_without_any_opt
0,operator_deletion_filter_push_up,average,2,10000,33.236026763916016,41.784048080444336,46.56720161437988,100.74400901794434
1,operator_deletion_filter_push_up,average,2,10000,33.783912658691406,46.01407051086426,58.15601348876953,85.26897430419922
2,operator_deletion_filter_push_up,average,2,10000,36.328792572021484,36.96298599243164,45.117855072021484,80.03401756286621
3,operator_deletion_filter_push_up,average,2,10000,38.32197189331055,71.86102867126465,55.18484115600586,96.95100784301758
4,operator_deletion_filter_push_up,average,2,10000,39.267539978027344,42.87099838256836,47.14703559875488,81.02011680603027
5,operator_deletion_filter_push_up,average,2,10000,32.71818161010742,44.99411582946777,46.75412178039551,80.37090301513672
6,operator_deletion_filter_push_up,average,2,10000,46.73123359680176,37.138938903808594,45.50600051879883,69.67711448669434
