repetition,optimization,scenario,variant_counts,data_size,analysis_result_with_opt_rule,analysis_result_without_opt_rule,analysis_result_without_any_opt
0,filter_addition_push_up,average,5,100000,411.76700592041016,673.3171939849854,1381.8097114562988
1,filter_addition_push_up,average,5,100000,403.28073501586914,677.8011322021484,1342.3869609832764
2,filter_addition_push_up,average,5,100000,403.4731388092041,664.6080017089844,1358.628749847412
3,filter_addition_push_up,average,5,100000,408.5221290588379,664.2019748687744,1330.2650451660156
4,filter_addition_push_up,average,5,100000,409.81507301330566,676.0282516479492,1340.9481048583984
5,filter_addition_push_up,average,5,100000,415.53711891174316,670.1619625091553,1335.7670307159424
6,filter_addition_push_up,average,5,100000,405.52496910095215,687.5481605529785,1352.4222373962402
