repetition,optimization,scenario,variant_counts,scale_factors,original_pipeline,analysis_result_with_reuse_opt_rule,analysis_result_with_push_up_opt_rule,analysis_result_without_opt_rule,analysis_result_without_any_opt
0,udf_split_and_reuse,worst_w_safety,2,1.0,85.7999324798584,536.7639064788818,523.2172012329102,595.2870845794678,646.9540596008301
1,udf_split_and_reuse,worst_w_safety,2,1.0,89.19310569763184,525.4309177398682,532.8996181488037,582.129955291748,651.6330242156982
2,udf_split_and_reuse,worst_w_safety,2,1.0,88.77325057983398,526.3760089874268,594.7756767272949,575.9978294372559,713.8471603393555
3,udf_split_and_reuse,worst_w_safety,2,1.0,82.50141143798828,516.2198543548584,525.4802703857422,564.9328231811523,636.195182800293
4,udf_split_and_reuse,worst_w_safety,2,1.0,82.81230926513672,520.4706192016602,526.2010097503662,571.7036724090576,639.4579410552979
5,udf_split_and_reuse,worst_w_safety,2,1.0,83.67633819580078,531.303882598877,546.2327003479004,582.6289653778076,653.364896774292
6,udf_split_and_reuse,worst_w_safety,2,1.0,81.8936824798584,512.2811794281006,523.838996887207,580.0719261169434,632.7500343322754
