repetition,optimization,scenario,variant_counts,scale_factors,original_pipeline,analysis_result_with_reuse_opt_rule,analysis_result_with_push_up_opt_rule,analysis_result_without_opt_rule,analysis_result_without_any_opt
0,udf_split_and_reuse,worst_constant,4,1.5,509.5176696777344,1149.5318412780762,1083.0292701721191,1199.1639137268066,2474.012851715088
1,udf_split_and_reuse,worst_constant,4,1.5,520.1504230499268,1112.9851341247559,1066.1180019378662,1196.9549655914307,2518.9099311828613
2,udf_split_and_reuse,worst_constant,4,1.5,514.0659809112549,1107.5687408447266,1079.4720649719238,1205.5888175964355,2478.4650802612305
3,udf_split_and_reuse,worst_constant,4,1.5,518.6452865600586,1107.5870990753174,1110.468864440918,1216.63498878479,2502.6817321777344
4,udf_split_and_reuse,worst_constant,4,1.5,509.8874568939209,1127.1460056304932,1081.1607837677002,1202.4366855621338,2496.11496925354
5,udf_split_and_reuse,worst_constant,4,1.5,548.7418174743652,1108.6339950561523,1075.4637718200684,1204.6592235565186,2484.2753410339355
6,udf_split_and_reuse,worst_constant,4,1.5,503.0255317687988,1117.8529262542725,1079.2388916015625,1198.3659267425537,2515.7699584960938
