repetition,optimization,scenario,variant_counts,scale_factors,original_pipeline,analysis_result_with_reuse_opt_rule,analysis_result_with_push_up_opt_rule,analysis_result_without_opt_rule,analysis_result_without_any_opt
0,udf_split_and_reuse,worst_w_safety,4,1.0,42.1597957611084,925.2166748046875,929.4657707214355,1033.6847305297852,1109.9627017974854
1,udf_split_and_reuse,worst_w_safety,4,1.0,41.88871383666992,915.8124923706055,912.8880500793457,1031.8946838378906,1095.4313278198242
2,udf_split_and_reuse,worst_w_safety,4,1.0,42.19937324523926,916.7313575744629,911.0829830169678,1033.341884613037,1114.0267848968506
3,udf_split_and_reuse,worst_w_safety,4,1.0,41.2449836730957,922.6078987121582,918.3938503265381,1036.3624095916748,1129.176378250122
4,udf_split_and_reuse,worst_w_safety,4,1.0,41.433095932006836,917.3941612243652,908.8504314422607,1051.8696308135986,1095.090627670288
5,udf_split_and_reuse,worst_w_safety,4,1.0,39.98875617980957,917.3932075500488,918.0316925048828,1028.3722877502441,1095.8137512207031
6,udf_split_and_reuse,worst_w_safety,4,1.0,41.266441345214844,911.7889404296875,926.7899990081787,1031.7304134368896,1098.8030433654785
