repetition,optimization,scenario,variant_counts,scale_factors,original_pipeline,analysis_result_with_opt_rule,analysis_result_without_opt_rule,analysis_result_without_any_opt
0,filter_addition_push_up,worst_wo_original,8,1.0,1019.9902057647705,1001.3108253479004,510.79607009887695,552.6952743530273
1,filter_addition_push_up,worst_wo_original,8,1.0,986.8485927581787,985.4323863983154,509.8905563354492,548.2738018035889
2,filter_addition_push_up,worst_wo_original,8,1.0,992.5148487091064,987.2193336486816,526.1251926422119,559.1170787811279
3,filter_addition_push_up,worst_wo_original,8,1.0,1193.2082176208496,978.3298969268799,527.3408889770508,560.1012706756592
4,filter_addition_push_up,worst_wo_original,8,1.0,969.1135883331299,982.0907115936279,476.1195182800293,510.04934310913086
5,filter_addition_push_up,worst_wo_original,8,1.0,977.3502349853516,986.5446090698242,410.51244735717773,444.34547424316406
6,filter_addition_push_up,worst_wo_original,8,1.0,979.7282218933105,983.515739440918,586.3585472106934,616.3558959960938
