repetition,optimization,scenario,variant_counts,scale_factors,original_pipeline,analysis_result_with_opt_rule,analysis_result_without_opt_rule,analysis_result_without_any_opt
0,operator_deletion_filter_push_up,worst_wo_safety,4,1.0,53.922414779663086,1038.7787818908691,202.15702056884766,219.76828575134277
1,operator_deletion_filter_push_up,worst_wo_safety,4,1.0,48.66456985473633,986.3622188568115,184.25917625427246,202.12411880493164
2,operator_deletion_filter_push_up,worst_wo_safety,4,1.0,57.70158767700195,973.0422496795654,225.21352767944336,244.60220336914062
3,operator_deletion_filter_push_up,worst_wo_safety,4,1.0,52.982330322265625,964.3962383270264,195.90020179748535,216.57609939575195
4,operator_deletion_filter_push_up,worst_wo_safety,4,1.0,65.0489330291748,982.8891754150391,254.54235076904297,275.9525775909424
5,operator_deletion_filter_push_up,worst_wo_safety,4,1.0,57.463645935058594,986.5448474884033,215.77191352844238,235.9147071838379
6,operator_deletion_filter_push_up,worst_wo_safety,4,1.0,61.84744834899902,981.2831878662109,234.69996452331543,254.7750473022461
