repetition,optimization,scenario,variant_counts,scale_factors,original_pipeline,analysis_result_with_opt_rule,analysis_result_without_opt_rule,analysis_result_without_any_opt
0,filter_addition_push_up,ideal,8,1.0,1013.4537220001221,1035.1076126098633,7767.077207565308,7613.599538803101
1,filter_addition_push_up,ideal,8,1.0,912.3477935791016,923.4037399291992,7027.066946029663,7052.236795425415
2,filter_addition_push_up,ideal,8,1.0,914.0291213989258,926.0809421539307,7207.452297210693,7306.0808181762695
3,filter_addition_push_up,ideal,8,1.0,1011.5492343902588,1025.5942344665527,7838.826894760132,7944.920539855957
4,filter_addition_push_up,ideal,8,1.0,859.6909046173096,870.5923557281494,6415.905237197876,6968.555688858032
5,filter_addition_push_up,ideal,8,1.0,946.5460777282715,968.6281681060791,7212.914943695068,7681.352376937866
6,filter_addition_push_up,ideal,8,1.0,1118.687391281128,1122.6458549499512,8596.686601638794,8778.592586517334
