repetition,optimization,scenario,variant_counts,scale_factors,original_pipeline,analysis_result_with_reuse_opt_rule,analysis_result_with_push_up_opt_rule,analysis_result_without_opt_rule,analysis_result_without_any_opt
0,udf_split_and_reuse,worst_w_safety,4,0.5,33.17999839782715,493.74914169311523,498.34203720092773,590.8510684967041,613.3010387420654
1,udf_split_and_reuse,worst_w_safety,4,0.5,32.607316970825195,474.52592849731445,482.3789596557617,535.2330207824707,601.8209457397461
2,udf_split_and_reuse,worst_w_safety,4,0.5,31.300067901611328,484.4331741333008,477.8251647949219,552.8750419616699,597.3162651062012
3,udf_split_and_reuse,worst_w_safety,4,0.5,33.6306095123291,479.5811176300049,482.6469421386719,534.2979431152344,613.4169101715088
4,udf_split_and_reuse,worst_w_safety,4,0.5,30.81965446472168,481.701135635376,471.3571071624756,546.0500717163086,603.280782699585
5,udf_split_and_reuse,worst_w_safety,4,0.5,32.6380729675293,526.7460346221924,481.6558361053467,536.383867263794,601.3340950012207
6,udf_split_and_reuse,worst_w_safety,4,0.5,32.12928771972656,480.81278800964355,478.32274436950684,548.9828586578369,610.645055770874
