repetition,optimization,scenario,variant_counts,scale_factors,original_pipeline,analysis_result_with_opt_rule,analysis_result_without_opt_rule,analysis_result_without_any_opt
0,filter_addition_push_up,worst_wo_original,4,1.5,2301.6695976257324,2182.093381881714,532.4032306671143,544.5337295532227
1,filter_addition_push_up,worst_wo_original,4,1.5,2175.565242767334,2131.108522415161,594.221830368042,610.2771759033203
2,filter_addition_push_up,worst_wo_original,4,1.5,2182.4350357055664,2157.0334434509277,457.5939178466797,476.89080238342285
3,filter_addition_push_up,worst_wo_original,4,1.5,2166.7261123657227,2413.722276687622,399.4946479797363,415.7133102416992
4,filter_addition_push_up,worst_wo_original,4,1.5,2147.4201679229736,2144.8593139648438,621.2036609649658,639.2896175384521
5,filter_addition_push_up,worst_wo_original,4,1.5,2157.170534133911,2148.786783218384,588.9160633087158,608.3648204803467
6,filter_addition_push_up,worst_wo_original,4,1.5,2154.926061630249,2135.9918117523193,591.6600227355957,608.4187030792236
