repetition,optimization,scenario,variant_counts,scale_factors,original_pipeline,analysis_result_with_reuse_opt_rule,analysis_result_with_push_up_opt_rule,analysis_result_without_opt_rule,analysis_result_without_any_opt
0,udf_split_and_reuse,ideal,4,1.0,23.26822280883789,1000.1473426818848,2945.619821548462,3004.364013671875,2984.282970428467
1,udf_split_and_reuse,ideal,4,1.0,24.11818504333496,1069.0028667449951,2868.216037750244,3043.2708263397217,3162.8358364105225
2,udf_split_and_reuse,ideal,4,1.0,33.7376594543457,1162.5232696533203,3219.7420597076416,2955.3310871124268,2929.551124572754
3,udf_split_and_reuse,ideal,4,1.0,23.412227630615234,985.1210117340088,2751.779794692993,2777.022361755371,3173.8030910491943
4,udf_split_and_reuse,ideal,4,1.0,26.96537971496582,999.1269111633301,2982.3098182678223,3423.597812652588,3091.7840003967285
5,udf_split_and_reuse,ideal,4,1.0,25.090694427490234,1103.0840873718262,3055.8950901031494,2813.1840229034424,2969.736099243164
6,udf_split_and_reuse,ideal,4,1.0,24.78504180908203,1158.8749885559082,3000.5719661712646,3106.5831184387207,3267.627000808716
