repetition,optimization,scenario,variant_counts,scale_factors,original_pipeline,analysis_result_with_opt_rule,analysis_result_without_opt_rule,analysis_result_without_any_opt
0,projection_push_up,average,6,1.0,710.8876705169678,1049.2281913757324,2829.0669918060303,4982.815980911255
1,projection_push_up,average,6,1.0,714.641809463501,1058.2630634307861,2816.3280487060547,5024.103164672852
2,projection_push_up,average,6,1.0,714.9853706359863,1071.401834487915,2818.696975708008,5236.915111541748
3,projection_push_up,average,6,1.0,782.0069789886475,1068.0599212646484,2854.210138320923,5039.464950561523
4,projection_push_up,average,6,1.0,733.1264019012451,1054.4607639312744,2855.9486865997314,5055.917739868164
5,projection_push_up,average,6,1.0,701.3955116271973,1061.8369579315186,2894.897937774658,5086.948871612549
6,projection_push_up,average,6,1.0,718.2719707489014,1053.8630485534668,2872.2198009490967,5072.2949504852295
