repetition,optimization,scenario,variant_counts,scale_factors,original_pipeline,analysis_result_with_reuse_opt_rule,analysis_result_with_push_up_opt_rule,analysis_result_without_opt_rule,analysis_result_without_any_opt
0,udf_split_and_reuse,worst_w_safety,4,1.5,73.00066947937012,1432.2607517242432,1388.4217739105225,1531.6810607910156,1685.5359077453613
1,udf_split_and_reuse,worst_w_safety,4,1.5,74.52607154846191,1361.4721298217773,1372.992992401123,1569.737434387207,1723.6158847808838
2,udf_split_and_reuse,worst_w_safety,4,1.5,74.07307624816895,1368.9491748809814,1382.1120262145996,1520.0977325439453,1678.3490180969238
3,udf_split_and_reuse,worst_w_safety,4,1.5,75.20842552185059,1427.5479316711426,1401.6609191894531,1759.3317031860352,1796.2279319763184
4,udf_split_and_reuse,worst_w_safety,4,1.5,73.7905502319336,1444.6909427642822,1455.5659294128418,1620.3889846801758,1752.1169185638428
5,udf_split_and_reuse,worst_w_safety,4,1.5,73.70495796203613,1391.6890621185303,1388.6659145355225,1684.8499774932861,1735.7501983642578
6,udf_split_and_reuse,worst_w_safety,4,1.5,72.46589660644531,1396.8532085418701,1373.5918998718262,1563.6980533599854,1727.9281616210938
