repetition,optimization,scenario,variant_counts,scale_factors,original_pipeline,analysis_result_with_reuse_opt_rule,analysis_result_with_push_up_opt_rule,analysis_result_without_opt_rule,analysis_result_without_any_opt
0,udf_split_and_reuse,worst_w_safety,6,1.0,83.69851112365723,1451.7731666564941,1416.9888496398926,1628.133773803711,1975.5923748016357
1,udf_split_and_reuse,worst_w_safety,6,1.0,90.84057807922363,1417.5620079040527,1434.89408493042,1634.415864944458,1981.4200401306152
2,udf_split_and_reuse,worst_w_safety,6,1.0,85.59131622314453,1431.4329624176025,1436.1720085144043,1634.3460083007812,1980.7889461517334
3,udf_split_and_reuse,worst_w_safety,6,1.0,85.8621597290039,1445.693016052246,1420.708179473877,1641.6258811950684,2063.291072845459
4,udf_split_and_reuse,worst_w_safety,6,1.0,91.15004539489746,1675.7729053497314,1515.212059020996,1678.8952350616455,2040.8780574798584
5,udf_split_and_reuse,worst_w_safety,6,1.0,85.93463897705078,1469.9630737304688,1466.0401344299316,1680.3278923034668,2027.2271633148193
6,udf_split_and_reuse,worst_w_safety,6,1.0,87.74495124816895,1448.1217861175537,1478.8789749145508,1677.0131587982178,2039.6740436553955
