repetition,optimization,scenario,variant_counts,scale_factors,original_pipeline,analysis_result_with_reuse_opt_rule,analysis_result_with_push_up_opt_rule,analysis_result_without_opt_rule,analysis_result_without_any_opt
0,udf_split_and_reuse,ideal,4,1.0,138.37075233459473,1013.2482051849365,2598.294973373413,3016.124963760376,3051.983118057251
1,udf_split_and_reuse,ideal,4,1.0,142.26698875427246,1015.7291889190674,2589.9791717529297,3021.026134490967,3003.0570030212402
2,udf_split_and_reuse,ideal,4,1.0,143.0525779724121,995.7981109619141,2582.5841426849365,3017.3490047454834,3031.832695007324
3,udf_split_and_reuse,ideal,4,1.0,141.54386520385742,1013.9272212982178,2563.933849334717,3001.0271072387695,3042.5610542297363
4,udf_split_and_reuse,ideal,4,1.0,155.7633876800537,1001.5389919281006,2588.4459018707275,3017.9100036621094,3007.352828979492
5,udf_split_and_reuse,ideal,4,1.0,142.9755687713623,980.8700084686279,2555.877923965454,3009.749174118042,3006.938934326172
6,udf_split_and_reuse,ideal,4,1.0,145.88212966918945,1011.9991302490234,2595.1178073883057,3028.9642810821533,3050.955057144165
