repetition,optimization,scenario,variant_counts,scale_factors,original_pipeline,analysis_result_with_opt_rule,analysis_result_without_opt_rule,analysis_result_without_any_opt
0,filter_addition_push_up,worst_wo_original,6,1.0,1016.8695449829102,1017.4474716186523,383.4564685821533,416.4843559265137
1,filter_addition_push_up,worst_wo_original,6,1.0,1002.6042461395264,998.920202255249,436.83362007141113,461.519718170166
2,filter_addition_push_up,worst_wo_original,6,1.0,981.6930294036865,980.9343814849854,377.51221656799316,402.7066230773926
3,filter_addition_push_up,worst_wo_original,6,1.0,983.452558517456,975.391149520874,378.0488967895508,407.055139541626
4,filter_addition_push_up,worst_wo_original,6,1.0,970.5283641815186,975.5733013153076,333.72974395751953,362.0271682739258
5,filter_addition_push_up,worst_wo_original,6,1.0,967.5781726837158,982.4643135070801,342.38719940185547,370.6037998199463
6,filter_addition_push_up,worst_wo_original,6,1.0,969.6090221405029,980.1907539367676,358.69288444519043,386.9919776916504
