repetition,optimization,scenario,variant_counts,scale_factors,original_pipeline,analysis_result_with_opt_rule,analysis_result_without_opt_rule,analysis_result_without_any_opt
0,projection_push_up,ideal,4,1.0,947.1220970153809,855.4282188415527,3439.2240047454834,3382.946014404297
1,projection_push_up,ideal,4,1.0,850.2180576324463,874.1488456726074,3412.3637676239014,3699.86891746521
2,projection_push_up,ideal,4,1.0,1480.7238578796387,1213.9389514923096,4720.066070556641,4494.024991989136
3,projection_push_up,ideal,4,1.0,957.3798179626465,922.0499992370605,3450.089931488037,3550.771951675415
4,projection_push_up,ideal,4,1.0,787.0819568634033,810.9707832336426,3399.2860317230225,3782.3829650878906
5,projection_push_up,ideal,4,1.0,1018.6586380004883,1009.8521709442139,3635.545015335083,4035.0308418273926
6,projection_push_up,ideal,4,1.0,897.367000579834,990.8638000488281,4144.850730895996,3819.002866744995
