repetition,optimization,scenario,variant_counts,scale_factors,original_pipeline,analysis_result_with_opt_rule,analysis_result_without_opt_rule,analysis_result_without_any_opt
0,projection_push_up,worst,4,1.0,563.8339519500732,2358.449935913086,2018.2862281799316,2029.3831825256348
1,projection_push_up,worst,4,1.0,598.2933044433594,2081.0999870300293,2095.538854598999,2182.4262142181396
2,projection_push_up,worst,4,1.0,472.57351875305176,1839.345932006836,1860.1253032684326,1935.3642463684082
3,projection_push_up,worst,4,1.0,477.2179126739502,1840.6939506530762,1855.125904083252,2022.0448970794678
4,projection_push_up,worst,4,1.0,471.6370105743408,1808.236837387085,1815.6979084014893,1999.0088939666748
5,projection_push_up,worst,4,1.0,760.7619762420654,1842.879056930542,1834.8801136016846,1996.3488578796387
6,projection_push_up,worst,4,1.0,468.6083793640137,1806.868076324463,1822.8487968444824,1897.0401287078857
