repetition,optimization,scenario,variant_counts,scale_factors,original_pipeline,analysis_result_with_opt_rule,analysis_result_without_opt_rule,analysis_result_without_any_opt
0,projection_push_up,average,4,3.5,2021.195888519287,2637.0246410369873,6048.06113243103,9029.172658920288
1,projection_push_up,average,4,3.5,2022.068977355957,2633.2178115844727,6058.188438415527,8880.271673202515
2,projection_push_up,average,4,3.5,2076.200485229492,2605.666399002075,6009.804248809814,8933.194637298584
3,projection_push_up,average,4,3.5,1991.4271831512451,2579.6587467193604,5986.630916595459,8820.083856582642
4,projection_push_up,average,4,3.5,2053.068161010742,2571.578025817871,6026.01170539856,8772.120714187622
5,projection_push_up,average,4,3.5,1959.4910144805908,2573.9758014678955,5993.512868881226,8818.82905960083
6,projection_push_up,average,4,3.5,1993.9439296722412,2596.036672592163,6008.783578872681,8892.693758010864
