repetition,optimization,scenario,variant_counts,scale_factors,original_pipeline,analysis_result_with_opt_rule,analysis_result_without_opt_rule,analysis_result_without_any_opt
0,projection_push_up,average,4,1.0,552.7920722961426,723.2728004455566,1585.4403972625732,2440.855026245117
1,projection_push_up,average,4,1.0,549.8168468475342,716.4154052734375,1579.4522762298584,2459.5305919647217
2,projection_push_up,average,4,1.0,539.3569469451904,719.8624610900879,1556.1728477478027,2457.3874473571777
3,projection_push_up,average,4,1.0,538.9118194580078,711.9107246398926,1553.837776184082,2459.5890045166016
4,projection_push_up,average,4,1.0,546.419620513916,723.1154441833496,1585.0012302398682,2470.8147048950195
5,projection_push_up,average,4,1.0,539.3612384796143,713.5660648345947,1599.4019508361816,2459.2766761779785
6,projection_push_up,average,4,1.0,545.8822250366211,723.0236530303955,1604.9079895019531,2478.4581661224365
