repetition,optimization,scenario,variant_counts,data_size,original_pipeline,analysis_result_with_opt_rule,analysis_result_without_opt_rule,analysis_result_without_any_opt
0,filter_addition_push_up,worst_wo_original,4,5000,1590.6786918640137,1535.621166229248,481.87708854675293,460.158109664917
1,filter_addition_push_up,worst_wo_original,4,5000,1336.5881443023682,1293.855905532837,247.877836227417,454.00023460388184
2,filter_addition_push_up,worst_wo_original,4,5000,1282.895565032959,1249.0160465240479,266.9861316680908,371.78683280944824
3,filter_addition_push_up,worst_wo_original,4,5000,1398.5884189605713,1483.626127243042,206.91180229187012,308.1679344177246
4,filter_addition_push_up,worst_wo_original,4,5000,1286.2722873687744,1261.831283569336,388.9658451080322,379.8978328704834
5,filter_addition_push_up,worst_wo_original,4,5000,1331.2439918518066,1302.8020858764648,283.30206871032715,546.4890003204346
6,filter_addition_push_up,worst_wo_original,4,5000,1576.8606662750244,1551.5556335449219,321.0752010345459,425.8608818054199
