repetition,optimization,scenario,variant_counts,scale_factors,original_pipeline,analysis_result_with_reuse_opt_rule,analysis_result_with_push_up_opt_rule,analysis_result_without_opt_rule,analysis_result_without_any_opt
0,udf_split_and_reuse,worst_wo_safety,4,4.0,39.407968521118164,3768.695592880249,794.8648929595947,897.0546722412109,961.4694118499756
1,udf_split_and_reuse,worst_wo_safety,4,4.0,37.97459602355957,3732.975721359253,794.5408821105957,894.4575786590576,965.4545783996582
2,udf_split_and_reuse,worst_wo_safety,4,4.0,40.30632972717285,3726.323127746582,796.7886924743652,897.6924419403076,964.4308090209961
3,udf_split_and_reuse,worst_wo_safety,4,4.0,39.80565071105957,3725.139856338501,799.0889549255371,901.0212421417236,970.7770347595215
4,udf_split_and_reuse,worst_wo_safety,4,4.0,40.39907455444336,3742.7027225494385,802.5481700897217,899.1670608520508,973.4029769897461
5,udf_split_and_reuse,worst_wo_safety,4,4.0,39.060115814208984,3734.0445518493652,798.1290817260742,894.9799537658691,966.3195610046387
6,udf_split_and_reuse,worst_wo_safety,4,4.0,40.85230827331543,3749.357223510742,796.10276222229,900.0298976898193,979.4719219207764
