repetition,optimization,scenario,variant_counts,scale_factors,original_pipeline,analysis_result_with_reuse_opt_rule,analysis_result_with_push_up_opt_rule,analysis_result_without_opt_rule,analysis_result_without_any_opt
0,udf_split_and_reuse,worst_wo_safety,8,1.0,14.260053634643555,955.1999568939209,402.3001194000244,472.9952812194824,528.7871360778809
1,udf_split_and_reuse,worst_wo_safety,8,1.0,13.820648193359375,948.920488357544,402.39572525024414,479.3553352355957,527.7478694915771
2,udf_split_and_reuse,worst_wo_safety,8,1.0,13.700008392333984,965.4281139373779,403.0652046203613,474.1930961608887,526.421070098877
3,udf_split_and_reuse,worst_wo_safety,8,1.0,13.175487518310547,951.1687755584717,401.39102935791016,469.82264518737793,798.1288433074951
4,udf_split_and_reuse,worst_wo_safety,8,1.0,13.70692253112793,957.1707248687744,403.28431129455566,477.06031799316406,529.4325351715088
5,udf_split_and_reuse,worst_wo_safety,8,1.0,13.724565505981445,947.8235244750977,399.6860980987549,474.00498390197754,523.9567756652832
6,udf_split_and_reuse,worst_wo_safety,8,1.0,13.641119003295898,954.6489715576172,404.6363830566406,473.585844039917,523.2832431793213
