repetition,optimization,scenario,variant_counts,scale_factors,original_pipeline,analysis_result_with_opt_rule,analysis_result_without_opt_rule,analysis_result_without_any_opt
0,operator_deletion_filter_push_up,ideal,4,1.0,922.9364395141602,932.4331283569336,3523.6270427703857,3590.315103530884
1,operator_deletion_filter_push_up,ideal,4,1.0,905.9717655181885,940.201997756958,3625.8068084716797,4039.278030395508
2,operator_deletion_filter_push_up,ideal,4,1.0,1010.5595588684082,1036.2470149993896,4353.809833526611,4066.4849281311035
3,operator_deletion_filter_push_up,ideal,4,1.0,956.7832946777344,958.2779407501221,3892.1327590942383,3825.1469135284424
4,operator_deletion_filter_push_up,ideal,4,1.0,997.2836971282959,1082.7388763427734,4215.900897979736,4559.613943099976
5,operator_deletion_filter_push_up,ideal,4,1.0,967.8590297698975,1084.6948623657227,3777.9269218444824,3696.87819480896
6,operator_deletion_filter_push_up,ideal,4,1.0,924.9119758605957,962.831974029541,3701.892852783203,3755.2149295806885
