repetition,optimization,scenario,variant_counts,scale_factors,original_pipeline,analysis_result_with_reuse_opt_rule,analysis_result_with_push_up_opt_rule,analysis_result_without_opt_rule,analysis_result_without_any_opt
0,udf_split_and_reuse,worst_constant,4,1.0,503.4794807434082,913.3830070495605,912.3010635375977,1327.7997970581055,2883.1238746643066
1,udf_split_and_reuse,worst_constant,4,1.0,493.23320388793945,877.985954284668,910.5401039123535,1279.6728610992432,2755.976915359497
2,udf_split_and_reuse,worst_constant,4,1.0,507.6477527618408,870.8410263061523,899.4438648223877,1279.6649932861328,2820.733070373535
3,udf_split_and_reuse,worst_constant,4,1.0,508.96334648132324,886.359691619873,905.4169654846191,1292.0749187469482,2784.4810485839844
4,udf_split_and_reuse,worst_constant,4,1.0,497.072696685791,876.4948844909668,893.5878276824951,1278.7120342254639,2766.7529582977295
5,udf_split_and_reuse,worst_constant,4,1.0,503.9191246032715,888.3028030395508,915.8720970153809,1295.233964920044,2749.269962310791
6,udf_split_and_reuse,worst_constant,4,1.0,495.1972961425781,868.9050674438477,893.0158615112305,1263.9100551605225,2774.3523120880127
