repetition,optimization,scenario,variant_counts,scale_factors,original_pipeline,analysis_result_with_reuse_opt_rule,analysis_result_with_push_up_opt_rule,analysis_result_without_opt_rule,analysis_result_without_any_opt
0,udf_split_and_reuse,worst_constant,2,1.0,437.90149688720703,721.3358879089355,719.7978496551514,779.137134552002,1184.6280097961426
1,udf_split_and_reuse,worst_constant,2,1.0,429.49485778808594,747.277021408081,720.782995223999,809.0448379516602,1192.30318069458
2,udf_split_and_reuse,worst_constant,2,1.0,438.3890628814697,737.7736568450928,714.3189907073975,801.7299175262451,1167.9821014404297
3,udf_split_and_reuse,worst_constant,2,1.0,447.894811630249,719.336986541748,748.1918334960938,810.7361793518066,1178.3301830291748
4,udf_split_and_reuse,worst_constant,2,1.0,458.0104351043701,728.1360626220703,724.5001792907715,846.6000556945801,1159.2981815338135
5,udf_split_and_reuse,worst_constant,2,1.0,447.41034507751465,724.1408824920654,794.1849231719971,902.3549556732178,1215.2090072631836
6,udf_split_and_reuse,worst_constant,2,1.0,450.88982582092285,733.1070899963379,750.2090930938721,781.8529605865479,1163.243055343628
