repetition,optimization,scenario,variant_counts,scale_factors,original_pipeline,analysis_result_with_opt,analysis_result_without_any_opt
0,common_subexpression_elimination,ideal,2,1.0,1271.090030670166,1279.0989875793457,2541.954755783081
1,common_subexpression_elimination,ideal,2,1.0,1041.348934173584,1162.208080291748,2099.5380878448486
2,common_subexpression_elimination,ideal,2,1.0,1001.9934177398682,1016.6268348693848,2008.8613033294678
3,common_subexpression_elimination,ideal,2,1.0,1186.718463897705,1176.0220527648926,2383.073091506958
4,common_subexpression_elimination,ideal,2,1.0,1192.9800510406494,1197.376012802124,2529.834985733032
5,common_subexpression_elimination,ideal,2,1.0,1071.204662322998,1066.4348602294922,2146.1358070373535
6,common_subexpression_elimination,ideal,2,1.0,1132.28178024292,1139.3327713012695,2246.6351985931396
