repetition,optimization,scenario,variant_counts,scale_factors,original_pipeline,analysis_result_with_reuse_opt_rule,analysis_result_with_push_up_opt_rule,analysis_result_without_opt_rule,analysis_result_without_any_opt
0,udf_split_and_reuse,worst_wo_safety,2,1.0,23.951053619384766,966.4781093597412,137.82572746276855,147.0930576324463,168.50996017456055
1,udf_split_and_reuse,worst_wo_safety,2,1.0,29.177188873291016,963.8898372650146,129.11677360534668,148.33378791809082,164.1371250152588
2,udf_split_and_reuse,worst_wo_safety,2,1.0,28.373003005981445,960.0741863250732,137.25519180297852,146.49510383605957,187.81399726867676
3,udf_split_and_reuse,worst_wo_safety,2,1.0,27.32563018798828,995.3689575195312,132.6122283935547,146.57282829284668,171.8597412109375
4,udf_split_and_reuse,worst_wo_safety,2,1.0,28.38730812072754,982.5930595397949,129.52089309692383,144.34099197387695,166.7499542236328
5,udf_split_and_reuse,worst_wo_safety,2,1.0,33.95867347717285,982.7671051025391,138.34905624389648,147.57823944091797,167.18006134033203
6,udf_split_and_reuse,worst_wo_safety,2,1.0,32.825469970703125,968.1370258331299,139.66679573059082,143.14889907836914,166.8832302093506
