repetition,optimization,scenario,variant_counts,scale_factors,original_pipeline,analysis_result_with_opt_rule,analysis_result_without_opt_rule,analysis_result_without_any_opt
0,operator_deletion_filter_push_up,average,4,1.0,554.1117191314697,701.0743618011475,1287.949800491333,2207.6175212860107
1,operator_deletion_filter_push_up,average,4,1.0,533.287525177002,692.30055809021,1271.564245223999,2190.14048576355
2,operator_deletion_filter_push_up,average,4,1.0,541.8024063110352,704.2958736419678,1301.450490951538,2242.077589035034
3,operator_deletion_filter_push_up,average,4,1.0,547.8558540344238,723.0234146118164,1324.392318725586,2251.6376972198486
4,operator_deletion_filter_push_up,average,4,1.0,572.2875595092773,743.6182498931885,1368.0484294891357,2252.9656887054443
5,operator_deletion_filter_push_up,average,4,1.0,569.4847106933594,745.471715927124,1347.0757007598877,2265.291213989258
6,operator_deletion_filter_push_up,average,4,1.0,551.9399642944336,719.2831039428711,1321.3119506835938,2238.828420639038
