repetition,optimization,scenario,variant_counts,data_size,original_pipeline,analysis_result_with_reuse_opt_rule,analysis_result_with_push_up_opt_rule,analysis_result_without_opt_rule,analysis_result_without_any_opt
0,udf_split_and_reuse,worst_wo_safety,4,100000,130.50508499145508,7051.93018913269,1584.8300457000732,1785.749912261963,2091.405153274536
1,udf_split_and_reuse,worst_wo_safety,4,100000,127.18319892883301,7044.229984283447,1528.5007953643799,1779.613733291626,2082.550048828125
2,udf_split_and_reuse,worst_wo_safety,4,100000,131.5157413482666,7175.131320953369,1555.607795715332,1786.0081195831299,2105.597972869873
3,udf_split_and_reuse,worst_wo_safety,4,100000,129.2269229888916,7051.100969314575,1552.0639419555664,1761.4631652832031,2093.1670665740967
4,udf_split_and_reuse,worst_wo_safety,4,100000,139.97387886047363,7034.387111663818,1616.786003112793,1785.3481769561768,2074.4190216064453
5,udf_split_and_reuse,worst_wo_safety,4,100000,127.67386436462402,7161.69810295105,1544.5899963378906,1783.4067344665527,2116.9471740722656
6,udf_split_and_reuse,worst_wo_safety,4,100000,126.56712532043457,7073.324918746948,1565.5889511108398,1771.1517810821533,2126.9381046295166
