repetition,optimization,scenario,variant_counts,scale_factors,original_pipeline,analysis_result_with_opt_rule,analysis_result_without_opt_rule,analysis_result_without_any_opt
0,filter_addition_push_up,average,4,1.5,808.5615634918213,1122.2503185272217,1888.3748054504395,3220.5958366394043
1,filter_addition_push_up,average,4,1.5,804.7194480895996,1111.952543258667,1874.1436004638672,3236.3104820251465
2,filter_addition_push_up,average,4,1.5,822.5641250610352,1137.4902725219727,1922.1508502960205,3237.361192703247
3,filter_addition_push_up,average,4,1.5,822.3991394042969,1131.2565803527832,1942.4374103546143,3249.056100845337
4,filter_addition_push_up,average,4,1.5,828.0825614929199,1134.7150802612305,1931.4618110656738,3241.9302463531494
5,filter_addition_push_up,average,4,1.5,844.318151473999,1134.0126991271973,1938.3223056793213,3243.117332458496
6,filter_addition_push_up,average,4,1.5,840.0683403015137,1141.970157623291,1958.4860801696777,3247.3654747009277
