repetition,optimization,scenario,variant_counts,data_size,original_pipeline,analysis_result_with_opt_rule,analysis_result_without_opt_rule,analysis_result_without_any_opt
0,filter_addition_push_up,average,2,5000,56.36858940124512,72.90005683898926,82.24892616271973,87.81814575195312
1,filter_addition_push_up,average,2,5000,38.52415084838867,71.49910926818848,93.77789497375488,104.82096672058105
2,filter_addition_push_up,average,2,5000,42.222023010253906,81.40182495117188,95.56794166564941,115.8447265625
3,filter_addition_push_up,average,2,5000,43.1971549987793,83.15420150756836,77.16703414916992,99.69401359558105
4,filter_addition_push_up,average,2,5000,38.861751556396484,74.13196563720703,97.2590446472168,123.13199043273926
5,filter_addition_push_up,average,2,5000,39.397239685058594,78.94325256347656,91.39299392700195,113.10005187988281
6,filter_addition_push_up,average,2,5000,49.570322036743164,79.97679710388184,88.43803405761719,84.90490913391113
