repetition,optimization,scenario,variant_counts,scale_factors,original_pipeline,analysis_result_with_opt,analysis_result_without_any_opt
0,common_subexpression_elimination,ideal,4,1.0,961.5902900695801,967.9043292999268,4014.909029006958
1,common_subexpression_elimination,ideal,4,1.0,954.0011882781982,934.0682029724121,3767.8768634796143
2,common_subexpression_elimination,ideal,4,1.0,1024.1122245788574,1026.7531871795654,4078.242540359497
3,common_subexpression_elimination,ideal,4,1.0,859.9038124084473,866.0469055175781,3628.70192527771
4,common_subexpression_elimination,ideal,4,1.0,860.6369495391846,870.4447746276855,3452.0881175994873
5,common_subexpression_elimination,ideal,4,1.0,864.2697334289551,854.9809455871582,3418.612241744995
6,common_subexpression_elimination,ideal,4,1.0,1020.3006267547607,1031.4223766326904,4328.855514526367
