repetition,optimization,scenario,variant_counts,scale_factors,original_pipeline,analysis_result_with_reuse_opt_rule,analysis_result_with_push_up_opt_rule,analysis_result_without_opt_rule,analysis_result_without_any_opt
0,udf_split_and_reuse,worst_w_safety,2,1.0,96.01855278015137,586.400032043457,578.0129432678223,630.4211616516113,703.6581039428711
1,udf_split_and_reuse,worst_w_safety,2,1.0,93.38068962097168,581.4721584320068,578.0532360076904,631.6261291503906,707.4871063232422
2,udf_split_and_reuse,worst_w_safety,2,1.0,96.06266021728516,579.585075378418,575.4296779632568,645.3282833099365,700.2840042114258
3,udf_split_and_reuse,worst_w_safety,2,1.0,100.34775733947754,589.0779495239258,560.9080791473389,645.6379890441895,722.4678993225098
4,udf_split_and_reuse,worst_w_safety,2,1.0,94.79928016662598,562.0119571685791,568.030834197998,611.9818687438965,655.4679870605469
5,udf_split_and_reuse,worst_w_safety,2,1.0,92.69213676452637,550.1220226287842,594.3753719329834,778.1591415405273,791.4450168609619
6,udf_split_and_reuse,worst_w_safety,2,1.0,91.13812446594238,596.0588455200195,560.3010654449463,654.853105545044,730.3049564361572
