repetition,optimization,scenario,variant_counts,scale_factors,original_pipeline,analysis_result_with_opt_rule,analysis_result_without_opt_rule,analysis_result_without_any_opt
0,filter_addition_push_up,average,8,1.0,560.4732036590576,1044.8756217956543,2391.9005393981934,4372.4236488342285
1,filter_addition_push_up,average,8,1.0,578.9916515350342,1041.7277812957764,2417.058229446411,4393.258571624756
2,filter_addition_push_up,average,8,1.0,598.0179309844971,1057.2233200073242,2435.0736141204834,4493.037462234497
3,filter_addition_push_up,average,8,1.0,576.4484405517578,1041.6617393493652,2364.9842739105225,4439.716815948486
4,filter_addition_push_up,average,8,1.0,570.930004119873,1043.4365272521973,2472.233772277832,4496.679782867432
5,filter_addition_push_up,average,8,1.0,590.9907817840576,1065.9565925598145,2470.4041481018066,4493.194818496704
6,filter_addition_push_up,average,8,1.0,590.2712345123291,1071.1297988891602,2492.030382156372,4504.191637039185
