repetition,optimization,scenario,variant_counts,data_size,original_pipeline,analysis_result_with_reuse_opt_rule,analysis_result_with_push_up_opt_rule,analysis_result_without_opt_rule,analysis_result_without_any_opt
0,udf_split_and_reuse,worst_w_safety,2,10000,19.94037628173828,104.08711433410645,101.36795043945312,117.59781837463379,138.65399360656738
1,udf_split_and_reuse,worst_w_safety,2,10000,22.429227828979492,99.0898609161377,96.80485725402832,108.16216468811035,125.14400482177734
2,udf_split_and_reuse,worst_w_safety,2,10000,20.846843719482422,102.83994674682617,98.56200218200684,116.37401580810547,126.87420845031738
3,udf_split_and_reuse,worst_w_safety,2,10000,21.97885513305664,108.48116874694824,102.28919982910156,108.91580581665039,134.80091094970703
4,udf_split_and_reuse,worst_w_safety,2,10000,20.725011825561523,103.48796844482422,98.09517860412598,110.66102981567383,126.36995315551758
5,udf_split_and_reuse,worst_w_safety,2,10000,23.589134216308594,123.56996536254883,130.10096549987793,139.2359733581543,140.6838893890381
6,udf_split_and_reuse,worst_w_safety,2,10000,20.871877670288086,98.47903251647949,99.4269847869873,112.75196075439453,139.82701301574707
