repetition,optimization,scenario,variant_counts,scale_factors,original_pipeline,analysis_result_with_opt_rule,analysis_result_without_opt_rule,analysis_result_without_any_opt
0,projection_push_up,average,4,2.5,1360.5725765228271,1789.0191078186035,3918.7772274017334,6046.766042709351
1,projection_push_up,average,4,2.5,1333.7311744689941,1797.9509830474854,4001.8138885498047,6057.0831298828125
2,projection_push_up,average,4,2.5,1368.8669204711914,1785.4158878326416,3948.004722595215,6031.36944770813
3,projection_push_up,average,4,2.5,1347.7015495300293,1769.7138786315918,3894.601345062256,6012.2971534729
4,projection_push_up,average,4,2.5,1341.3889408111572,1793.4043407440186,4217.130661010742,6148.880481719971
5,projection_push_up,average,4,2.5,1358.609914779663,1784.2836380004883,3983.6204051971436,6002.110242843628
6,projection_push_up,average,4,2.5,1356.475591659546,1803.516149520874,3980.942726135254,6062.158584594727
