repetition,optimization,scenario,variant_counts,data_size,original_pipeline,analysis_result_with_reuse_opt_rule,analysis_result_with_push_up_opt_rule,analysis_result_without_opt_rule,analysis_result_without_any_opt
0,udf_split_and_reuse,worst_w_safety,6,100000,124.87030029296875,2245.915174484253,2249.5832443237305,2639.9569511413574,3104.5641899108887
1,udf_split_and_reuse,worst_w_safety,6,100000,124.64785575866699,2189.661979675293,2204.4601440429688,2548.1631755828857,3056.1270713806152
2,udf_split_and_reuse,worst_w_safety,6,100000,128.6141872406006,2224.0688800811768,2195.124864578247,2593.425989151001,3091.170072555542
3,udf_split_and_reuse,worst_w_safety,6,100000,124.87936019897461,2262.5601291656494,2239.722967147827,2537.034034729004,3097.611904144287
4,udf_split_and_reuse,worst_w_safety,6,100000,126.10030174255371,2262.0339393615723,2218.716859817505,2542.0567989349365,3058.7940216064453
5,udf_split_and_reuse,worst_w_safety,6,100000,122.98798561096191,2263.3371353149414,2224.0710258483887,2535.8221530914307,3080.432891845703
6,udf_split_and_reuse,worst_w_safety,6,100000,123.30317497253418,2273.948907852173,2225.471019744873,2522.6171016693115,3083.303928375244
