repetition,optimization,scenario,variant_counts,data_size,original_pipeline,analysis_result_with_reuse_opt_rule,analysis_result_with_push_up_opt_rule,analysis_result_without_opt_rule,analysis_result_without_any_opt
0,udf_split_and_reuse,worst_constant,10,100000,107.46097564697266,418.28298568725586,307.9521656036377,879.7187805175781,1822.443962097168
1,udf_split_and_reuse,worst_constant,10,100000,119.76218223571777,393.7230110168457,447.1001625061035,636.2760066986084,2172.4798679351807
2,udf_split_and_reuse,worst_constant,10,100000,135.30421257019043,417.9401397705078,362.7498149871826,571.087121963501,1976.9492149353027
3,udf_split_and_reuse,worst_constant,10,100000,210.16550064086914,372.6317882537842,415.755033493042,721.3919162750244,1819.370985031128
4,udf_split_and_reuse,worst_constant,10,100000,108.69407653808594,274.1422653198242,290.0428771972656,549.4401454925537,1638.556957244873
5,udf_split_and_reuse,worst_constant,10,100000,112.50495910644531,285.04133224487305,332.503080368042,491.2681579589844,1493.3698177337646
6,udf_split_and_reuse,worst_constant,10,100000,114.42208290100098,306.7798614501953,333.812952041626,486.04607582092285,1493.4558868408203
