repetition,optimization,scenario,variant_counts,scale_factors,original_pipeline,analysis_result_with_opt_rule,analysis_result_without_opt_rule,analysis_result_without_any_opt
0,operator_deletion_filter_push_up,average,6,1.0,586.2865447998047,891.3929462432861,1817.2807693481445,3480.2494049072266
1,operator_deletion_filter_push_up,average,6,1.0,563.1999969482422,890.7690048217773,1868.2606220245361,3482.5966358184814
2,operator_deletion_filter_push_up,average,6,1.0,576.1995315551758,920.8083152770996,1878.772258758545,3554.2635917663574
3,operator_deletion_filter_push_up,average,6,1.0,589.146614074707,939.8610591888428,1924.452781677246,3565.981149673462
4,operator_deletion_filter_push_up,average,6,1.0,585.6742858886719,943.6323642730713,1904.8233032226562,3551.478624343872
5,operator_deletion_filter_push_up,average,6,1.0,593.7099456787109,911.2401008605957,1863.9769554138184,3522.3865509033203
6,operator_deletion_filter_push_up,average,6,1.0,579.5958042144775,943.3345794677734,1879.789113998413,3561.757802963257
