repetition,optimization,scenario,variant_counts,scale_factors,original_pipeline,analysis_result_with_reuse_opt_rule,analysis_result_with_push_up_opt_rule,analysis_result_without_opt_rule,analysis_result_without_any_opt
0,udf_split_and_reuse,worst_wo_safety,2,1.0,13.479232788085938,940.4861927032471,110.72635650634766,125.3213882446289,132.52878189086914
1,udf_split_and_reuse,worst_wo_safety,2,1.0,13.708829879760742,944.4365501403809,116.02640151977539,127.43377685546875,133.70203971862793
2,udf_split_and_reuse,worst_wo_safety,2,1.0,13.63682746887207,944.2119598388672,111.27567291259766,124.74799156188965,132.61866569519043
3,udf_split_and_reuse,worst_wo_safety,2,1.0,13.21864128112793,943.915843963623,110.53037643432617,124.52483177185059,131.08110427856445
4,udf_split_and_reuse,worst_wo_safety,2,1.0,13.259172439575195,934.2496395111084,110.35919189453125,124.71222877502441,132.14969635009766
5,udf_split_and_reuse,worst_wo_safety,2,1.0,13.83519172668457,947.6687908172607,111.5419864654541,125.1988410949707,132.3871612548828
6,udf_split_and_reuse,worst_wo_safety,2,1.0,13.567209243774414,938.3749961853027,110.79788208007812,125.09918212890625,131.52170181274414
