repetition,optimization,scenario,variant_counts,scale_factors,original_pipeline,analysis_result_with_opt_rule,analysis_result_without_opt_rule,analysis_result_without_any_opt
0,operator_deletion_filter_push_up,ideal,4,1.0,963.7880325317383,971.3685512542725,3721.557378768921,3704.4804096221924
1,operator_deletion_filter_push_up,ideal,4,1.0,929.4841289520264,983.8316440582275,3703.5462856292725,3970.4408645629883
2,operator_deletion_filter_push_up,ideal,4,1.0,925.7137775421143,973.6711978912354,3707.7200412750244,3733.055353164673
3,operator_deletion_filter_push_up,ideal,4,1.0,919.6586608886719,988.0378246307373,3681.2822818756104,3748.201608657837
4,operator_deletion_filter_push_up,ideal,4,1.0,944.6618556976318,970.8302021026611,3709.6779346466064,3754.2176246643066
5,operator_deletion_filter_push_up,ideal,4,1.0,927.947998046875,988.3456230163574,3752.308130264282,3780.818462371826
6,operator_deletion_filter_push_up,ideal,4,1.0,937.8373622894287,976.5162467956543,3744.457721710205,3798.459529876709
