repetition,optimization,scenario,variant_counts,scale_factors,original_pipeline,analysis_result_with_opt_rule,analysis_result_without_opt_rule,analysis_result_without_any_opt
0,operator_deletion_filter_push_up,average,4,1.0,706.4995765686035,983.3509922027588,1671.7050075531006,3003.08895111084
1,operator_deletion_filter_push_up,average,4,1.0,710.0825309753418,956.7668437957764,1706.9768905639648,3064.2850399017334
2,operator_deletion_filter_push_up,average,4,1.0,680.5465221405029,961.9038105010986,1718.0910110473633,3015.8121585845947
3,operator_deletion_filter_push_up,average,4,1.0,694.678783416748,965.6000137329102,1696.1820125579834,3031.482219696045
4,operator_deletion_filter_push_up,average,4,1.0,705.7647705078125,983.8447570800781,1696.7029571533203,3041.4912700653076
5,operator_deletion_filter_push_up,average,4,1.0,706.559419631958,968.5449600219727,1672.914981842041,2981.7419052124023
6,operator_deletion_filter_push_up,average,4,1.0,687.6916885375977,986.0539436340332,1675.903081893921,2991.3899898529053
