repetition,optimization,scenario,variant_counts,data_size,original_pipeline,analysis_result_with_opt_rule,analysis_result_without_opt_rule,analysis_result_without_any_opt
0,operator_deletion_filter_push_up,worst_safety_too_defensive,4,2000,834.2254161834717,6641.278028488159,6571.449041366577,6700.524806976318
1,operator_deletion_filter_push_up,worst_safety_too_defensive,4,2000,816.7431354522705,6527.12607383728,6446.274042129517,6514.734745025635
2,operator_deletion_filter_push_up,worst_safety_too_defensive,4,2000,858.9444160461426,6614.782094955444,6628.089904785156,6642.503023147583
3,operator_deletion_filter_push_up,worst_safety_too_defensive,4,2000,815.8843517303467,6584.938049316406,6736.4301681518555,6770.01690864563
4,operator_deletion_filter_push_up,worst_safety_too_defensive,4,2000,766.9174671173096,6404.000043869019,6424.600839614868,6477.1857261657715
5,operator_deletion_filter_push_up,worst_safety_too_defensive,4,2000,753.4222602844238,6429.83078956604,6354.8784255981445,6366.286277770996
6,operator_deletion_filter_push_up,worst_safety_too_defensive,4,2000,797.4779605865479,6490.8130168914795,6465.597867965698,6666.852712631226
