repetition,optimization,scenario,variant_counts,scale_factors,original_pipeline,analysis_result_with_opt_rule,analysis_result_without_opt_rule,analysis_result_without_any_opt
0,filter_addition_push_up,average,2,1.0,579.9121856689453,642.6365375518799,845.9658622741699,1136.857509613037
1,filter_addition_push_up,average,2,1.0,555.1023483276367,640.8448219299316,823.9278793334961,1128.6382675170898
2,filter_addition_push_up,average,2,1.0,555.485725402832,636.3701820373535,832.6168060302734,1126.6734600067139
3,filter_addition_push_up,average,2,1.0,553.8444519042969,645.7765102386475,869.0767288208008,1162.3280048370361
4,filter_addition_push_up,average,2,1.0,580.4882049560547,665.4164791107178,874.8884201049805,1168.6797142028809
5,filter_addition_push_up,average,2,1.0,580.2686214447021,660.2184772491455,875.2801418304443,1168.7026023864746
6,filter_addition_push_up,average,2,1.0,579.2355537414551,661.6353988647461,865.7033443450928,1167.5965785980225
