repetition,optimization,scenario,variant_counts,data_size,original_pipeline,analysis_result_with_opt_rule,analysis_result_without_opt_rule,analysis_result_without_any_opt
0,filter_addition_push_up,worst_w_original,6,5000,1427.870750427246,1401.2911319732666,1799.8778820037842,1822.5269317626953
1,filter_addition_push_up,worst_w_original,6,5000,1397.000789642334,1554.5940399169922,1661.7188453674316,1897.8521823883057
2,filter_addition_push_up,worst_w_original,6,5000,1458.0862522125244,1575.3650665283203,1909.796953201294,2200.793743133545
3,filter_addition_push_up,worst_w_original,6,5000,1273.5393047332764,1264.9710178375244,1438.033103942871,1638.7739181518555
4,filter_addition_push_up,worst_w_original,6,5000,1567.915678024292,1455.3616046905518,1777.26411819458,1945.3239440917969
5,filter_addition_push_up,worst_w_original,6,5000,1460.0293636322021,1347.6428985595703,1639.3589973449707,1855.132818222046
6,filter_addition_push_up,worst_w_original,6,5000,1525.4898071289062,1522.4313735961914,2176.934242248535,2234.830141067505
