repetition,optimization,scenario,variant_counts,data_size,original_pipeline,analysis_result_with_reuse_opt_rule,analysis_result_with_push_up_opt_rule,analysis_result_without_opt_rule,analysis_result_without_any_opt
0,udf_split_and_reuse,worst_wo_safety,8,100000,151.36027336120605,7622.3039627075195,3114.046096801758,3637.925863265991,4489.33482170105
1,udf_split_and_reuse,worst_wo_safety,8,100000,131.58202171325684,9419.442176818848,3293.1578159332275,3770.550012588501,4733.582973480225
2,udf_split_and_reuse,worst_wo_safety,8,100000,168.87950897216797,7917.281150817871,3340.593099594116,4148.1359004974365,4441.349029541016
3,udf_split_and_reuse,worst_wo_safety,8,100000,141.84856414794922,7343.472957611084,3053.550958633423,3532.3588848114014,4576.737880706787
4,udf_split_and_reuse,worst_wo_safety,8,100000,135.7283592224121,8827.147960662842,3534.317970275879,3794.99888420105,4699.163198471069
5,udf_split_and_reuse,worst_wo_safety,8,100000,155.14159202575684,8105.46612739563,3479.1476726531982,4222.64289855957,5162.605047225952
6,udf_split_and_reuse,worst_wo_safety,8,100000,137.05062866210938,8516.037940979004,3493.978261947632,3961.2722396850586,4762.143850326538
