repetition,optimization,scenario,variant_counts,scale_factors,original_pipeline,analysis_result_with_opt_rule,analysis_result_without_opt_rule,analysis_result_without_any_opt
0,filter_addition_push_up,ideal,4,1.0,994.2672252655029,1008.3978176116943,3784.4672203063965,4112.471103668213
1,filter_addition_push_up,ideal,4,1.0,954.331636428833,1049.7541427612305,3592.3309326171875,3729.47096824646
2,filter_addition_push_up,ideal,4,1.0,998.8985061645508,941.6887760162354,3712.0702266693115,3687.9000663757324
3,filter_addition_push_up,ideal,4,1.0,888.2870674133301,921.5359687805176,3558.1271648406982,3607.0830821990967
4,filter_addition_push_up,ideal,4,1.0,1106.6153049468994,1013.4000778198242,3856.9681644439697,3904.865026473999
5,filter_addition_push_up,ideal,4,1.0,1085.1645469665527,1022.2439765930176,3945.211887359619,4108.6859703063965
6,filter_addition_push_up,ideal,4,1.0,905.1241874694824,930.1459789276123,3567.286968231201,3667.8428649902344
