repetition,optimization,scenario,variant_counts,data_size,original_pipeline,analysis_result_with_opt_rule,analysis_result_without_opt_rule,analysis_result_without_any_opt
0,projection_push_up,average,6,100000,243.22247505187988,393.8610553741455,919.2156791687012,1778.9452075958252
1,projection_push_up,average,6,100000,235.0292205810547,364.9611473083496,890.8848762512207,1721.247911453247
2,projection_push_up,average,6,100000,235.3503704071045,377.62904167175293,911.6730690002441,1765.8281326293945
3,projection_push_up,average,6,100000,237.34211921691895,365.9636974334717,923.7520694732666,1771.7816829681396
4,projection_push_up,average,6,100000,240.56077003479004,383.3041191101074,1099.5821952819824,1775.4979133605957
5,projection_push_up,average,6,100000,237.67423629760742,376.56402587890625,924.5610237121582,1783.5628986358643
6,projection_push_up,average,6,100000,238.0974292755127,372.20215797424316,948.2591152191162,1763.6826038360596
