repetition,optimization,scenario,variant_counts,scale_factors,original_pipeline,analysis_result_with_reuse_opt_rule,analysis_result_with_push_up_opt_rule,analysis_result_without_opt_rule,analysis_result_without_any_opt
0,udf_split_and_reuse,average,4,3.0,1483.4344387054443,1935.4591369628906,2103.5866737365723,4703.8726806640625,6842.892408370972
1,udf_split_and_reuse,average,4,3.0,1469.4483280181885,1907.4833393096924,2063.323736190796,4598.671674728394,6761.862277984619
2,udf_split_and_reuse,average,4,3.0,1465.4796123504639,1898.172378540039,2054.8737049102783,4522.32813835144,6758.8958740234375
3,udf_split_and_reuse,average,4,3.0,1481.0349941253662,1903.6757946014404,2070.8422660827637,4527.426481246948,6733.237743377686
4,udf_split_and_reuse,average,4,3.0,1455.350637435913,1916.44287109375,2073.784589767456,4584.962844848633,6741.344928741455
5,udf_split_and_reuse,average,4,3.0,1469.024896621704,1918.9279079437256,2070.3961849212646,4578.953504562378,6760.655403137207
6,udf_split_and_reuse,average,4,3.0,1488.3198738098145,1932.417392730713,2083.2204818725586,4547.815561294556,6755.356311798096
