repetition,optimization,scenario,variant_counts,scale_factors,original_pipeline,analysis_result_with_reuse_opt_rule,analysis_result_with_push_up_opt_rule,analysis_result_without_opt_rule,analysis_result_without_any_opt
0,udf_split_and_reuse,average,4,1.0,312.46352195739746,911.5288257598877,964.8137092590332,1105.107069015503,1422.9648113250732
1,udf_split_and_reuse,average,4,1.0,311.4585876464844,913.5401248931885,967.0078754425049,1114.7940158843994,1425.394058227539
2,udf_split_and_reuse,average,4,1.0,312.79444694519043,924.7150421142578,974.4420051574707,1098.0808734893799,1431.5509796142578
3,udf_split_and_reuse,average,4,1.0,311.0313415527344,945.7499980926514,1036.2279415130615,1167.7100658416748,1466.4669036865234
4,udf_split_and_reuse,average,4,1.0,339.68639373779297,1000.6921291351318,1025.2318382263184,1127.8610229492188,1483.4709167480469
5,udf_split_and_reuse,average,4,1.0,329.78081703186035,965.9018516540527,1045.2840328216553,1208.8279724121094,1563.1129741668701
6,udf_split_and_reuse,average,4,1.0,321.64955139160156,937.2260570526123,995.3420162200928,1126.6438961029053,1402.3890495300293
