repetition,optimization,scenario,variant_counts,data_size,original_pipeline,analysis_result_with_opt_rule,analysis_result_without_opt_rule,analysis_result_without_any_opt
0,projection_push_up,average,4,100000,253.46112251281738,346.2848663330078,665.9679412841797,1174.3929386138916
1,projection_push_up,average,4,100000,238.7537956237793,351.9752025604248,666.306734085083,1214.3890857696533
2,projection_push_up,average,4,100000,242.82550811767578,333.7368965148926,690.850019454956,1202.3937702178955
3,projection_push_up,average,4,100000,240.9369945526123,337.42713928222656,670.3207492828369,1184.5951080322266
4,projection_push_up,average,4,100000,239.2444610595703,357.6381206512451,679.1360378265381,1218.184232711792
5,projection_push_up,average,4,100000,239.20631408691406,340.5461311340332,676.2728691101074,1178.189992904663
6,projection_push_up,average,4,100000,243.19052696228027,339.6270275115967,683.0101013183594,1178.3721446990967
