repetition,optimization,scenario,variant_counts,scale_factors,original_pipeline,analysis_result_with_opt_rule,analysis_result_without_opt_rule,analysis_result_without_any_opt
0,projection_push_up,ideal,4,2.5,5433.6981773376465,5679.29482460022,20469.156980514526,21125.405073165894
1,projection_push_up,ideal,4,2.5,6111.114263534546,5903.06282043457,23329.481601715088,23832.08727836609
2,projection_push_up,ideal,4,2.5,5593.799352645874,5402.157545089722,21206.95972442627,21772.961378097534
3,projection_push_up,ideal,4,2.5,5846.0259437561035,5594.7511196136475,22361.393928527832,22759.466648101807
4,projection_push_up,ideal,4,2.5,5291.706800460815,5115.8740520477295,20385.00428199768,20447.40915298462
5,projection_push_up,ideal,4,2.5,5817.79408454895,5802.952289581299,23555.29475212097,23842.56935119629
6,projection_push_up,ideal,4,2.5,5179.033041000366,5226.454257965088,20990.75698852539,21133.713006973267
