repetition,optimization,scenario,variant_counts,scale_factors,original_pipeline,analysis_result_with_opt_rule,analysis_result_without_opt_rule,analysis_result_without_any_opt
0,projection_push_up,ideal,6,1.0,891.0584449768066,930.2213191986084,5414.297342300415,5160.913467407227
1,projection_push_up,ideal,6,1.0,900.7968902587891,920.4795360565186,5309.2310428619385,5442.219018936157
2,projection_push_up,ideal,6,1.0,965.3432369232178,988.0268573760986,5923.158168792725,5838.842868804932
3,projection_push_up,ideal,6,1.0,864.4154071807861,891.1590576171875,5122.1606731414795,5444.172143936157
4,projection_push_up,ideal,6,1.0,911.07177734375,941.8351650238037,5368.819713592529,5533.113956451416
5,projection_push_up,ideal,6,1.0,810.9574317932129,843.7607288360596,4975.2490520477295,4960.509300231934
6,projection_push_up,ideal,6,1.0,870.8009719848633,897.6776599884033,5163.335084915161,5356.339931488037
