repetition,optimization,scenario,variant_counts,scale_factors,original_pipeline,analysis_result_with_reuse_opt_rule,analysis_result_with_push_up_opt_rule,analysis_result_without_opt_rule,analysis_result_without_any_opt
0,udf_split_and_reuse,worst_wo_safety,10,1.0,13.474702835083008,957.2429656982422,494.80605125427246,588.9995098114014,660.8624458312988
1,udf_split_and_reuse,worst_wo_safety,10,1.0,13.471841812133789,954.0352821350098,494.382381439209,593.6527252197266,657.5264930725098
2,udf_split_and_reuse,worst_wo_safety,10,1.0,13.083934783935547,950.5443572998047,493.24822425842285,585.9212875366211,657.9737663269043
3,udf_split_and_reuse,worst_wo_safety,10,1.0,13.190269470214844,955.894947052002,496.9019889831543,591.6662216186523,665.6913757324219
4,udf_split_and_reuse,worst_wo_safety,10,1.0,14.789581298828125,953.6213874816895,496.9439506530762,587.4283313751221,662.1084213256836
5,udf_split_and_reuse,worst_wo_safety,10,1.0,13.421297073364258,957.4699401855469,495.78142166137695,591.6380882263184,655.3890705108643
6,udf_split_and_reuse,worst_wo_safety,10,1.0,13.449430465698242,964.0564918518066,498.08597564697266,590.7638072967529,655.3723812103271
