repetition,optimization,scenario,variant_counts,scale_factors,original_pipeline,analysis_result_with_reuse_opt_rule,analysis_result_with_push_up_opt_rule,analysis_result_without_opt_rule,analysis_result_without_any_opt
0,udf_split_and_reuse,worst_w_safety,2,1.0,41.558265686035156,471.4469909667969,467.9875373840332,520.9047794342041,542.9158210754395
1,udf_split_and_reuse,worst_w_safety,2,1.0,41.210174560546875,474.20573234558105,473.3407497406006,526.322603225708,550.1067638397217
2,udf_split_and_reuse,worst_w_safety,2,1.0,41.329383850097656,467.3645496368408,466.46904945373535,520.9071636199951,546.983003616333
3,udf_split_and_reuse,worst_w_safety,2,1.0,41.45026206970215,479.5525074005127,476.47690773010254,527.1475315093994,550.1062870025635
4,udf_split_and_reuse,worst_w_safety,2,1.0,40.3289794921875,466.7842388153076,467.9384231567383,519.3355083465576,542.1483516693115
5,udf_split_and_reuse,worst_w_safety,2,1.0,40.57455062866211,474.5643138885498,474.26462173461914,526.2901782989502,549.290657043457
6,udf_split_and_reuse,worst_w_safety,2,1.0,40.36998748779297,468.37449073791504,470.96753120422363,521.8579769134521,545.0608730316162
