repetition,optimization,scenario,variant_counts,scale_factors,original_pipeline,analysis_result_with_opt_rule,analysis_result_without_opt_rule,analysis_result_without_any_opt
0,filter_addition_push_up,worst_wo_original,4,1.0,954.3993473052979,951.1339664459229,255.03778457641602,277.0230770111084
1,filter_addition_push_up,worst_wo_original,4,1.0,945.3649520874023,952.5880813598633,298.0830669403076,311.49911880493164
2,filter_addition_push_up,worst_wo_original,4,1.0,960.0241184234619,954.1921615600586,229.45189476013184,242.84696578979492
3,filter_addition_push_up,worst_wo_original,4,1.0,940.2773380279541,938.4448528289795,238.42787742614746,251.4820098876953
4,filter_addition_push_up,worst_wo_original,4,1.0,956.0282230377197,1080.9369087219238,258.8610649108887,273.91791343688965
5,filter_addition_push_up,worst_wo_original,4,1.0,934.6847534179688,944.7121620178223,242.8877353668213,252.35414505004883
6,filter_addition_push_up,worst_wo_original,4,1.0,932.530403137207,946.8119144439697,246.4900016784668,265.0449275970459
