repetition,optimization,scenario,variant_counts,scale_factors,original_pipeline,analysis_result_with_opt_rule,analysis_result_without_opt_rule,analysis_result_without_any_opt
0,projection_push_up,ideal,2,1.0,897.9611396789551,904.428243637085,1731.5771579742432,1869.4353103637695
1,projection_push_up,ideal,2,1.0,737.6220226287842,754.9018859863281,1451.4548778533936,1490.9131526947021
2,projection_push_up,ideal,2,1.0,777.1377563476562,758.4528923034668,1495.2466487884521,1513.2851600646973
3,projection_push_up,ideal,2,1.0,857.7110767364502,829.784631729126,1678.095817565918,1772.4459171295166
4,projection_push_up,ideal,2,1.0,1161.2672805786133,1097.7458953857422,2210.394859313965,2460.7338905334473
5,projection_push_up,ideal,2,1.0,977.494478225708,1222.240924835205,2092.97776222229,1699.7308731079102
6,projection_push_up,ideal,2,1.0,840.6124114990234,894.766092300415,2329.6449184417725,2042.6890850067139
