repetition,optimization,scenario,variant_counts,scale_factors,original_pipeline,analysis_result_with_opt_rule,analysis_result_without_opt_rule,analysis_result_without_any_opt
0,projection_push_up,ideal,4,0.5,204.1912078857422,211.56668663024902,779.8442840576172,812.1600151062012
1,projection_push_up,ideal,4,0.5,230.06415367126465,243.44587326049805,885.1110935211182,919.511079788208
2,projection_push_up,ideal,4,0.5,195.90187072753906,197.2370147705078,694.9732303619385,747.0090389251709
3,projection_push_up,ideal,4,0.5,229.5382022857666,242.19489097595215,876.7659664154053,951.39479637146
4,projection_push_up,ideal,4,0.5,232.8040599822998,248.42095375061035,871.4470863342285,978.6419868469238
5,projection_push_up,ideal,4,0.5,250.49948692321777,257.6489448547363,953.4790515899658,979.8860549926758
6,projection_push_up,ideal,4,0.5,264.4307613372803,271.4650630950928,987.6201152801514,1036.194086074829
