repetition,optimization,scenario,variant_counts,data_size,analysis_result_with_reuse_opt_rule,analysis_result_with_push_up_opt_rule,analysis_result_without_opt_rule,analysis_result_without_any_opt
0,udf_split_and_reuse,average,10,200000,1339.0541076660156,1167.125940322876,3446.9430446624756,6719.911813735962
1,udf_split_and_reuse,average,10,200000,916.0749912261963,1044.015884399414,3324.8162269592285,6501.4989376068115
2,udf_split_and_reuse,average,10,200000,960.8638286590576,1089.066982269287,3361.812114715576,6665.953636169434
3,udf_split_and_reuse,average,10,200000,922.4541187286377,1031.9087505340576,3375.9469985961914,6607.810020446777
4,udf_split_and_reuse,average,10,200000,941.0998821258545,1043.9817905426025,3375.394821166992,6524.200916290283
5,udf_split_and_reuse,average,10,200000,938.0779266357422,1031.8799018859863,3474.50590133667,6481.175899505615
6,udf_split_and_reuse,average,10,200000,933.9461326599121,1047.5859642028809,3361.743927001953,6468.665838241577
