repetition,optimization,scenario,variant_counts,data_size,original_pipeline,analysis_result_with_opt_rule,analysis_result_without_opt_rule,analysis_result_without_any_opt
0,filter_addition_push_up,ideal,8,5000,1752.403974533081,1624.405860900879,12312.52908706665,13393.468141555786
1,filter_addition_push_up,ideal,8,5000,1588.3679389953613,1771.981954574585,13185.295104980469,12143.285989761353
2,filter_addition_push_up,ideal,8,5000,1416.8715476989746,1462.3050689697266,10836.467981338501,11541.081190109253
3,filter_addition_push_up,ideal,8,5000,1642.6770687103271,1854.5947074890137,13728.630065917969,12280.499935150146
4,filter_addition_push_up,ideal,8,5000,1379.4889450073242,1492.203950881958,11080.491065979004,12536.596775054932
5,filter_addition_push_up,ideal,8,5000,1644.380807876587,1890.3920650482178,14446.468830108643,15507.393836975098
6,filter_addition_push_up,ideal,8,5000,1848.315954208374,1891.084909439087,12422.332763671875,13752.173900604248
