repetition,optimization,scenario,variant_counts,scale_factors,original_pipeline,analysis_result_with_reuse_opt_rule,analysis_result_with_push_up_opt_rule,analysis_result_without_opt_rule,analysis_result_without_any_opt
0,udf_split_and_reuse,worst_w_safety,4,1.0,57.12437629699707,950.8981704711914,949.8782157897949,1076.9908428192139,1174.3407249450684
1,udf_split_and_reuse,worst_w_safety,4,1.0,57.07120895385742,952.8141021728516,954.7598361968994,1073.1258392333984,1203.131914138794
2,udf_split_and_reuse,worst_w_safety,4,1.0,54.32534217834473,944.3042278289795,943.4618949890137,1100.5609035491943,1192.0149326324463
3,udf_split_and_reuse,worst_w_safety,4,1.0,58.389902114868164,953.2828330993652,947.8042125701904,1070.9168910980225,1187.542200088501
4,udf_split_and_reuse,worst_w_safety,4,1.0,56.49757385253906,962.1808528900146,947.0009803771973,1075.0210285186768,1195.2810287475586
5,udf_split_and_reuse,worst_w_safety,4,1.0,57.7237606048584,974.7178554534912,952.4800777435303,1069.3609714508057,1176.1820316314697
6,udf_split_and_reuse,worst_w_safety,4,1.0,55.640220642089844,974.6308326721191,947.1960067749023,1073.646068572998,1192.1138763427734
