repetition,optimization,scenario,variant_counts,scale_factors,original_pipeline,analysis_result_with_opt,analysis_result_without_any_opt
0,common_subexpression_elimination,worst,4,1.5,1047.3315715789795,1376.6958713531494,4015.7978534698486
1,common_subexpression_elimination,worst,4,1.5,1032.5562953948975,1485.6550693511963,4217.343330383301
2,common_subexpression_elimination,worst,4,1.5,920.7417964935303,1403.7129878997803,4128.155946731567
3,common_subexpression_elimination,worst,4,1.5,967.6003456115723,1529.4008255004883,4234.278202056885
4,common_subexpression_elimination,worst,4,1.5,940.9451484680176,1360.1291179656982,3878.523111343384
5,common_subexpression_elimination,worst,4,1.5,1028.7206172943115,1499.8631477355957,4232.007026672363
6,common_subexpression_elimination,worst,4,1.5,1036.3118648529053,1486.9601726531982,3852.379083633423
