repetition,optimization,scenario,variant_counts,scale_factors,original_pipeline,analysis_result_with_reuse_opt_rule,analysis_result_with_push_up_opt_rule,analysis_result_without_opt_rule,analysis_result_without_any_opt
0,udf_split_and_reuse,worst_wo_safety,4,0.5,26.008129119873047,563.3559226989746,140.57207107543945,194.24986839294434,223.15406799316406
1,udf_split_and_reuse,worst_wo_safety,4,0.5,24.494647979736328,598.740816116333,157.8660011291504,188.72404098510742,207.99589157104492
2,udf_split_and_reuse,worst_wo_safety,4,0.5,25.223493576049805,567.8141117095947,146.92282676696777,176.4810085296631,229.67982292175293
3,udf_split_and_reuse,worst_wo_safety,4,0.5,25.246858596801758,562.3869895935059,166.93615913391113,193.8631534576416,214.21098709106445
4,udf_split_and_reuse,worst_wo_safety,4,0.5,23.858308792114258,561.2280368804932,158.26916694641113,237.01810836791992,261.455774307251
5,udf_split_and_reuse,worst_wo_safety,4,0.5,36.353349685668945,671.7929840087891,175.81915855407715,175.18901824951172,213.5298252105713
6,udf_split_and_reuse,worst_wo_safety,4,0.5,24.307727813720703,547.6551055908203,196.84886932373047,360.37564277648926,212.07308769226074
