repetition,optimization,scenario,variant_counts,scale_factors,original_pipeline,analysis_result_with_opt_rule,analysis_result_without_opt_rule,analysis_result_without_any_opt
0,projection_push_up,worst,4,1.5,826.8365859985352,1647.7410793304443,2186.739921569824,4545.265197753906
1,projection_push_up,worst,4,1.5,817.3062801361084,1641.1159038543701,2217.4761295318604,4547.483921051025
2,projection_push_up,worst,4,1.5,813.8523101806641,1641.4189338684082,2209.61594581604,4572.161912918091
3,projection_push_up,worst,4,1.5,806.4630031585693,1641.2391662597656,2184.640884399414,4558.149099349976
4,projection_push_up,worst,4,1.5,809.6194267272949,1652.1070003509521,2191.150188446045,4532.037019729614
5,projection_push_up,worst,4,1.5,804.0351867675781,1638.5180950164795,2183.4840774536133,4538.642168045044
6,projection_push_up,worst,4,1.5,798.6102104187012,1637.1738910675049,2177.5169372558594,4565.4473304748535
