repetition,optimization,scenario,variant_counts,data_size,analysis_result_with_reuse_opt_rule,analysis_result_with_push_up_opt_rule,analysis_result_without_opt_rule,analysis_result_without_any_opt
0,udf_split_and_reuse,worst_w_safety,5,1000,41.216135025024414,39.09707069396973,58.374881744384766,74.33009147644043
1,udf_split_and_reuse,worst_w_safety,5,1000,38.99025917053223,38.99717330932617,58.53009223937988,71.93303108215332
2,udf_split_and_reuse,worst_w_safety,5,1000,39.22390937805176,39.46399688720703,57.7390193939209,73.47488403320312
3,udf_split_and_reuse,worst_w_safety,5,1000,39.724111557006836,38.68389129638672,57.830095291137695,72.34883308410645
4,udf_split_and_reuse,worst_w_safety,5,1000,39.46685791015625,38.70081901550293,57.582855224609375,72.90887832641602
5,udf_split_and_reuse,worst_w_safety,5,1000,38.47503662109375,38.919925689697266,58.79092216491699,72.10373878479004
6,udf_split_and_reuse,worst_w_safety,5,1000,38.99502754211426,39.270877838134766,66.5898323059082,72.88312911987305
