repetition,optimization,scenario,variant_counts,data_size,original_pipeline,analysis_result_with_reuse_opt_rule,analysis_result_with_push_up_opt_rule,analysis_result_without_opt_rule,analysis_result_without_any_opt
0,udf_split_and_reuse,average,4,10000,45.7763671875,72.72696495056152,72.76487350463867,123.35896492004395,248.92902374267578
1,udf_split_and_reuse,average,4,10000,39.94250297546387,71.65813446044922,94.67792510986328,145.02310752868652,198.67491722106934
2,udf_split_and_reuse,average,4,10000,40.613412857055664,74.56707954406738,80.26814460754395,124.46975708007812,215.0442600250244
3,udf_split_and_reuse,average,4,10000,44.86227035522461,76.42579078674316,96.77815437316895,128.92484664916992,192.8579807281494
4,udf_split_and_reuse,average,4,10000,40.88902473449707,73.00400733947754,81.45618438720703,159.55710411071777,246.28710746765137
5,udf_split_and_reuse,average,4,10000,46.91481590270996,77.11100578308105,78.53102684020996,130.65195083618164,225.91280937194824
6,udf_split_and_reuse,average,4,10000,40.383338928222656,80.65199851989746,82.55982398986816,123.34179878234863,186.70892715454102
