repetition,optimization,scenario,variant_counts,scale_factors,original_pipeline,analysis_result_with_opt_rule,analysis_result_without_opt_rule,analysis_result_without_any_opt
0,filter_addition_push_up,ideal,4,0.5,227.97584533691406,230.95297813415527,805.2282333374023,861.5329265594482
1,filter_addition_push_up,ideal,4,0.5,242.7084445953369,241.08099937438965,861.4587783813477,1061.103105545044
2,filter_addition_push_up,ideal,4,0.5,263.1056308746338,260.86974143981934,945.9278583526611,1013.953685760498
3,filter_addition_push_up,ideal,4,0.5,278.6068916320801,287.74189949035645,1009.4339847564697,1080.7089805603027
4,filter_addition_push_up,ideal,4,0.5,259.4778537750244,252.8817653656006,951.5666961669922,1084.4168663024902
5,filter_addition_push_up,ideal,4,0.5,308.9275360107422,284.822940826416,1026.5049934387207,1080.1763534545898
6,filter_addition_push_up,ideal,4,0.5,275.0430107116699,308.9327812194824,1026.1402130126953,1164.6199226379395
