repetition,optimization,scenario,variant_counts,data_size,original_pipeline,analysis_result_with_opt_rule,analysis_result_without_opt_rule,analysis_result_without_any_opt
0,filter_addition_push_up,ideal,10,2000,265.286922454834,284.7731113433838,2165.4739379882812,2260.5578899383545
1,filter_addition_push_up,ideal,10,2000,259.55653190612793,268.3520317077637,2213.905096054077,2527.2538661956787
2,filter_addition_push_up,ideal,10,2000,328.3722400665283,307.0101737976074,2808.55393409729,3178.661823272705
3,filter_addition_push_up,ideal,10,2000,276.20744705200195,301.2807369232178,2674.454689025879,2611.531972885132
4,filter_addition_push_up,ideal,10,2000,429.37397956848145,316.68901443481445,2495.1157569885254,2817.234992980957
5,filter_addition_push_up,ideal,10,2000,310.27960777282715,384.4437599182129,2260.64395904541,2333.9309692382812
6,filter_addition_push_up,ideal,10,2000,260.18691062927246,313.64917755126953,2621.394157409668,2758.56614112854
