repetition,optimization,scenario,variant_counts,scale_factors,original_pipeline,analysis_result_with_opt_rule,analysis_result_without_opt_rule,analysis_result_without_any_opt
0,filter_addition_push_up,average,4,0.5,371.0980415344238,528.6290645599365,811.4869594573975,1524.8939990997314
1,filter_addition_push_up,average,4,0.5,349.23553466796875,512.6128196716309,807.0008754730225,1484.7872257232666
2,filter_addition_push_up,average,4,0.5,355.57079315185547,519.1009044647217,794.1277027130127,1503.5099983215332
3,filter_addition_push_up,average,4,0.5,352.5433540344238,502.35915184020996,793.4391498565674,1509.329080581665
4,filter_addition_push_up,average,4,0.5,353.7163734436035,507.5669288635254,832.1149349212646,1508.5339546203613
5,filter_addition_push_up,average,4,0.5,360.2871894836426,519.8159217834473,820.713996887207,1519.3119049072266
6,filter_addition_push_up,average,4,0.5,357.88607597351074,518.9199447631836,828.9322853088379,1557.183027267456
