repetition,optimization,scenario,variant_counts,scale_factors,original_pipeline,analysis_result_with_opt,analysis_result_without_any_opt
0,common_subexpression_elimination,ideal,4,0.5,250.26535987854004,233.40964317321777,931.1130046844482
1,common_subexpression_elimination,ideal,4,0.5,246.45733833312988,239.10927772521973,963.9291763305664
2,common_subexpression_elimination,ideal,4,0.5,213.32263946533203,349.52688217163086,814.5232200622559
3,common_subexpression_elimination,ideal,4,0.5,239.40730094909668,262.4778747558594,924.3900775909424
4,common_subexpression_elimination,ideal,4,0.5,259.48071479797363,249.38201904296875,988.6200428009033
5,common_subexpression_elimination,ideal,4,0.5,251.90162658691406,244.71402168273926,970.815896987915
6,common_subexpression_elimination,ideal,4,0.5,224.84564781188965,220.77298164367676,869.1072463989258
