repetition,optimization,scenario,variant_counts,scale_factors,original_pipeline,analysis_result_with_opt_rule,analysis_result_without_opt_rule,analysis_result_without_any_opt
0,operator_deletion_filter_push_up,ideal,4,0.5,249.3898868560791,261.9588375091553,936.2397193908691,964.8041725158691
1,operator_deletion_filter_push_up,ideal,4,0.5,237.05744743347168,276.19004249572754,946.0170269012451,957.3800563812256
2,operator_deletion_filter_push_up,ideal,4,0.5,242.46597290039062,254.4848918914795,925.541877746582,950.3319263458252
3,operator_deletion_filter_push_up,ideal,4,0.5,248.6734390258789,252.5031566619873,912.4269485473633,990.070104598999
4,operator_deletion_filter_push_up,ideal,4,0.5,261.71112060546875,255.16915321350098,928.8408756256104,965.062141418457
5,operator_deletion_filter_push_up,ideal,4,0.5,233.5188388824463,251.70111656188965,927.6039600372314,943.3801174163818
6,operator_deletion_filter_push_up,ideal,4,0.5,241.18614196777344,254.66299057006836,927.638053894043,950.1440525054932
