repetition,optimization,scenario,variant_counts,data_size,original_pipeline,analysis_result_with_opt_rule,analysis_result_without_opt_rule,analysis_result_without_any_opt
0,projection_push_up,worst,10,100000,159.15584564208984,410.05802154541016,642.341136932373,2055.2310943603516
1,projection_push_up,worst,10,100000,187.30854988098145,480.1669120788574,976.917028427124,2348.482131958008
2,projection_push_up,worst,10,100000,126.34968757629395,405.8229923248291,632.716178894043,1839.4570350646973
3,projection_push_up,worst,10,100000,113.30485343933105,447.47281074523926,639.301061630249,2274.9388217926025
4,projection_push_up,worst,10,100000,211.73787117004395,573.8799571990967,724.2741584777832,1992.4988746643066
5,projection_push_up,worst,10,100000,179.8875331878662,439.27931785583496,594.8867797851562,1615.4019832611084
6,projection_push_up,worst,10,100000,120.52726745605469,460.14404296875,512.6931667327881,1559.689998626709
