repetition,optimization,scenario,variant_counts,scale_factors,original_pipeline,analysis_result_with_opt_rule,analysis_result_without_opt_rule,analysis_result_without_any_opt
0,filter_addition_push_up,worst_wo_original,10,1.0,1037.0755195617676,1011.9383335113525,516.8070793151855,571.4397430419922
1,filter_addition_push_up,worst_wo_original,10,1.0,993.6313629150391,1001.3961791992188,656.0733318328857,708.4531784057617
2,filter_addition_push_up,worst_wo_original,10,1.0,1003.2467842102051,1002.4597644805908,710.8206748962402,764.0471458435059
3,filter_addition_push_up,worst_wo_original,10,1.0,994.0426349639893,998.4738826751709,634.1607570648193,684.0877532958984
4,filter_addition_push_up,worst_wo_original,10,1.0,997.3890781402588,1008.6627006530762,687.8581047058105,733.830451965332
5,filter_addition_push_up,worst_wo_original,10,1.0,987.3142242431641,998.2337951660156,492.8762912750244,542.1314239501953
6,filter_addition_push_up,worst_wo_original,10,1.0,986.3507747650146,1002.3703575134277,686.6841316223145,739.811897277832
