repetition,optimization,scenario,variant_counts,scale_factors,original_pipeline,analysis_result_with_reuse_opt_rule,analysis_result_with_push_up_opt_rule,analysis_result_without_opt_rule,analysis_result_without_any_opt
0,udf_split_and_reuse,average,4,1.5,1150.2954959869385,1521.2619304656982,1605.7689189910889,3384.284257888794,5483.340740203857
1,udf_split_and_reuse,average,4,1.5,1151.5331268310547,1510.2708339691162,1590.9521579742432,3339.1618728637695,5486.662864685059
2,udf_split_and_reuse,average,4,1.5,1142.9579257965088,1508.2049369812012,1622.5528717041016,3354.4201850891113,5651.900768280029
3,udf_split_and_reuse,average,4,1.5,1198.1089115142822,1982.4659824371338,1814.8951530456543,3795.657157897949,5820.718765258789
4,udf_split_and_reuse,average,4,1.5,1163.193702697754,1528.0630588531494,1621.6399669647217,3395.1427936553955,5584.3141078948975
5,udf_split_and_reuse,average,4,1.5,1139.841079711914,1559.7550868988037,1621.5009689331055,3365.0009632110596,5503.501892089844
6,udf_split_and_reuse,average,4,1.5,1149.963140487671,1512.0580196380615,1596.4601039886475,3345.000982284546,5524.430990219116
