repetition,optimization,scenario,variant_counts,scale_factors,original_pipeline,analysis_result_with_opt_rule,analysis_result_without_opt_rule,analysis_result_without_any_opt
0,filter_addition_push_up,worst_wo_original,4,1.0,932.985782623291,1023.1931209564209,148.2369899749756,423.82311820983887
1,filter_addition_push_up,worst_wo_original,4,1.0,975.1725196838379,1146.7108726501465,360.6700897216797,517.6138877868652
2,filter_addition_push_up,worst_wo_original,4,1.0,1215.3270244598389,1153.8898944854736,481.7540645599365,662.9979610443115
3,filter_addition_push_up,worst_wo_original,4,1.0,1112.6062870025635,1455.5461406707764,260.8308792114258,395.27082443237305
4,filter_addition_push_up,worst_wo_original,4,1.0,1197.932481765747,1360.1219654083252,210.53791046142578,376.04403495788574
5,filter_addition_push_up,worst_wo_original,4,1.0,1017.0550346374512,958.4219455718994,268.85485649108887,425.5337715148926
6,filter_addition_push_up,worst_wo_original,4,1.0,1126.621961593628,1174.8368740081787,327.64172554016113,323.3320713043213
