repetition,optimization,scenario,variant_counts,data_size,analysis_result_with_opt_rule,analysis_result_without_opt_rule,analysis_result_without_any_opt
0,operator_deletion_filter_push_up,ideal,10,1000,1201.5891075134277,10138.903141021729,10659.735918045044
1,operator_deletion_filter_push_up,ideal,10,1000,1394.2711353302002,10894.18888092041,10425.970077514648
2,operator_deletion_filter_push_up,ideal,10,1000,1203.4611701965332,9520.65110206604,9569.096803665161
3,operator_deletion_filter_push_up,ideal,10,1000,1098.6790657043457,9445.252180099487,9404.666185379028
4,operator_deletion_filter_push_up,ideal,10,1000,1098.2999801635742,9169.871091842651,9265.145301818848
5,operator_deletion_filter_push_up,ideal,10,1000,1106.3807010650635,9151.506900787354,9411.214113235474
6,operator_deletion_filter_push_up,ideal,10,1000,1086.77077293396,9238.120079040527,9636.680841445923
