repetition,optimization,scenario,variant_counts,scale_factors,original_pipeline,analysis_result_with_reuse_opt_rule,analysis_result_with_push_up_opt_rule,analysis_result_without_opt_rule,analysis_result_without_any_opt
0,udf_split_and_reuse,worst_constant,6,1.0,351.2532711029053,892.9777145385742,900.4788398742676,970.6408977508545,2404.552221298218
1,udf_split_and_reuse,worst_constant,6,1.0,349.6110439300537,882.9286098480225,889.6374702453613,963.7434482574463,2406.719446182251
2,udf_split_and_reuse,worst_constant,6,1.0,351.4289855957031,889.8417949676514,892.7781581878662,967.2701358795166,2401.2725353240967
3,udf_split_and_reuse,worst_constant,6,1.0,351.4831066131592,888.9544010162354,913.2881164550781,970.2043533325195,2404.698610305786
4,udf_split_and_reuse,worst_constant,6,1.0,352.4947166442871,887.413501739502,889.1298770904541,955.7838439941406,2394.7131633758545
5,udf_split_and_reuse,worst_constant,6,1.0,348.0396270751953,888.1702423095703,892.5032615661621,955.9834003448486,2401.951551437378
6,udf_split_and_reuse,worst_constant,6,1.0,351.6843318939209,884.7053050994873,888.359785079956,958.4910869598389,2385.6959342956543
