repetition,optimization,scenario,variant_counts,scale_factors,original_pipeline,analysis_result_with_opt_rule,analysis_result_without_opt_rule,analysis_result_without_any_opt
0,filter_addition_push_up,ideal,4,0.5,267.29297637939453,255.20825386047363,961.7941379547119,999.9909400939941
1,filter_addition_push_up,ideal,4,0.5,244.66395378112793,252.81095504760742,915.0269031524658,1119.8272705078125
2,filter_addition_push_up,ideal,4,0.5,239.78304862976074,256.3929557800293,901.8020629882812,932.7521324157715
3,filter_addition_push_up,ideal,4,0.5,239.40753936767578,237.7469539642334,862.9770278930664,928.7960529327393
4,filter_addition_push_up,ideal,4,0.5,239.08400535583496,239.87698554992676,861.4099025726318,911.3657474517822
5,filter_addition_push_up,ideal,4,0.5,242.11382865905762,244.49706077575684,894.5398330688477,947.8981494903564
6,filter_addition_push_up,ideal,4,0.5,228.85775566101074,236.83500289916992,818.1610107421875,865.9510612487793
