repetition,optimization,scenario,variant_counts,data_size,original_pipeline,analysis_result_with_opt_rule,analysis_result_without_opt_rule,analysis_result_without_any_opt
0,filter_addition_push_up,average,2,100000,287.0464324951172,336.5142345428467,415.24577140808105,596.9469547271729
1,filter_addition_push_up,average,2,100000,263.77272605895996,369.0221309661865,391.35003089904785,586.5011215209961
2,filter_addition_push_up,average,2,100000,245.92065811157227,312.8030300140381,385.88500022888184,554.9159049987793
3,filter_addition_push_up,average,2,100000,247.9233741760254,306.8201541900635,384.49811935424805,537.9698276519775
4,filter_addition_push_up,average,2,100000,242.1116828918457,303.7440776824951,390.4390335083008,577.2101879119873
5,filter_addition_push_up,average,2,100000,258.4555149078369,313.72523307800293,388.95726203918457,578.1669616699219
6,filter_addition_push_up,average,2,100000,251.6639232635498,334.4109058380127,384.7508430480957,592.3118591308594
