repetition,optimization,scenario,variant_counts,data_size,original_pipeline,analysis_result_with_reuse_opt_rule,analysis_result_with_push_up_opt_rule,analysis_result_without_opt_rule,analysis_result_without_any_opt
0,udf_split_and_reuse,worst_constant,6,10000,12.767314910888672,33.57696533203125,33.7979793548584,43.18594932556152,104.32720184326172
1,udf_split_and_reuse,worst_constant,6,10000,14.585256576538086,34.850120544433594,35.73894500732422,46.45228385925293,114.76421356201172
2,udf_split_and_reuse,worst_constant,6,10000,13.994932174682617,34.34300422668457,36.24081611633301,48.10905456542969,109.54809188842773
3,udf_split_and_reuse,worst_constant,6,10000,13.218879699707031,34.26003456115723,35.28714179992676,45.977115631103516,122.71904945373535
4,udf_split_and_reuse,worst_constant,6,10000,13.92674446105957,36.09418869018555,35.49003601074219,45.43876647949219,106.02283477783203
5,udf_split_and_reuse,worst_constant,6,10000,13.69619369506836,33.38503837585449,35.417795181274414,45.03297805786133,115.24391174316406
6,udf_split_and_reuse,worst_constant,6,10000,18.32437515258789,36.24987602233887,37.22214698791504,47.051191329956055,101.12166404724121
