repetition,optimization,scenario,variant_counts,scale_factors,original_pipeline,analysis_result_with_opt_rule,analysis_result_without_opt_rule,analysis_result_without_any_opt
0,operator_deletion_filter_push_up,average,4,4.0,2503.035068511963,3038.2957458496094,6199.7692584991455,9957.85117149353
1,operator_deletion_filter_push_up,average,4,4.0,2451.089859008789,3044.7962284088135,6238.0170822143555,9781.230926513672
2,operator_deletion_filter_push_up,average,4,4.0,2444.5104598999023,3077.425479888916,6234.909772872925,9798.397541046143
3,operator_deletion_filter_push_up,average,4,4.0,2422.3344326019287,3001.868963241577,6240.42820930481,9789.453506469727
4,operator_deletion_filter_push_up,average,4,4.0,2389.09649848938,3003.9315223693848,6176.684617996216,9804.044246673584
5,operator_deletion_filter_push_up,average,4,4.0,2440.969228744507,3030.7765007019043,6198.737382888794,9801.11837387085
6,operator_deletion_filter_push_up,average,4,4.0,2421.971321105957,2987.87522315979,6229.816675186157,9770.336627960205
