repetition,optimization,scenario,variant_counts,scale_factors,original_pipeline,analysis_result_with_opt_rule,analysis_result_without_opt_rule,analysis_result_without_any_opt
0,filter_addition_push_up,average,8,1.0,562.5104904174805,1028.5203456878662,2319.3585872650146,4399.182319641113
1,filter_addition_push_up,average,8,1.0,562.9701614379883,1023.4956741333008,2309.8978996276855,4410.259246826172
2,filter_addition_push_up,average,8,1.0,580.7342529296875,1044.330358505249,2442.2874450683594,4465.251445770264
3,filter_addition_push_up,average,8,1.0,560.9924793243408,1035.5908870697021,2318.0036544799805,4483.62135887146
4,filter_addition_push_up,average,8,1.0,576.3945579528809,1038.2285118103027,2388.035297393799,4470.212697982788
5,filter_addition_push_up,average,8,1.0,563.5828971862793,1056.788444519043,2394.9134349823,4445.279598236084
6,filter_addition_push_up,average,8,1.0,568.4199333190918,1045.961856842041,2405.9250354766846,4449.162006378174
