repetition,optimization,scenario,variant_counts,scale_factors,original_pipeline,analysis_result_with_opt_rule,analysis_result_without_opt_rule,analysis_result_without_any_opt
0,filter_addition_push_up,worst_wo_original,2,1.0,1044.7046756744385,1011.5227699279785,154.74724769592285,172.20616340637207
1,filter_addition_push_up,worst_wo_original,2,1.0,1030.494213104248,1014.5268440246582,144.6399688720703,154.62112426757812
2,filter_addition_push_up,worst_wo_original,2,1.0,1009.6917152404785,1017.3931121826172,146.55423164367676,161.89169883728027
3,filter_addition_push_up,worst_wo_original,2,1.0,1018.7728404998779,1038.3429527282715,133.21995735168457,142.32921600341797
4,filter_addition_push_up,worst_wo_original,2,1.0,1023.9787101745605,1006.8740844726562,156.30125999450684,160.35723686218262
5,filter_addition_push_up,worst_wo_original,2,1.0,1033.4670543670654,1148.3259201049805,131.86192512512207,142.4691677093506
6,filter_addition_push_up,worst_wo_original,2,1.0,1014.5368576049805,1008.9449882507324,135.4217529296875,151.9911289215088
