repetition,optimization,scenario,variant_counts,data_size,original_pipeline,analysis_result_with_opt_rule,analysis_result_without_opt_rule,analysis_result_without_any_opt
0,projection_push_up,average,4,2000,27.283668518066406,61.82694435119629,103.89089584350586,132.96914100646973
1,projection_push_up,average,4,2000,33.28418731689453,71.26379013061523,113.54923248291016,140.09499549865723
2,projection_push_up,average,4,2000,33.55765342712402,65.9482479095459,108.06107521057129,141.15285873413086
3,projection_push_up,average,4,2000,30.75122833251953,72.70622253417969,108.37602615356445,125.60415267944336
4,projection_push_up,average,4,2000,26.5045166015625,54.80217933654785,83.02593231201172,116.9133186340332
5,projection_push_up,average,4,2000,29.352664947509766,60.03522872924805,98.36697578430176,137.85386085510254
6,projection_push_up,average,4,2000,29.195308685302734,60.39023399353027,241.163969039917,104.13193702697754
