repetition,optimization,scenario,variant_counts,scale_factors,original_pipeline,analysis_result_with_opt_rule,analysis_result_without_opt_rule,analysis_result_without_any_opt
0,operator_deletion_filter_push_up,ideal,4,0.5,261.7173194885254,268.4049606323242,959.6700668334961,1007.0841312408447
1,operator_deletion_filter_push_up,ideal,4,0.5,248.87919425964355,286.52501106262207,962.364912033081,976.4740467071533
2,operator_deletion_filter_push_up,ideal,4,0.5,246.75607681274414,264.53113555908203,943.854808807373,957.1559429168701
3,operator_deletion_filter_push_up,ideal,4,0.5,247.2665309906006,263.7968063354492,937.8759860992432,969.1629409790039
4,operator_deletion_filter_push_up,ideal,4,0.5,248.46577644348145,262.484073638916,969.4809913635254,973.4930992126465
5,operator_deletion_filter_push_up,ideal,4,0.5,249.39799308776855,263.69690895080566,973.886251449585,984.6620559692383
6,operator_deletion_filter_push_up,ideal,4,0.5,251.02996826171875,265.8722400665283,948.7690925598145,994.016170501709
