repetition,optimization,scenario,variant_counts,scale_factors,original_pipeline,analysis_result_with_opt_rule,analysis_result_without_opt_rule,analysis_result_without_any_opt
0,filter_addition_push_up,ideal,6,1.0,872.4861145019531,879.2378902435303,5049.6039390563965,4937.623023986816
1,filter_addition_push_up,ideal,6,1.0,822.3800659179688,835.0667953491211,4600.959062576294,4911.832094192505
2,filter_addition_push_up,ideal,6,1.0,866.1129474639893,894.2661285400391,4941.512823104858,5270.8539962768555
3,filter_addition_push_up,ideal,6,1.0,936.8999004364014,947.5350379943848,5315.698146820068,5651.376962661743
4,filter_addition_push_up,ideal,6,1.0,873.2559680938721,892.4763202667236,4921.463251113892,5230.717897415161
5,filter_addition_push_up,ideal,6,1.0,892.1453952789307,904.9570560455322,5099.700927734375,5250.771045684814
6,filter_addition_push_up,ideal,6,1.0,1063.9159679412842,968.6610698699951,5543.213129043579,5761.579990386963
