repetition,optimization,scenario,variant_counts,scale_factors,original_pipeline,analysis_result_with_reuse_opt_rule,analysis_result_with_push_up_opt_rule,analysis_result_without_opt_rule,analysis_result_without_any_opt
0,udf_split_and_reuse,average,4,1.0,673.0830669403076,912.7039909362793,960.637092590332,2016.4799690246582,3315.6001567840576
1,udf_split_and_reuse,average,4,1.0,680.6051731109619,918.0819988250732,968.6548709869385,2100.6200313568115,3325.5910873413086
2,udf_split_and_reuse,average,4,1.0,685.2846145629883,942.5649642944336,1035.9768867492676,2183.748960494995,3427.288770675659
3,udf_split_and_reuse,average,4,1.0,826.3535499572754,1033.5230827331543,1060.7306957244873,2168.9488887786865,3501.7988681793213
4,udf_split_and_reuse,average,4,1.0,698.0917453765869,983.788013458252,1004.4002532958984,2086.0159397125244,3353.63507270813
5,udf_split_and_reuse,average,4,1.0,674.8828887939453,912.5728607177734,976.5570163726807,2197.4997520446777,3495.3649044036865
6,udf_split_and_reuse,average,4,1.0,749.5055198669434,981.2850952148438,1030.2629470825195,2319.8888301849365,3472.913980484009
