repetition,optimization,scenario,variant_counts,scale_factors,original_pipeline,analysis_result_with_opt_rule,analysis_result_without_opt_rule,analysis_result_without_any_opt
0,operator_deletion_filter_push_up,ideal,8,1.0,1013.695240020752,1044.2900657653809,7383.189678192139,7436.1608028411865
1,operator_deletion_filter_push_up,ideal,8,1.0,900.4969596862793,1022.7172374725342,7181.203126907349,7223.261594772339
2,operator_deletion_filter_push_up,ideal,8,1.0,920.6089973449707,1024.2164134979248,7349.158763885498,7500.458002090454
3,operator_deletion_filter_push_up,ideal,8,1.0,917.3147678375244,1012.8769874572754,7404.6361446380615,7551.503658294678
4,operator_deletion_filter_push_up,ideal,8,1.0,925.3220558166504,1037.1053218841553,7282.013893127441,7416.467189788818
5,operator_deletion_filter_push_up,ideal,8,1.0,916.1965847015381,1042.8707599639893,7477.574110031128,7268.053293228149
6,operator_deletion_filter_push_up,ideal,8,1.0,931.6039085388184,1050.3783226013184,7437.6819133758545,7458.596706390381
