repetition,optimization,scenario,variant_counts,scale_factors,original_pipeline,analysis_result_with_opt_rule,analysis_result_without_opt_rule,analysis_result_without_any_opt
0,projection_push_up,average,2,1.0,756.7460536956787,926.8779754638672,1302.6387691497803,1814.1918182373047
1,projection_push_up,average,2,1.0,797.2629070281982,1052.1068572998047,1605.8008670806885,1775.5358219146729
2,projection_push_up,average,2,1.0,843.9242839813232,855.7159900665283,1473.3381271362305,1853.8298606872559
3,projection_push_up,average,2,1.0,785.444974899292,965.6538963317871,1388.5891437530518,1920.2957153320312
4,projection_push_up,average,2,1.0,807.4691295623779,1120.352029800415,1314.850091934204,1755.647897720337
5,projection_push_up,average,2,1.0,821.7475414276123,966.6721820831299,1376.6391277313232,1912.2350215911865
6,projection_push_up,average,2,1.0,778.2711982727051,1034.5919132232666,1412.7840995788574,1823.6467838287354
