repetition,optimization,scenario,variant_counts,data_size,original_pipeline,analysis_result_with_opt_rule,analysis_result_without_opt_rule,analysis_result_without_any_opt
0,projection_push_up,worst,8,2000,10.084152221679688,63.57097625732422,67.9469108581543,110.51106452941895
1,projection_push_up,worst,8,2000,9.13691520690918,55.50217628479004,73.26793670654297,118.09611320495605
2,projection_push_up,worst,8,2000,12.067556381225586,63.65799903869629,66.46466255187988,112.48993873596191
3,projection_push_up,worst,8,2000,8.911371231079102,52.617788314819336,63.78912925720215,104.67886924743652
4,projection_push_up,worst,8,2000,9.37509536743164,73.17423820495605,89.17403221130371,103.78623008728027
5,projection_push_up,worst,8,2000,10.20050048828125,55.631160736083984,70.83797454833984,114.48502540588379
6,projection_push_up,worst,8,2000,8.25357437133789,56.15520477294922,61.47193908691406,115.25821685791016
