repetition,optimization,scenario,variant_counts,scale_factors,original_pipeline,analysis_result_with_reuse_opt_rule,analysis_result_with_push_up_opt_rule,analysis_result_without_opt_rule,analysis_result_without_any_opt
0,udf_split_and_reuse,average,4,1.0,223.45662117004395,807.1849346160889,843.8489437103271,895.9832191467285,1063.5676383972168
1,udf_split_and_reuse,average,4,1.0,222.76782989501953,789.665699005127,849.747896194458,845.9756374359131,1060.293197631836
2,udf_split_and_reuse,average,4,1.0,220.00885009765625,790.6384468078613,815.3986930847168,838.9298915863037,1056.4284324645996
3,udf_split_and_reuse,average,4,1.0,229.28190231323242,768.6343193054199,819.8795318603516,851.1462211608887,1055.9675693511963
4,udf_split_and_reuse,average,4,1.0,230.40294647216797,801.8534183502197,851.050853729248,879.117488861084,1064.2547607421875
5,udf_split_and_reuse,average,4,1.0,222.12839126586914,796.656608581543,837.30149269104,860.640287399292,1091.264247894287
6,udf_split_and_reuse,average,4,1.0,222.89490699768066,787.8258228302002,841.7699337005615,862.7748489379883,1086.1568450927734
