repetition,optimization,scenario,variant_counts,scale_factors,original_pipeline,analysis_result_with_opt_rule,analysis_result_without_opt_rule,analysis_result_without_any_opt
0,projection_push_up,average,4,1.0,716.4187431335449,932.9507350921631,2005.8722496032715,3255.7477951049805
1,projection_push_up,average,4,1.0,694.9806213378906,950.4690170288086,2039.8969650268555,3319.4491863250732
2,projection_push_up,average,4,1.0,698.2567310333252,944.9748992919922,2019.1218852996826,3361.3228797912598
3,projection_push_up,average,4,1.0,795.4263687133789,947.5760459899902,2049.056053161621,3370.6469535827637
4,projection_push_up,average,4,1.0,703.6516666412354,947.9689598083496,2005.829095840454,3276.7679691314697
5,projection_push_up,average,4,1.0,713.892936706543,976.0537147521973,2088.1290435791016,3340.927839279175
6,projection_push_up,average,4,1.0,686.7620944976807,947.5011825561523,2059.67116355896,3304.640054702759
