repetition,optimization,scenario,variant_counts,data_size,original_pipeline,analysis_result_with_opt_rule,analysis_result_without_opt_rule,analysis_result_without_any_opt
0,projection_push_up,average,10,100000,301.26333236694336,682.236909866333,2053.8628101348877,3813.3997917175293
1,projection_push_up,average,10,100000,334.73873138427734,581.5789699554443,1931.9632053375244,3904.93106842041
2,projection_push_up,average,10,100000,303.0390739440918,905.0769805908203,1998.0700016021729,4281.310319900513
3,projection_push_up,average,10,100000,305.06062507629395,600.7020473480225,2567.9280757904053,4360.6719970703125
4,projection_push_up,average,10,100000,252.38370895385742,540.5571460723877,2245.4659938812256,4425.970077514648
5,projection_push_up,average,10,100000,476.58824920654297,611.6571426391602,1699.5689868927002,3845.794200897217
6,projection_push_up,average,10,100000,333.86850357055664,602.5421619415283,1889.876127243042,4279.604911804199
