repetition,optimization,scenario,variant_counts,scale_factors,original_pipeline,analysis_result_with_reuse_opt_rule,analysis_result_with_push_up_opt_rule,analysis_result_without_opt_rule,analysis_result_without_any_opt
0,udf_split_and_reuse,worst_constant,6,1.0,535.0871086120605,1110.517978668213,1174.5610237121582,1785.4208946228027,4281.93998336792
1,udf_split_and_reuse,worst_constant,6,1.0,516.0849094390869,1100.5291938781738,1132.8601837158203,1775.7489681243896,4405.564069747925
2,udf_split_and_reuse,worst_constant,6,1.0,523.2205390930176,1116.6770458221436,1156.2650203704834,1768.165111541748,4366.8200969696045
3,udf_split_and_reuse,worst_constant,6,1.0,528.325080871582,1132.807970046997,1172.3718643188477,1825.5300521850586,4395.804166793823
4,udf_split_and_reuse,worst_constant,6,1.0,508.7850093841553,1098.0710983276367,1161.4511013031006,1788.9878749847412,4325.786113739014
5,udf_split_and_reuse,worst_constant,6,1.0,525.6049633026123,1118.8840866088867,1161.0701084136963,1805.1729202270508,4347.763299942017
6,udf_split_and_reuse,worst_constant,6,1.0,514.8491859436035,1098.37007522583,1139.3640041351318,1779.8280715942383,4375.622987747192
