repetition,optimization,scenario,variant_counts,scale_factors,original_pipeline,analysis_result_with_opt_rule,analysis_result_without_opt_rule,analysis_result_without_any_opt
0,projection_push_up,ideal,4,3.0,7997.029066085815,7821.523904800415,30256.752014160156,30784.075021743774
1,projection_push_up,ideal,4,3.0,8444.277048110962,8445.037841796875,33855.67927360535,34452.834606170654
2,projection_push_up,ideal,4,3.0,8601.473093032837,8483.338356018066,34055.554151535034,34132.53712654114
3,projection_push_up,ideal,4,3.0,7625.426769256592,7929.607152938843,30643.706798553467,31079.174518585205
4,projection_push_up,ideal,4,3.0,7846.3709354400635,7839.879751205444,31561.055660247803,31917.601346969604
5,projection_push_up,ideal,4,3.0,8151.14951133728,8172.514915466309,32500.048398971558,32922.80054092407
6,projection_push_up,ideal,4,3.0,7947.879314422607,7751.793146133423,30936.822652816772,31063.820838928223
