repetition,optimization,scenario,variant_counts,data_size,original_pipeline,analysis_result_with_opt,analysis_result_without_any_opt
0,common_subexpression_elimination,average,10,2000,21.44789695739746,26.32284164428711,214.3402099609375
1,common_subexpression_elimination,average,10,2000,20.403146743774414,25.435686111450195,210.2069854736328
2,common_subexpression_elimination,average,10,2000,19.966840744018555,25.203227996826172,213.4089469909668
3,common_subexpression_elimination,average,10,2000,20.15066146850586,25.16007423400879,213.4380340576172
4,common_subexpression_elimination,average,10,2000,22.771358489990234,25.656700134277344,215.6059741973877
5,common_subexpression_elimination,average,10,2000,19.748210906982422,35.9039306640625,207.06987380981445
6,common_subexpression_elimination,average,10,2000,19.924163818359375,26.643037796020508,210.2830410003662
