repetition,optimization,scenario,variant_counts,data_size,original_pipeline,analysis_result_with_opt_rule,analysis_result_without_opt_rule,analysis_result_without_any_opt
0,operator_deletion_filter_push_up,ideal,4,1000,1032.060146331787,1046.3712215423584,3918.099880218506,4022.0370292663574
1,operator_deletion_filter_push_up,ideal,4,1000,985.5215549468994,1206.4979076385498,3872.466802597046,3885.0228786468506
2,operator_deletion_filter_push_up,ideal,4,1000,985.8417510986328,1030.1549434661865,3831.6850662231445,3960.0369930267334
3,operator_deletion_filter_push_up,ideal,4,1000,961.4293575286865,1015.15793800354,3848.6249446868896,3911.018133163452
4,operator_deletion_filter_push_up,ideal,4,1000,971.153736114502,1017.2159671783447,3856.8902015686035,3922.3270416259766
5,operator_deletion_filter_push_up,ideal,4,1000,990.9353256225586,1002.669095993042,3826.396942138672,3906.9466590881348
6,operator_deletion_filter_push_up,ideal,4,1000,970.4363346099854,1040.6720638275146,4011.4307403564453,4068.485736846924
