repetition,optimization,scenario,variant_counts,data_size,analysis_result_with_opt_rule,analysis_result_without_opt_rule,analysis_result_without_any_opt
0,projection_push_up,ideal,10,2000,303.51901054382324,2581.199884414673,2811.922788619995
1,projection_push_up,ideal,10,2000,280.90596199035645,2258.4612369537354,2545.08113861084
2,projection_push_up,ideal,10,2000,236.3111972808838,1931.9250583648682,2062.9329681396484
3,projection_push_up,ideal,10,2000,288.19894790649414,2580.475091934204,2792.9248809814453
4,projection_push_up,ideal,10,2000,275.94804763793945,2171.2851524353027,2326.7500400543213
5,projection_push_up,ideal,10,2000,233.37292671203613,1807.753086090088,1973.5279083251953
6,projection_push_up,ideal,10,2000,263.181209564209,2147.350788116455,2314.7218227386475
