repetition,optimization,scenario,variant_counts,data_size,analysis_result_with_opt_rule,analysis_result_without_opt_rule,analysis_result_without_any_opt
0,filter_addition_push_up,average,5,1000,55.85289001464844,77.06284523010254,103.98101806640625
1,filter_addition_push_up,average,5,1000,53.579092025756836,75.6380558013916,97.94092178344727
2,filter_addition_push_up,average,5,1000,53.750038146972656,74.63908195495605,99.43890571594238
3,filter_addition_push_up,average,5,1000,53.95102500915527,75.80280303955078,104.91013526916504
4,filter_addition_push_up,average,5,1000,53.24125289916992,75.6998062133789,101.1509895324707
5,filter_addition_push_up,average,5,1000,54.76713180541992,75.24681091308594,100.55088996887207
6,filter_addition_push_up,average,5,1000,70.71709632873535,75.40488243103027,101.1648178100586
