repetition,optimization,scenario,variant_counts,scale_factors,original_pipeline,analysis_result_with_reuse_opt_rule,analysis_result_with_push_up_opt_rule,analysis_result_without_opt_rule,analysis_result_without_any_opt
0,udf_split_and_reuse,average,4,0.5,377.23326683044434,497.6680278778076,533.7471961975098,1037.182092666626,1787.060260772705
1,udf_split_and_reuse,average,4,0.5,375.1218318939209,495.93615531921387,541.8250560760498,1065.101146697998,1853.682041168213
2,udf_split_and_reuse,average,4,0.5,361.32049560546875,524.3709087371826,538.402795791626,1034.735918045044,1789.4291877746582
3,udf_split_and_reuse,average,4,0.5,376.18422508239746,496.93989753723145,534.796953201294,1027.777910232544,1794.1131591796875
4,udf_split_and_reuse,average,4,0.5,363.85321617126465,497.0738887786865,526.4368057250977,1036.3218784332275,1755.1820278167725
5,udf_split_and_reuse,average,4,0.5,373.4288215637207,507.0838928222656,536.210298538208,1059.361219406128,1807.337999343872
6,udf_split_and_reuse,average,4,0.5,368.558406829834,497.82681465148926,530.1361083984375,1041.9561862945557,1799.593210220337
