repetition,optimization,scenario,variant_counts,scale_factors,original_pipeline,analysis_result_with_opt_rule,analysis_result_without_opt_rule,analysis_result_without_any_opt
0,filter_addition_push_up,average,10,1.0,565.7517910003662,1152.4887084960938,2784.7886085510254,5476.137161254883
1,filter_addition_push_up,average,10,1.0,562.9699230194092,1147.3498344421387,2785.1204872131348,5491.639137268066
2,filter_addition_push_up,average,10,1.0,592.4491882324219,1177.2377490997314,2982.3336601257324,5542.755842208862
3,filter_addition_push_up,average,10,1.0,581.5112590789795,1178.8311004638672,2906.399965286255,5535.53581237793
4,filter_addition_push_up,average,10,1.0,578.3381462097168,1170.9856986999512,2932.0192337036133,5554.69012260437
5,filter_addition_push_up,average,10,1.0,573.2479095458984,1166.3448810577393,2893.4319019317627,5540.0402545928955
6,filter_addition_push_up,average,10,1.0,573.927640914917,1168.074607849121,2976.9272804260254,5547.927618026733
