repetition,optimization,scenario,variant_counts,scale_factors,original_pipeline,analysis_result_with_opt_rule,analysis_result_without_opt_rule,analysis_result_without_any_opt
0,filter_addition_push_up,average,4,0.5,387.253999710083,548.8920211791992,867.1131134033203,1646.2700366973877
1,filter_addition_push_up,average,4,0.5,385.82301139831543,564.9538040161133,868.9489364624023,1629.9221515655518
2,filter_addition_push_up,average,4,0.5,379.02212142944336,555.5720329284668,860.3508472442627,1634.6721649169922
3,filter_addition_push_up,average,4,0.5,392.8513526916504,518.7740325927734,802.9518127441406,1468.0249691009521
4,filter_addition_push_up,average,4,0.5,333.7705135345459,509.0501308441162,781.1658382415771,1421.9708442687988
5,filter_addition_push_up,average,4,0.5,343.1727886199951,490.10300636291504,799.1378307342529,1464.430809020996
6,filter_addition_push_up,average,4,0.5,327.0556926727295,496.10376358032227,795.1560020446777,1398.2131481170654
