repetition,optimization,scenario,variant_counts,scale_factors,original_pipeline,analysis_result_with_opt_rule,analysis_result_without_opt_rule,analysis_result_without_any_opt
0,filter_addition_push_up,ideal,6,1.0,1031.8095684051514,1010.9827518463135,5903.594255447388,5759.129285812378
1,filter_addition_push_up,ideal,6,1.0,950.8028030395508,967.970609664917,5491.971492767334,5796.3972091674805
2,filter_addition_push_up,ideal,6,1.0,884.9475383758545,881.5484046936035,5118.269681930542,5470.76416015625
3,filter_addition_push_up,ideal,6,1.0,944.4551467895508,952.8756141662598,5399.2486000061035,5772.705078125
4,filter_addition_push_up,ideal,6,1.0,977.9651165008545,998.5880851745605,5721.201181411743,6074.352979660034
5,filter_addition_push_up,ideal,6,1.0,1013.1053924560547,1042.1640872955322,5971.105098724365,6098.746299743652
6,filter_addition_push_up,ideal,6,1.0,1080.8227062225342,898.1711864471436,5083.152532577515,5263.618469238281
