repetition,optimization,scenario,variant_counts,data_size,original_pipeline,analysis_result_with_opt_rule,analysis_result_without_opt_rule,analysis_result_without_any_opt
0,operator_deletion_filter_push_up,average,4,10000,33.17594528198242,52.98280715942383,73.50277900695801,136.96694374084473
1,operator_deletion_filter_push_up,average,4,10000,32.52005577087402,54.42690849304199,75.27971267700195,136.90924644470215
2,operator_deletion_filter_push_up,average,4,10000,32.84716606140137,50.88210105895996,73.66800308227539,136.6748809814453
3,operator_deletion_filter_push_up,average,4,10000,41.16964340209961,52.71196365356445,71.7930793762207,137.91584968566895
4,operator_deletion_filter_push_up,average,4,10000,32.18579292297363,52.22606658935547,71.30289077758789,171.64897918701172
5,operator_deletion_filter_push_up,average,4,10000,31.892776489257812,52.411794662475586,73.49205017089844,140.14482498168945
6,operator_deletion_filter_push_up,average,4,10000,33.20884704589844,52.95991897583008,77.66199111938477,140.78402519226074
