repetition,optimization,scenario,variant_counts,data_size,analysis_result_with_opt_rule,analysis_result_without_opt_rule,analysis_result_without_any_opt
0,projection_push_up,average,2,100000,322.5879669189453,445.1889991760254,632.9238414764404
1,projection_push_up,average,2,100000,316.3750171661377,445.28913497924805,612.4858856201172
2,projection_push_up,average,2,100000,321.29359245300293,441.42913818359375,623.9869594573975
3,projection_push_up,average,2,100000,313.91310691833496,434.459924697876,614.4912242889404
4,projection_push_up,average,2,100000,318.9840316772461,445.3771114349365,618.4160709381104
5,projection_push_up,average,2,100000,323.3671188354492,457.68284797668457,618.182897567749
6,projection_push_up,average,2,100000,306.0128688812256,454.2808532714844,616.6319847106934
