repetition,optimization,scenario,variant_counts,data_size,original_pipeline,analysis_result_with_reuse_opt_rule,analysis_result_with_push_up_opt_rule,analysis_result_without_opt_rule,analysis_result_without_any_opt
0,udf_split_and_reuse,ideal,8,10000,48.226118087768555,838.2017612457275,5170.825958251953,5285.804748535156,5756.360769271851
1,udf_split_and_reuse,ideal,8,10000,46.90861701965332,840.5208587646484,5086.904764175415,5325.469970703125,5594.412088394165
2,udf_split_and_reuse,ideal,8,10000,47.335147857666016,955.7549953460693,5215.991735458374,5289.977073669434,5640.283107757568
3,udf_split_and_reuse,ideal,8,10000,48.87866973876953,829.3938636779785,5112.308025360107,5311.396837234497,5651.666164398193
4,udf_split_and_reuse,ideal,8,10000,48.47836494445801,845.9889888763428,5151.692152023315,5336.76290512085,5541.100978851318
5,udf_split_and_reuse,ideal,8,10000,47.67417907714844,852.0917892456055,5207.536220550537,5295.115947723389,5798.766851425171
6,udf_split_and_reuse,ideal,8,10000,47.67894744873047,810.1418018341064,5127.815961837769,5234.8291873931885,5754.408836364746
