repetition,optimization,scenario,variant_counts,scale_factors,original_pipeline,analysis_result_with_reuse_opt_rule,analysis_result_with_push_up_opt_rule,analysis_result_without_opt_rule,analysis_result_without_any_opt
0,udf_split_and_reuse,average,2,1.0,324.359655380249,542.802095413208,568.2981014251709,605.4902076721191,745.2099323272705
1,udf_split_and_reuse,average,2,1.0,294.2395210266113,544.3778038024902,582.6520919799805,584.273099899292,749.8199939727783
2,udf_split_and_reuse,average,2,1.0,292.1271324157715,551.8651008605957,569.8800086975098,600.5549430847168,742.7358627319336
3,udf_split_and_reuse,average,2,1.0,316.12372398376465,548.9590167999268,607.3417663574219,593.4019088745117,750.3957748413086
4,udf_split_and_reuse,average,2,1.0,317.71206855773926,540.585994720459,569.8378086090088,598.362922668457,725.5659103393555
5,udf_split_and_reuse,average,2,1.0,319.19050216674805,537.8339290618896,593.8889980316162,597.5592136383057,759.3050003051758
6,udf_split_and_reuse,average,2,1.0,312.0865821838379,537.8382205963135,587.5589847564697,713.6561870574951,803.0960559844971
