repetition,optimization,scenario,variant_counts,data_size,original_pipeline,analysis_result_with_opt_rule,analysis_result_without_opt_rule,analysis_result_without_any_opt
0,projection_push_up,average,8,100000,256.7110061645508,416.1500930786133,1155.155897140503,2394.7970867156982
1,projection_push_up,average,8,100000,235.66722869873047,399.5556831359863,1132.2908401489258,2336.742877960205
2,projection_push_up,average,8,100000,248.5177516937256,401.61681175231934,1141.1938667297363,2344.097852706909
3,projection_push_up,average,8,100000,236.1903190612793,423.8426685333252,1192.6190853118896,2361.83500289917
4,projection_push_up,average,8,100000,239.11809921264648,413.70272636413574,1156.8830013275146,2352.128028869629
5,projection_push_up,average,8,100000,240.56553840637207,417.81091690063477,1165.7381057739258,2406.050682067871
6,projection_push_up,average,8,100000,248.4591007232666,404.68573570251465,1164.0079021453857,2314.703941345215
