repetition,optimization,scenario,variant_counts,scale_factors,original_pipeline,analysis_result_with_reuse_opt_rule,analysis_result_with_push_up_opt_rule,analysis_result_without_opt_rule,analysis_result_without_any_opt
0,udf_split_and_reuse,worst_w_safety,4,1.0,60.426950454711914,1002.4409294128418,997.894287109375,1360.5079650878906,1344.6381092071533
1,udf_split_and_reuse,worst_w_safety,4,1.0,56.47468566894531,1112.5009059906006,971.7268943786621,1113.9681339263916,1375.3759860992432
2,udf_split_and_reuse,worst_w_safety,4,1.0,59.20886993408203,1063.297986984253,1025.4969596862793,1050.6188869476318,1187.865972518921
3,udf_split_and_reuse,worst_w_safety,4,1.0,52.01244354248047,979.7539710998535,944.5178508758545,1081.4838409423828,1210.684061050415
4,udf_split_and_reuse,worst_w_safety,4,1.0,57.07669258117676,999.7451305389404,957.8361511230469,1069.5478916168213,1334.5980644226074
5,udf_split_and_reuse,worst_w_safety,4,1.0,54.13365364074707,973.1230735778809,941.5709972381592,1084.1951370239258,1199.280023574829
6,udf_split_and_reuse,worst_w_safety,4,1.0,58.94017219543457,1079.4141292572021,1015.5599117279053,1071.4831352233887,1184.2377185821533
