repetition,optimization,scenario,variant_counts,scale_factors,original_pipeline,analysis_result_with_opt_rule,analysis_result_without_opt_rule,analysis_result_without_any_opt
0,filter_addition_push_up,ideal,4,2.0,3672.856569290161,3944.9822902679443,13671.422243118286,14266.43180847168
1,filter_addition_push_up,ideal,4,2.0,3903.9244651794434,3957.090139389038,15449.87440109253,16084.623336791992
2,filter_addition_push_up,ideal,4,2.0,3636.333465576172,3660.5587005615234,14757.890462875366,14831.99954032898
3,filter_addition_push_up,ideal,4,2.0,3835.601329803467,3881.622791290283,15479.151487350464,15346.225023269653
4,filter_addition_push_up,ideal,4,2.0,3575.587511062622,3607.898473739624,14122.24555015564,14655.916213989258
5,filter_addition_push_up,ideal,4,2.0,3917.4423217773438,4233.521223068237,15827.504396438599,16221.660614013672
6,filter_addition_push_up,ideal,4,2.0,3756.321430206299,3742.0647144317627,14798.245668411255,14886.910915374756
