repetition,optimization,scenario,variant_counts,scale_factors,original_pipeline,analysis_result_with_opt,analysis_result_without_any_opt
0,common_subexpression_elimination,worst,4,1.0,1014.8258209228516,1049.6292114257812,3886.090040206909
1,common_subexpression_elimination,worst,4,1.0,798.1398105621338,975.2130508422852,3229.830026626587
2,common_subexpression_elimination,worst,4,1.0,825.9284496307373,1053.3080101013184,3473.5920429229736
3,common_subexpression_elimination,worst,4,1.0,823.5523700714111,958.2920074462891,3421.4351177215576
4,common_subexpression_elimination,worst,4,1.0,860.586404800415,985.1698875427246,3487.1537685394287
5,common_subexpression_elimination,worst,4,1.0,842.6203727722168,1014.5983695983887,3657.2680473327637
6,common_subexpression_elimination,worst,4,1.0,814.7168159484863,986.7088794708252,3401.2322425842285
