repetition,optimization,scenario,variant_counts,scale_factors,original_pipeline,analysis_result_with_opt_rule,analysis_result_without_opt_rule,analysis_result_without_any_opt
0,filter_addition_push_up,ideal,4,1.0,911.9377136230469,974.7719764709473,3530.7788848876953,3668.9200401306152
1,filter_addition_push_up,ideal,4,1.0,885.3895664215088,894.7720527648926,3443.092107772827,3562.573194503784
2,filter_addition_push_up,ideal,4,1.0,881.4268112182617,898.3800411224365,3484.581232070923,3537.456274032593
3,filter_addition_push_up,ideal,4,1.0,868.7996864318848,864.7370338439941,3350.7080078125,3425.7242679595947
4,filter_addition_push_up,ideal,4,1.0,988.3813858032227,873.6999034881592,3344.237804412842,3412.684917449951
5,filter_addition_push_up,ideal,4,1.0,904.0932655334473,935.6579780578613,3516.411066055298,3666.6998863220215
6,filter_addition_push_up,ideal,4,1.0,848.0606079101562,823.3609199523926,3206.5491676330566,3319.122791290283
