repetition,optimization,scenario,variant_counts,data_size,original_pipeline,analysis_result_with_opt_rule,analysis_result_without_opt_rule,analysis_result_without_any_opt
0,projection_push_up,worst,8,100000,106.93883895874023,258.4531307220459,408.4808826446533,1160.9890460968018
1,projection_push_up,worst,8,100000,106.30965232849121,266.603946685791,405.78222274780273,1140.1658058166504
2,projection_push_up,worst,8,100000,114.05777931213379,267.0631408691406,402.54783630371094,1139.1870975494385
3,projection_push_up,worst,8,100000,101.79448127746582,273.67711067199707,407.09996223449707,1152.202844619751
4,projection_push_up,worst,8,100000,94.85602378845215,252.99692153930664,427.7379512786865,1163.9842987060547
5,projection_push_up,worst,8,100000,108.3834171295166,265.4390335083008,415.07792472839355,1179.4371604919434
6,projection_push_up,worst,8,100000,107.3305606842041,263.52500915527344,411.0279083251953,1150.285243988037
