repetition,optimization,scenario,variant_counts,scale_factors,original_pipeline,analysis_result_with_opt_rule,analysis_result_without_opt_rule,analysis_result_without_any_opt
0,operator_deletion_filter_push_up,ideal,10,1.0,944.0395832061768,1060.7881546020508,9054.155111312866,9063.830375671387
1,operator_deletion_filter_push_up,ideal,10,1.0,884.3326568603516,1045.281171798706,8782.339096069336,8992.181777954102
2,operator_deletion_filter_push_up,ideal,10,1.0,914.2038822174072,1053.9839267730713,8984.800815582275,9214.507579803467
3,operator_deletion_filter_push_up,ideal,10,1.0,931.9720268249512,1053.6201000213623,9070.071458816528,9465.245723724365
4,operator_deletion_filter_push_up,ideal,10,1.0,922.3294258117676,1063.9426708221436,8916.973352432251,9162.879228591919
5,operator_deletion_filter_push_up,ideal,10,1.0,896.8362808227539,1058.9449405670166,9171.263933181763,9147.027969360352
6,operator_deletion_filter_push_up,ideal,10,1.0,925.0283241271973,1048.3622550964355,9109.243154525757,9134.366035461426
