repetition,optimization,scenario,variant_counts,scale_factors,original_pipeline,analysis_result_with_reuse_opt_rule,analysis_result_with_push_up_opt_rule,analysis_result_without_opt_rule,analysis_result_without_any_opt
0,udf_split_and_reuse,ideal,2,1.0,145.8890438079834,1000.9820461273193,1002.6891231536865,1161.9997024536133,1135.0326538085938
1,udf_split_and_reuse,ideal,2,1.0,141.0048007965088,994.9109554290771,991.689920425415,1132.286787033081,1144.22607421875
2,udf_split_and_reuse,ideal,2,1.0,151.047945022583,991.5709495544434,994.5218563079834,1129.5418739318848,1154.6759605407715
3,udf_split_and_reuse,ideal,2,1.0,142.06719398498535,988.2309436798096,981.2150001525879,1134.127140045166,1132.925033569336
4,udf_split_and_reuse,ideal,2,1.0,142.94099807739258,1020.317792892456,1003.0539035797119,1139.8932933807373,1150.033950805664
5,udf_split_and_reuse,ideal,2,1.0,147.17984199523926,987.63108253479,991.2350177764893,1111.9320392608643,1133.7950229644775
6,udf_split_and_reuse,ideal,2,1.0,143.15557479858398,974.8532772064209,1001.0309219360352,1117.8598403930664,1125.4870891571045
