repetition,optimization,scenario,variant_counts,scale_factors,original_pipeline,analysis_result_with_reuse_opt_rule,analysis_result_with_push_up_opt_rule,analysis_result_without_opt_rule,analysis_result_without_any_opt
0,udf_split_and_reuse,worst_w_safety,2,1.0,83.39738845825195,564.3582344055176,554.1880130767822,652.0800590515137,696.3000297546387
1,udf_split_and_reuse,worst_w_safety,2,1.0,86.39144897460938,547.7633476257324,543.8957214355469,593.4970378875732,668.4689521789551
2,udf_split_and_reuse,worst_w_safety,2,1.0,86.99727058410645,572.5700855255127,630.0170421600342,703.5868167877197,758.1520080566406
3,udf_split_and_reuse,worst_w_safety,2,1.0,88.71579170227051,635.7419490814209,688.971996307373,719.275951385498,830.6369781494141
4,udf_split_and_reuse,worst_w_safety,2,1.0,113.1749153137207,606.4939498901367,650.0253677368164,874.2280006408691,837.440013885498
5,udf_split_and_reuse,worst_w_safety,2,1.0,87.2952938079834,621.3181018829346,628.5340785980225,751.42502784729,756.6671371459961
6,udf_split_and_reuse,worst_w_safety,2,1.0,80.96981048583984,921.3240146636963,755.3977966308594,793.7593460083008,1286.3078117370605
