repetition,optimization,scenario,variant_counts,scale_factors,original_pipeline,analysis_result_with_reuse_opt_rule,analysis_result_with_push_up_opt_rule,analysis_result_without_opt_rule,analysis_result_without_any_opt
0,udf_split_and_reuse,worst_constant,6,1.0,454.9400806427002,1120.5322742462158,1101.3782024383545,1260.584831237793,3055.255174636841
1,udf_split_and_reuse,worst_constant,6,1.0,421.6265678405762,1164.4196510314941,1292.7050590515137,1313.9891624450684,3688.1179809570312
2,udf_split_and_reuse,worst_constant,6,1.0,452.87442207336426,1139.1220092773438,1107.8038215637207,1264.0600204467773,3186.0170364379883
3,udf_split_and_reuse,worst_constant,6,1.0,435.8551502227783,1136.5320682525635,1113.778829574585,1234.938144683838,3123.383045196533
4,udf_split_and_reuse,worst_constant,6,1.0,465.33823013305664,1119.6789741516113,1112.2429370880127,1265.3861045837402,3194.8189735412598
5,udf_split_and_reuse,worst_constant,6,1.0,439.42975997924805,1130.976915359497,1123.35205078125,1249.4220733642578,3069.2620277404785
6,udf_split_and_reuse,worst_constant,6,1.0,431.7610263824463,1092.3657417297363,1087.8262519836426,1229.4728755950928,3114.197015762329
