repetition,optimization,scenario,variant_counts,scale_factors,original_pipeline,analysis_result_with_opt_rule,analysis_result_without_opt_rule,analysis_result_without_any_opt
0,filter_addition_push_up,average,6,1.0,565.8056735992432,894.6914672851562,1879.8444271087646,3307.5809478759766
1,filter_addition_push_up,average,6,1.0,552.0389080047607,874.9294281005859,1860.2421283721924,3320.359945297241
2,filter_addition_push_up,average,6,1.0,555.2704334259033,908.2367420196533,1907.9875946044922,3402.0984172821045
3,filter_addition_push_up,average,6,1.0,607.1200370788574,924.8123168945312,1962.3115062713623,3371.079683303833
4,filter_addition_push_up,average,6,1.0,568.4192180633545,907.3431491851807,1914.170503616333,3374.300003051758
5,filter_addition_push_up,average,6,1.0,583.5981369018555,920.0735092163086,1961.4434242248535,3449.829578399658
6,filter_addition_push_up,average,6,1.0,579.1049003601074,921.3783740997314,1963.3347988128662,3402.667999267578
