repetition,optimization,scenario,variant_counts,data_size,original_pipeline,analysis_result_with_opt_rule,analysis_result_without_opt_rule,analysis_result_without_any_opt
0,projection_push_up,worst,6,100000,104.84957695007324,220.5331325531006,336.06791496276855,902.0302295684814
1,projection_push_up,worst,6,100000,102.25844383239746,234.7562313079834,333.6162567138672,855.5891513824463
2,projection_push_up,worst,6,100000,102.11682319641113,219.8200225830078,329.9858570098877,857.4011325836182
3,projection_push_up,worst,6,100000,109.01594161987305,220.49307823181152,331.754207611084,869.1091537475586
4,projection_push_up,worst,6,100000,107.58590698242188,222.2740650177002,331.8171501159668,873.737096786499
5,projection_push_up,worst,6,100000,100.13198852539062,233.49380493164062,330.02591133117676,863.5959625244141
6,projection_push_up,worst,6,100000,112.02669143676758,221.06099128723145,336.05313301086426,865.7569885253906
