repetition,optimization,scenario,variant_counts,scale_factors,original_pipeline,analysis_result_with_opt_rule,analysis_result_without_opt_rule,analysis_result_without_any_opt
0,operator_deletion_filter_push_up,worst_safety_too_defensive,4,0.5,52.13642120361328,290.132999420166,259.746789932251,283.2629680633545
1,operator_deletion_filter_push_up,worst_safety_too_defensive,4,0.5,41.507720947265625,250.52809715270996,251.11985206604004,271.6221809387207
2,operator_deletion_filter_push_up,worst_safety_too_defensive,4,0.5,42.482852935791016,264.113187789917,259.13405418395996,278.7461280822754
3,operator_deletion_filter_push_up,worst_safety_too_defensive,4,0.5,39.016008377075195,239.93301391601562,254.0271282196045,250.80084800720215
4,operator_deletion_filter_push_up,worst_safety_too_defensive,4,0.5,37.177324295043945,248.22402000427246,245.82505226135254,259.1409683227539
5,operator_deletion_filter_push_up,worst_safety_too_defensive,4,0.5,43.72406005859375,261.1267566680908,260.01715660095215,278.0909538269043
6,operator_deletion_filter_push_up,worst_safety_too_defensive,4,0.5,44.90971565246582,267.7958011627197,270.3816890716553,280.9567451477051
