repetition,optimization,scenario,variant_counts,scale_factors,original_pipeline,analysis_result_with_reuse_opt_rule,analysis_result_with_push_up_opt_rule,analysis_result_without_opt_rule,analysis_result_without_any_opt
0,udf_split_and_reuse,worst_constant,2,1.0,740.5979633331299,798.431396484375,840.6720161437988,1206.969976425171,1838.212013244629
1,udf_split_and_reuse,worst_constant,2,1.0,586.2150192260742,929.9039840698242,958.1382274627686,955.164909362793,1510.3020668029785
2,udf_split_and_reuse,worst_constant,2,1.0,797.9962825775146,1005.7199001312256,816.0529136657715,972.0189571380615,1747.4780082702637
3,udf_split_and_reuse,worst_constant,2,1.0,1036.9596481323242,1049.1259098052979,1358.8762283325195,1470.7651138305664,2011.7459297180176
4,udf_split_and_reuse,worst_constant,2,1.0,562.394380569458,733.104944229126,740.0069236755371,1060.9519481658936,1836.787223815918
5,udf_split_and_reuse,worst_constant,2,1.0,710.7558250427246,1232.259750366211,1350.9602546691895,1262.0007991790771,1863.8651371002197
6,udf_split_and_reuse,worst_constant,2,1.0,791.4175987243652,803.102970123291,934.2389106750488,1507.9870223999023,1988.3058071136475
