repetition,optimization,scenario,variant_counts,data_size,original_pipeline,analysis_result_with_opt_rule,analysis_result_without_opt_rule,analysis_result_without_any_opt
0,operator_deletion_filter_push_up,ideal,6,2000,4326.715707778931,4550.8716106414795,25634.793043136597,25631.051063537598
1,operator_deletion_filter_push_up,ideal,6,2000,4088.062524795532,4579.521179199219,25457.74483680725,26996.907949447632
2,operator_deletion_filter_push_up,ideal,6,2000,4273.632526397705,4505.637884140015,26036.661386489868,28738.691806793213
3,operator_deletion_filter_push_up,ideal,6,2000,4165.00449180603,4335.810661315918,25117.26212501526,25900.31409263611
4,operator_deletion_filter_push_up,ideal,6,2000,4240.762710571289,4458.907842636108,25317.616939544678,25813.42315673828
5,operator_deletion_filter_push_up,ideal,6,2000,4189.822673797607,4519.076824188232,25300.15993118286,25402.410984039307
6,operator_deletion_filter_push_up,ideal,6,2000,4408.766031265259,4717.7581787109375,24703.53603363037,25341.116905212402
