repetition,optimization,scenario,variant_counts,scale_factors,original_pipeline,analysis_result_with_opt_rule,analysis_result_without_opt_rule,analysis_result_without_any_opt
0,filter_addition_push_up,worst_wo_original,6,1.0,1024.3115425109863,982.9778671264648,401.70764923095703,437.028169631958
1,filter_addition_push_up,worst_wo_original,6,1.0,999.7100830078125,975.6109714508057,382.43699073791504,408.68258476257324
2,filter_addition_push_up,worst_wo_original,6,1.0,979.029655456543,983.2174777984619,440.6583309173584,470.0353145599365
3,filter_addition_push_up,worst_wo_original,6,1.0,978.6007404327393,974.3669033050537,402.956485748291,430.85789680480957
4,filter_addition_push_up,worst_wo_original,6,1.0,962.9144668579102,984.6312999725342,401.30114555358887,428.16758155822754
5,filter_addition_push_up,worst_wo_original,6,1.0,962.7430438995361,986.3677024841309,386.6403102874756,412.27221488952637
6,filter_addition_push_up,worst_wo_original,6,1.0,959.8278999328613,973.6607074737549,369.31610107421875,393.9528465270996
