repetition,optimization,scenario,variant_counts,scale_factors,original_pipeline,analysis_result_with_opt,analysis_result_without_any_opt
0,common_subexpression_elimination,worst,4,1.0,638.8607025146484,920.0189113616943,2601.522207260132
1,common_subexpression_elimination,worst,4,1.0,666.8081283569336,932.0940971374512,2611.254930496216
2,common_subexpression_elimination,worst,4,1.0,635.9717845916748,979.5219898223877,2844.059705734253
3,common_subexpression_elimination,worst,4,1.0,649.7249603271484,934.1659545898438,2598.2701778411865
4,common_subexpression_elimination,worst,4,1.0,629.1706562042236,913.8920307159424,2627.953290939331
5,common_subexpression_elimination,worst,4,1.0,652.5850296020508,926.1538982391357,2629.4360160827637
6,common_subexpression_elimination,worst,4,1.0,644.1535949707031,933.5780143737793,2647.463083267212
