repetition,optimization,scenario,variant_counts,scale_factors,original_pipeline,analysis_result_with_opt_rule,analysis_result_without_opt_rule,analysis_result_without_any_opt
0,projection_push_up,worst,2,1.0,509.06991958618164,1009.3886852264404,1012.6340389251709,1028.6190509796143
1,projection_push_up,worst,2,1.0,501.420259475708,999.7777938842773,1005.6989192962646,1029.2015075683594
2,projection_push_up,worst,2,1.0,504.45055961608887,1013.0808353424072,1010.1568698883057,1033.6196422576904
3,projection_push_up,worst,2,1.0,502.5136470794678,997.290849685669,997.0898628234863,1016.2739753723145
4,projection_push_up,worst,2,1.0,510.0224018096924,991.262674331665,993.5014247894287,1070.7604885101318
5,projection_push_up,worst,2,1.0,509.43517684936523,996.9358444213867,999.1970062255859,1021.1212635040283
6,projection_push_up,worst,2,1.0,497.9562759399414,988.6107444763184,988.5358810424805,1009.0174674987793
