repetition,optimization,scenario,variant_counts,scale_factors,original_pipeline,analysis_result_with_reuse_opt_rule,analysis_result_with_push_up_opt_rule,analysis_result_without_opt_rule,analysis_result_without_any_opt
0,udf_split_and_reuse,worst_wo_safety,4,1.0,14.065027236938477,937.9849433898926,207.08513259887695,240.39363861083984,263.83066177368164
1,udf_split_and_reuse,worst_wo_safety,4,1.0,13.52238655090332,934.3321323394775,211.76981925964355,240.5242919921875,261.1532211303711
2,udf_split_and_reuse,worst_wo_safety,4,1.0,13.381004333496094,935.2273941040039,207.22150802612305,240.59343338012695,262.41421699523926
3,udf_split_and_reuse,worst_wo_safety,4,1.0,13.458967208862305,940.6535625457764,208.75144004821777,244.13490295410156,260.51998138427734
4,udf_split_and_reuse,worst_wo_safety,4,1.0,13.230562210083008,929.314374923706,204.82325553894043,239.30907249450684,259.1121196746826
5,udf_split_and_reuse,worst_wo_safety,4,1.0,12.93182373046875,930.2794933319092,204.47158813476562,237.72549629211426,263.2877826690674
6,udf_split_and_reuse,worst_wo_safety,4,1.0,13.036012649536133,934.9493980407715,208.21452140808105,240.79394340515137,259.8450183868408
