repetition,optimization,scenario,variant_counts,data_size,original_pipeline,analysis_result_with_reuse_opt_rule,analysis_result_with_push_up_opt_rule,analysis_result_without_opt_rule,analysis_result_without_any_opt
0,udf_split_and_reuse,ideal,4,10000,58.893680572509766,883.7440013885498,2355.855703353882,2350.3360748291016,2662.416934967041
1,udf_split_and_reuse,ideal,4,10000,59.97204780578613,846.5478420257568,2352.6041507720947,2357.5820922851562,2530.256748199463
2,udf_split_and_reuse,ideal,4,10000,58.92014503479004,845.3078269958496,2268.5000896453857,2340.129852294922,2502.8862953186035
3,udf_split_and_reuse,ideal,4,10000,66.5440559387207,869.9698448181152,2359.5168590545654,2332.6590061187744,2546.5829372406006
4,udf_split_and_reuse,ideal,4,10000,63.21573257446289,868.8640594482422,2342.9341316223145,2392.688035964966,2472.628355026245
5,udf_split_and_reuse,ideal,4,10000,58.92539024353027,940.1071071624756,2308.3369731903076,2753.650188446045,3142.676830291748
6,udf_split_and_reuse,ideal,4,10000,85.45327186584473,898.3981609344482,2383.8257789611816,2535.3291034698486,2603.344202041626
