repetition,optimization,scenario,variant_counts,scale_factors,original_pipeline,analysis_result_with_opt_rule,analysis_result_without_opt_rule,analysis_result_without_any_opt
0,filter_addition_push_up,average,4,1.0,760.7862949371338,1081.3021659851074,1947.7970600128174,3136.6467475891113
1,filter_addition_push_up,average,4,1.0,682.5110912322998,958.3039283752441,1645.2202796936035,2871.60587310791
2,filter_addition_push_up,average,4,1.0,725.0769138336182,1122.5500106811523,1954.6988010406494,3311.155080795288
3,filter_addition_push_up,average,4,1.0,795.8347797393799,1030.9438705444336,1813.5418891906738,3324.226140975952
4,filter_addition_push_up,average,4,1.0,762.6538276672363,1054.0008544921875,1827.219009399414,3234.750986099243
5,filter_addition_push_up,average,4,1.0,709.2280387878418,1069.3390369415283,2241.1861419677734,3414.124011993408
6,filter_addition_push_up,average,4,1.0,836.7452621459961,1190.321922302246,2097.0139503479004,3506.226062774658
