repetition,optimization,scenario,variant_counts,scale_factors,original_pipeline,analysis_result_with_reuse_opt_rule,analysis_result_with_push_up_opt_rule,analysis_result_without_opt_rule,analysis_result_without_any_opt
0,udf_split_and_reuse,average,4,0.5,144.65737342834473,420.00794410705566,452.21614837646484,552.7019500732422,743.6947822570801
1,udf_split_and_reuse,average,4,0.5,145.4939842224121,417.3581600189209,448.46200942993164,527.1670818328857,725.5420684814453
2,udf_split_and_reuse,average,4,0.5,143.28455924987793,432.5268268585205,440.05608558654785,554.0151596069336,729.2191982269287
3,udf_split_and_reuse,average,4,0.5,146.56877517700195,420.4699993133545,441.7259693145752,521.0633277893066,706.3140869140625
4,udf_split_and_reuse,average,4,0.5,149.9793529510498,410.3050231933594,446.0289478302002,555.6399822235107,738.1730079650879
5,udf_split_and_reuse,average,4,0.5,143.51534843444824,418.8241958618164,447.4611282348633,557.0371150970459,753.4992694854736
6,udf_split_and_reuse,average,4,0.5,147.49765396118164,418.8082218170166,459.6710205078125,522.1297740936279,944.5950984954834
