repetition,optimization,scenario,variant_counts,scale_factors,original_pipeline,analysis_result_with_reuse_opt_rule,analysis_result_with_push_up_opt_rule,analysis_result_without_opt_rule,analysis_result_without_any_opt
0,udf_split_and_reuse,worst_w_safety,6,1.0,42.649030685424805,1333.4176540374756,1331.6950798034668,1517.756700515747,1642.4033641815186
1,udf_split_and_reuse,worst_w_safety,6,1.0,42.9232120513916,1320.1029300689697,1324.6848583221436,1512.3369693756104,1626.4567375183105
2,udf_split_and_reuse,worst_w_safety,6,1.0,41.72062873840332,1340.3863906860352,1334.8264694213867,1534.5470905303955,1646.5485095977783
3,udf_split_and_reuse,worst_w_safety,6,1.0,41.22591018676758,1327.0394802093506,1323.411464691162,1527.0273685455322,1649.1284370422363
4,udf_split_and_reuse,worst_w_safety,6,1.0,42.47784614562988,1330.0457000732422,1327.453851699829,1528.7888050079346,1647.559642791748
5,udf_split_and_reuse,worst_w_safety,6,1.0,42.62661933898926,1328.214406967163,1326.0602951049805,1521.2523937225342,1647.9954719543457
6,udf_split_and_reuse,worst_w_safety,6,1.0,42.49382019042969,1335.089921951294,1329.820156097412,1526.031255722046,1633.3680152893066
