repetition,optimization,scenario,variant_counts,scale_factors,original_pipeline,analysis_result_with_reuse_opt_rule,analysis_result_with_push_up_opt_rule,analysis_result_without_opt_rule,analysis_result_without_any_opt
0,udf_split_and_reuse,worst_constant,4,1.0,481.95695877075195,886.580228805542,868.6389923095703,1269.2627906799316,2688.9219284057617
1,udf_split_and_reuse,worst_constant,4,1.0,507.43556022644043,882.343053817749,932.4278831481934,1284.2350006103516,2791.929244995117
2,udf_split_and_reuse,worst_constant,4,1.0,483.20531845092773,829.5841217041016,869.3559169769287,1256.6120624542236,2675.497055053711
3,udf_split_and_reuse,worst_constant,4,1.0,478.9743423461914,869.7681427001953,891.4611339569092,1242.3019409179688,2682.271718978882
4,udf_split_and_reuse,worst_constant,4,1.0,479.3972969055176,850.5611419677734,858.0820560455322,1243.546724319458,2646.260976791382
5,udf_split_and_reuse,worst_constant,4,1.0,477.0073890686035,855.7770252227783,877.6960372924805,1260.6122493743896,2673.542261123657
6,udf_split_and_reuse,worst_constant,4,1.0,475.39710998535156,852.4327278137207,866.1360740661621,1259.0389251708984,2706.6619396209717
