repetition,optimization,scenario,variant_counts,scale_factors,original_pipeline,analysis_result_with_opt_rule,analysis_result_without_opt_rule,analysis_result_without_any_opt
0,operator_deletion_filter_push_up,worst_safety_too_defensive,4,1.0,127.33054161071777,971.9958305358887,944.537878036499,963.1998538970947
1,operator_deletion_filter_push_up,worst_safety_too_defensive,4,1.0,113.13462257385254,897.6361751556396,891.9250965118408,922.6369857788086
2,operator_deletion_filter_push_up,worst_safety_too_defensive,4,1.0,118.38126182556152,904.1719436645508,913.1131172180176,1070.3589916229248
3,operator_deletion_filter_push_up,worst_safety_too_defensive,4,1.0,116.62507057189941,921.3290214538574,910.8250141143799,930.344820022583
4,operator_deletion_filter_push_up,worst_safety_too_defensive,4,1.0,107.10263252258301,891.542911529541,884.0382099151611,906.1770439147949
5,operator_deletion_filter_push_up,worst_safety_too_defensive,4,1.0,124.24635887145996,915.3420925140381,916.823148727417,932.4121475219727
6,operator_deletion_filter_push_up,worst_safety_too_defensive,4,1.0,128.71980667114258,950.2010345458984,952.4321556091309,967.8850173950195
