repetition,optimization,scenario,variant_counts,scale_factors,original_pipeline,analysis_result_with_opt_rule,analysis_result_without_opt_rule,analysis_result_without_any_opt
0,projection_push_up,ideal,2,1.0,1037.2343063354492,1159.7859859466553,2191.542148590088,2464.0681743621826
1,projection_push_up,ideal,2,1.0,1100.1486778259277,1025.8331298828125,1709.5942497253418,1718.52707862854
2,projection_push_up,ideal,2,1.0,866.6391372680664,913.6381149291992,1745.7468509674072,1743.7231540679932
3,projection_push_up,ideal,2,1.0,975.3937721252441,1048.5570430755615,1912.1208190917969,2134.505033493042
4,projection_push_up,ideal,2,1.0,882.1592330932617,878.8249492645264,1599.4009971618652,1670.4730987548828
5,projection_push_up,ideal,2,1.0,952.9163837432861,969.6638584136963,1927.6883602142334,2029.2279720306396
6,projection_push_up,ideal,2,1.0,993.384599685669,1055.6268692016602,2271.0421085357666,2272.6097106933594
