repetition,optimization,scenario,variant_counts,scale_factors,original_pipeline,analysis_result_with_opt_rule,analysis_result_without_opt_rule,analysis_result_without_any_opt
0,operator_deletion_filter_push_up,average,6,1.0,782.6254367828369,1657.3808193206787,2632.7741146087646,5292.008876800537
1,operator_deletion_filter_push_up,average,6,1.0,838.4647369384766,1321.8340873718262,3834.6240520477295,7363.072872161865
2,operator_deletion_filter_push_up,average,6,1.0,821.526050567627,1397.0832824707031,3165.3130054473877,7031.632900238037
3,operator_deletion_filter_push_up,average,6,1.0,952.296257019043,2194.948196411133,3805.134057998657,6095.381021499634
4,operator_deletion_filter_push_up,average,6,1.0,796.616792678833,1577.9261589050293,3740.8080101013184,7191.106796264648
5,operator_deletion_filter_push_up,average,6,1.0,1134.9067687988281,2075.737953186035,4015.662908554077,7053.779125213623
6,operator_deletion_filter_push_up,average,6,1.0,1395.5211639404297,1737.5390529632568,3599.2329120635986,5715.176820755005
