repetition,optimization,scenario,variant_counts,scale_factors,original_pipeline,analysis_result_with_opt_rule,analysis_result_without_opt_rule,analysis_result_without_any_opt
0,filter_addition_push_up,average,4,1.0,559.7994327545166,768.561601638794,1338.5612964630127,2229.001998901367
1,filter_addition_push_up,average,4,1.0,553.5728931427002,756.8581104278564,1320.4529285430908,2220.4020023345947
2,filter_addition_push_up,average,4,1.0,539.3805503845215,759.4234943389893,1331.902265548706,2211.8887901306152
3,filter_addition_push_up,average,4,1.0,566.0943984985352,765.859842300415,1347.705602645874,2243.616819381714
4,filter_addition_push_up,average,4,1.0,551.1982440948486,753.1139850616455,1324.486494064331,2223.205327987671
5,filter_addition_push_up,average,4,1.0,556.9167137145996,773.7996578216553,1350.4416942596436,2229.4204235076904
6,filter_addition_push_up,average,4,1.0,553.253173828125,767.5967216491699,1357.9003810882568,2238.990545272827
