repetition,optimization,scenario,variant_counts,data_size,original_pipeline,analysis_result_with_opt_rule,analysis_result_without_opt_rule,analysis_result_without_any_opt
0,operator_deletion_filter_push_up,ideal,10,1000,975.7955074310303,1123.7146854400635,9624.733209609985,9615.766048431396
1,operator_deletion_filter_push_up,ideal,10,1000,983.0265045166016,1106.044054031372,9847.868919372559,10054.245948791504
2,operator_deletion_filter_push_up,ideal,10,1000,1047.6746559143066,1086.2669944763184,9431.271314620972,9873.927116394043
3,operator_deletion_filter_push_up,ideal,10,1000,1001.6663074493408,1371.2592124938965,10662.550926208496,11335.462808609009
4,operator_deletion_filter_push_up,ideal,10,1000,1098.9437103271484,1272.5937366485596,10721.707105636597,10622.611999511719
5,operator_deletion_filter_push_up,ideal,10,1000,988.5578155517578,1102.5888919830322,9714.749813079834,9404.22010421753
6,operator_deletion_filter_push_up,ideal,10,1000,959.8727226257324,1103.0700206756592,9374.6919631958,9566.056966781616
