repetition,optimization,scenario,variant_counts,scale_factors,original_pipeline,analysis_result_with_opt_rule,analysis_result_without_opt_rule,analysis_result_without_any_opt
0,filter_addition_push_up,average,2,1.0,847.3985195159912,1022.8307247161865,1278.4969806671143,1733.6621284484863
1,filter_addition_push_up,average,2,1.0,836.7965221405029,985.9788417816162,1263.258695602417,1769.6471214294434
2,filter_addition_push_up,average,2,1.0,843.0473804473877,992.100715637207,1279.7770500183105,1760.09202003479
3,filter_addition_push_up,average,2,1.0,855.4186820983887,998.0618953704834,1283.6651802062988,1764.0008926391602
4,filter_addition_push_up,average,2,1.0,848.407506942749,993.6997890472412,1277.8818607330322,1760.4379653930664
5,filter_addition_push_up,average,2,1.0,851.6533374786377,999.0527629852295,1279.5379161834717,1758.9709758758545
6,filter_addition_push_up,average,2,1.0,850.5246639251709,996.3302612304688,1292.8719520568848,1771.6526985168457
