repetition,optimization,scenario,variant_counts,scale_factors,original_pipeline,analysis_result_with_opt_rule,analysis_result_without_opt_rule,analysis_result_without_any_opt
0,filter_addition_push_up,worst_w_original,2,1.0,1028.7439823150635,996.6640472412109,1086.9319438934326,1098.89817237854
1,filter_addition_push_up,worst_w_original,2,1.0,983.8097095489502,1009.3419551849365,1072.6418495178223,1075.958013534546
2,filter_addition_push_up,worst_w_original,2,1.0,1002.302885055542,998.2767105102539,1054.5008182525635,1069.2238807678223
3,filter_addition_push_up,worst_w_original,2,1.0,1007.5790882110596,1015.5501365661621,1059.140920639038,1224.3461608886719
4,filter_addition_push_up,worst_w_original,2,1.0,979.0780544281006,980.8838367462158,1042.0417785644531,1162.1911525726318
5,filter_addition_push_up,worst_w_original,2,1.0,1111.1681461334229,993.0419921875,1080.0220966339111,1077.0328044891357
6,filter_addition_push_up,worst_w_original,2,1.0,1000.3867149353027,1001.8720626831055,1069.6570873260498,1065.8810138702393
