repetition,optimization,scenario,variant_counts,scale_factors,original_pipeline,analysis_result_with_reuse_opt_rule,analysis_result_with_push_up_opt_rule,analysis_result_without_opt_rule,analysis_result_without_any_opt
0,udf_split_and_reuse,worst_constant,4,1.5,531.6429138183594,1125.6601810455322,1130.763053894043,1194.7588920593262,2492.9070472717285
1,udf_split_and_reuse,worst_constant,4,1.5,530.4734706878662,1095.4508781433105,1102.0445823669434,1181.4994812011719,2472.9347229003906
2,udf_split_and_reuse,worst_constant,4,1.5,532.1171283721924,1119.8854446411133,1117.8576946258545,1191.1039352416992,2504.1351318359375
3,udf_split_and_reuse,worst_constant,4,1.5,528.0942916870117,1106.762409210205,1114.7735118865967,1181.9911003112793,2474.4322299957275
4,udf_split_and_reuse,worst_constant,4,1.5,529.7555923461914,1127.4733543395996,1127.3458003997803,1192.1594142913818,2483.84690284729
5,udf_split_and_reuse,worst_constant,4,1.5,530.2762985229492,1118.9279556274414,1117.7306175231934,1194.4384574890137,2491.2681579589844
6,udf_split_and_reuse,worst_constant,4,1.5,531.0373306274414,1114.5246028900146,1121.9873428344727,1198.7428665161133,2490.0693893432617
