repetition,optimization,scenario,variant_counts,data_size,original_pipeline,analysis_result_with_opt_rule,analysis_result_without_opt_rule,analysis_result_without_any_opt
0,filter_addition_push_up,ideal,8,2000,219.50554847717285,217.52023696899414,1553.4541606903076,1813.1070137023926
1,filter_addition_push_up,ideal,8,2000,283.21266174316406,307.354211807251,2122.1048831939697,2186.038017272949
2,filter_addition_push_up,ideal,8,2000,240.74864387512207,256.8798065185547,1760.8518600463867,1862.2419834136963
3,filter_addition_push_up,ideal,8,2000,213.15622329711914,227.25391387939453,1554.2278289794922,1713.1221294403076
4,filter_addition_push_up,ideal,8,2000,195.62745094299316,210.30187606811523,1381.3807964324951,1486.7451190948486
5,filter_addition_push_up,ideal,8,2000,228.88779640197754,234.0989112854004,1612.950086593628,1731.7931652069092
6,filter_addition_push_up,ideal,8,2000,223.38461875915527,231.57215118408203,1637.7520561218262,1693.6922073364258
