repetition,optimization,scenario,variant_counts,data_size,original_pipeline,analysis_result_with_reuse_opt_rule,analysis_result_with_push_up_opt_rule,analysis_result_without_opt_rule,analysis_result_without_any_opt
0,udf_split_and_reuse,worst_w_safety,2,100000,133.774995803833,826.7178535461426,818.9811706542969,911.2341403961182,1041.6760444641113
1,udf_split_and_reuse,worst_w_safety,2,100000,131.303071975708,830.2609920501709,839.8020267486572,926.7063140869141,1018.3019638061523
2,udf_split_and_reuse,worst_w_safety,2,100000,122.60937690734863,831.2010765075684,832.122802734375,907.8311920166016,1041.7110919952393
3,udf_split_and_reuse,worst_w_safety,2,100000,125.4122257232666,857.764720916748,823.7178325653076,911.0989570617676,1045.8879470825195
4,udf_split_and_reuse,worst_w_safety,2,100000,127.0747184753418,838.6931419372559,806.3740730285645,923.3899116516113,1013.2122039794922
5,udf_split_and_reuse,worst_w_safety,2,100000,130.36513328552246,826.4939785003662,851.7928123474121,908.5969924926758,1053.4460544586182
6,udf_split_and_reuse,worst_w_safety,2,100000,122.16830253601074,827.1801471710205,850.7370948791504,909.4152450561523,1012.1169090270996
