repetition,optimization,scenario,variant_counts,data_size,original_pipeline,analysis_result_with_reuse_opt_rule,analysis_result_with_push_up_opt_rule,analysis_result_without_opt_rule,analysis_result_without_any_opt
0,udf_split_and_reuse,average,8,10000,36.99064254760742,92.86093711853027,108.5810661315918,227.93221473693848,400.44522285461426
1,udf_split_and_reuse,average,8,10000,37.51349449157715,91.97688102722168,111.9377613067627,235.4581356048584,402.82511711120605
2,udf_split_and_reuse,average,8,10000,38.36655616760254,93.09911727905273,119.32897567749023,240.47613143920898,589.2009735107422
3,udf_split_and_reuse,average,8,10000,38.83981704711914,99.37930107116699,111.51123046875,227.89287567138672,419.30294036865234
4,udf_split_and_reuse,average,8,10000,38.904666900634766,94.07186508178711,114.3651008605957,230.9257984161377,414.22414779663086
5,udf_split_and_reuse,average,8,10000,38.1007194519043,96.4508056640625,110.16654968261719,228.09410095214844,429.3951988220215
6,udf_split_and_reuse,average,8,10000,37.146568298339844,92.06604957580566,110.56685447692871,233.27016830444336,453.02414894104004
