repetition,optimization,scenario,variant_counts,scale_factors,original_pipeline,analysis_result_with_opt_rule,analysis_result_without_opt_rule,analysis_result_without_any_opt
0,filter_addition_push_up,worst_w_original,4,1.5,2191.5652751922607,2151.798963546753,2741.6629791259766,2844.951868057251
1,filter_addition_push_up,worst_w_original,4,1.5,2381.1659812927246,2643.079996109009,2967.017889022827,2713.914155960083
2,filter_addition_push_up,worst_w_original,4,1.5,2329.0536403656006,2646.5978622436523,2756.925106048584,2577.3589611053467
3,filter_addition_push_up,worst_w_original,4,1.5,2160.511016845703,2229.722261428833,2627.660036087036,3095.9670543670654
4,filter_addition_push_up,worst_w_original,4,1.5,2377.232551574707,2622.4770545959473,2818.2249069213867,2840.009927749634
5,filter_addition_push_up,worst_w_original,4,1.5,2439.8984909057617,2395.5841064453125,2834.1848850250244,2596.831798553467
6,filter_addition_push_up,worst_w_original,4,1.5,2138.132333755493,2163.1250381469727,2795.076847076416,3233.6440086364746
