repetition,optimization,scenario,variant_counts,scale_factors,original_pipeline,analysis_result_with_opt_rule,analysis_result_without_opt_rule,analysis_result_without_any_opt
0,projection_push_up,ideal,2,1.0,840.4295444488525,845.80397605896,1661.1533164978027,1889.1842365264893
1,projection_push_up,ideal,2,1.0,885.4019641876221,897.1884250640869,1758.490800857544,1806.234359741211
2,projection_push_up,ideal,2,1.0,878.4270286560059,884.3021392822266,1757.8480243682861,1801.316261291504
3,projection_push_up,ideal,2,1.0,907.5336456298828,908.8180065155029,1785.656213760376,1855.6292057037354
4,projection_push_up,ideal,2,1.0,981.8167686462402,988.0855083465576,1968.026876449585,2198.819637298584
5,projection_push_up,ideal,2,1.0,1041.8980121612549,1026.9734859466553,2031.322956085205,2093.621015548706
6,projection_push_up,ideal,2,1.0,849.7738838195801,855.1890850067139,1686.4213943481445,1727.7743816375732
