repetition,optimization,scenario,variant_counts,scale_factors,original_pipeline,analysis_result_with_opt_rule,analysis_result_without_opt_rule,analysis_result_without_any_opt
0,filter_addition_push_up,worst_wo_original,4,1.0,996.2031841278076,978.611946105957,289.7021770477295,324.54395294189453
1,filter_addition_push_up,worst_wo_original,4,1.0,965.5418395996094,979.7148704528809,247.30300903320312,267.17519760131836
2,filter_addition_push_up,worst_wo_original,4,1.0,991.5761947631836,989.206075668335,291.8698787689209,319.594144821167
3,filter_addition_push_up,worst_wo_original,4,1.0,988.3341789245605,987.8361225128174,195.73712348937988,213.9260768890381
4,filter_addition_push_up,worst_wo_original,4,1.0,990.5247688293457,1143.9659595489502,276.81708335876465,296.0999011993408
5,filter_addition_push_up,worst_wo_original,4,1.0,960.3016376495361,961.2171649932861,257.16090202331543,275.67195892333984
6,filter_addition_push_up,worst_wo_original,4,1.0,960.9105587005615,963.9511108398438,218.7638282775879,237.00404167175293
