repetition,optimization,scenario,variant_counts,scale_factors,original_pipeline,analysis_result_with_opt_rule,analysis_result_without_opt_rule,analysis_result_without_any_opt
0,filter_addition_push_up,ideal,4,1.5,2185.338020324707,2189.563989639282,8416.853189468384,8232.876300811768
1,filter_addition_push_up,ideal,4,1.5,2159.6648693084717,2382.5607299804688,8402.187824249268,8534.162521362305
2,filter_addition_push_up,ideal,4,1.5,2033.3268642425537,2287.1716022491455,8008.452415466309,8135.114669799805
3,filter_addition_push_up,ideal,4,1.5,2092.4735069274902,2321.2099075317383,8151.607275009155,8255.88059425354
4,filter_addition_push_up,ideal,4,1.5,2107.07688331604,2338.948965072632,8225.663661956787,8385.493755340576
5,filter_addition_push_up,ideal,4,1.5,2290.1952266693115,2065.432548522949,7953.160762786865,8141.92008972168
6,filter_addition_push_up,ideal,4,1.5,2068.307638168335,2080.9950828552246,8148.669004440308,8445.908069610596
