repetition,optimization,scenario,variant_counts,scale_factors,original_pipeline,analysis_result_with_opt_rule,analysis_result_without_opt_rule,analysis_result_without_any_opt
0,projection_push_up,ideal,8,1.0,916.6316986083984,945.5902576446533,7207.914590835571,7047.260999679565
1,projection_push_up,ideal,8,1.0,856.9536209106445,884.272575378418,6858.328580856323,6913.901090621948
2,projection_push_up,ideal,8,1.0,806.2319755554199,830.5318355560303,6246.496915817261,6734.183311462402
3,projection_push_up,ideal,8,1.0,903.9778709411621,915.5261516571045,6932.846546173096,7186.126232147217
4,projection_push_up,ideal,8,1.0,923.7306118011475,948.4603404998779,7454.251050949097,7539.467811584473
5,projection_push_up,ideal,8,1.0,837.5020027160645,867.9664134979248,6599.302530288696,7031.692743301392
6,projection_push_up,ideal,8,1.0,876.6074180603027,898.5002040863037,6745.8930015563965,6947.734355926514
