repetition,optimization,scenario,variant_counts,scale_factors,original_pipeline,analysis_result_with_opt_rule,analysis_result_without_opt_rule,analysis_result_without_any_opt
0,operator_deletion_filter_push_up,ideal,2,1.0,946.7597007751465,939.0711784362793,1828.1750679016113,1864.6349906921387
1,operator_deletion_filter_push_up,ideal,2,1.0,916.9857501983643,931.1087131500244,1853.4197807312012,1895.9221839904785
2,operator_deletion_filter_push_up,ideal,2,1.0,939.4772052764893,945.6260204315186,1874.4540214538574,1887.237310409546
3,operator_deletion_filter_push_up,ideal,2,1.0,938.5254383087158,1094.0983295440674,1873.6803531646729,1844.4850444793701
4,operator_deletion_filter_push_up,ideal,2,1.0,926.5398979187012,938.8830661773682,1871.6509342193604,1857.7451705932617
5,operator_deletion_filter_push_up,ideal,2,1.0,932.0452213287354,942.1658515930176,1854.9909591674805,1847.0170497894287
6,operator_deletion_filter_push_up,ideal,2,1.0,936.3934993743896,934.14306640625,1835.878849029541,1872.6320266723633
