repetition,optimization,scenario,variant_counts,scale_factors,original_pipeline,analysis_result_with_opt_rule,analysis_result_without_opt_rule,analysis_result_without_any_opt
0,projection_push_up,average,4,0.5,333.65416526794434,449.97668266296387,907.8478813171387,1608.9649200439453
1,projection_push_up,average,4,0.5,341.0003185272217,458.90283584594727,924.3321418762207,1580.9626579284668
2,projection_push_up,average,4,0.5,335.9384536743164,451.48682594299316,908.9670181274414,1610.9979152679443
3,projection_push_up,average,4,0.5,338.3049964904785,459.7487449645996,944.2281723022461,1605.531930923462
4,projection_push_up,average,4,0.5,327.72278785705566,449.58996772766113,906.0280323028564,1579.4188976287842
5,projection_push_up,average,4,0.5,325.32382011413574,452.6340961456299,929.7561645507812,1600.7087230682373
6,projection_push_up,average,4,0.5,336.8394374847412,472.991943359375,939.8727416992188,1595.285177230835
