repetition,optimization,scenario,variant_counts,scale_factors,original_pipeline,analysis_result_with_opt_rule,analysis_result_without_opt_rule,analysis_result_without_any_opt
0,operator_deletion_filter_push_up,average,2,1.0,532.4029922485352,568.4769153594971,760.3249549865723,1048.5329627990723
1,operator_deletion_filter_push_up,average,2,1.0,522.1889019012451,581.0601711273193,785.0031852722168,1072.829246520996
2,operator_deletion_filter_push_up,average,2,1.0,509.6414089202881,555.5386543273926,756.3230991363525,1063.3955001831055
3,operator_deletion_filter_push_up,average,2,1.0,518.1262493133545,572.4363327026367,779.3209552764893,1076.0233402252197
4,operator_deletion_filter_push_up,average,2,1.0,525.4330635070801,579.7779560089111,778.8019180297852,1080.2929401397705
5,operator_deletion_filter_push_up,average,2,1.0,542.4466133117676,584.2885971069336,791.8531894683838,1091.7565822601318
6,operator_deletion_filter_push_up,average,2,1.0,541.4769649505615,594.2597389221191,803.0083179473877,1097.3997116088867
