repetition,optimization,scenario,variant_counts,scale_factors,original_pipeline,analysis_result_with_reuse_opt_rule,analysis_result_with_push_up_opt_rule,analysis_result_without_opt_rule,analysis_result_without_any_opt
0,udf_split_and_reuse,worst_constant,2,1.0,347.3949432373047,549.3118762969971,550.5802631378174,581.03346824646,865.8297061920166
1,udf_split_and_reuse,worst_constant,2,1.0,348.57678413391113,545.1107025146484,548.0837821960449,576.0281085968018,871.0124492645264
2,udf_split_and_reuse,worst_constant,2,1.0,352.2670269012451,549.4105815887451,553.1930923461914,579.6136856079102,863.612174987793
3,udf_split_and_reuse,worst_constant,2,1.0,350.2011299133301,549.126148223877,547.1932888031006,575.7730007171631,869.0273761749268
4,udf_split_and_reuse,worst_constant,2,1.0,350.9533405303955,551.7027378082275,550.9395599365234,573.798418045044,860.5313301086426
5,udf_split_and_reuse,worst_constant,2,1.0,351.99499130249023,545.663595199585,549.6587753295898,573.1279850006104,862.3032569885254
6,udf_split_and_reuse,worst_constant,2,1.0,345.719575881958,540.6208038330078,544.4903373718262,571.1777210235596,853.0659675598145
