repetition,optimization,scenario,variant_counts,scale_factors,original_pipeline,analysis_result_with_opt_rule,analysis_result_without_opt_rule,analysis_result_without_any_opt
0,operator_deletion_filter_push_up,ideal,4,1.5,2336.6260528564453,2320.2712535858154,8884.816884994507,8885.21695137024
1,operator_deletion_filter_push_up,ideal,4,1.5,2232.595682144165,2244.2450523376465,8770.34616470337,8814.86988067627
2,operator_deletion_filter_push_up,ideal,4,1.5,2236.0312938690186,2279.3591022491455,8713.553190231323,8801.750183105469
3,operator_deletion_filter_push_up,ideal,4,1.5,2189.6703243255615,2239.146947860718,8615.476131439209,9048.923015594482
4,operator_deletion_filter_push_up,ideal,4,1.5,2257.9166889190674,2309.520959854126,8776.1709690094,8824.43618774414
5,operator_deletion_filter_push_up,ideal,4,1.5,2198.3728408813477,2343.853712081909,8813.577890396118,9051.939249038696
6,operator_deletion_filter_push_up,ideal,4,1.5,2226.893424987793,2251.077175140381,8733.098983764648,8856.462717056274
