repetition,optimization,scenario,variant_counts,scale_factors,original_pipeline,analysis_result_with_reuse_opt_rule,analysis_result_with_push_up_opt_rule,analysis_result_without_opt_rule,analysis_result_without_any_opt
0,udf_split_and_reuse,worst_w_safety,6,1.0,55.455684661865234,1432.1839809417725,1409.386157989502,1590.7368659973145,1763.5891437530518
1,udf_split_and_reuse,worst_w_safety,6,1.0,54.82029914855957,1402.1661281585693,1415.6172275543213,1670.7520484924316,1791.5549278259277
2,udf_split_and_reuse,worst_w_safety,6,1.0,59.48781967163086,1421.6790199279785,1423.2378005981445,1592.1540260314941,1767.599105834961
3,udf_split_and_reuse,worst_w_safety,6,1.0,61.24758720397949,1445.284128189087,1432.8277111053467,1675.7361888885498,1816.9972896575928
4,udf_split_and_reuse,worst_w_safety,6,1.0,59.8447322845459,1423.0189323425293,1419.2357063293457,1618.0381774902344,1802.0460605621338
5,udf_split_and_reuse,worst_w_safety,6,1.0,61.174869537353516,1443.221092224121,1426.037073135376,1611.4158630371094,1776.3268947601318
6,udf_split_and_reuse,worst_w_safety,6,1.0,54.73780632019043,1422.6911067962646,1432.1441650390625,1604.2330265045166,1785.7379913330078
