repetition,optimization,scenario,variant_counts,scale_factors,original_pipeline,analysis_result_with_opt_rule,analysis_result_without_opt_rule,analysis_result_without_any_opt
0,filter_addition_push_up,worst_wo_original,8,1.0,1038.254976272583,1032.3054790496826,532.7386856079102,570.5525875091553
1,filter_addition_push_up,worst_wo_original,8,1.0,1028.1355381011963,1024.4967937469482,602.8957366943359,643.6352729797363
2,filter_addition_push_up,worst_wo_original,8,1.0,1024.7180461883545,1043.8547134399414,521.1679935455322,556.9396018981934
3,filter_addition_push_up,worst_wo_original,8,1.0,1261.1594200134277,1019.4401741027832,528.0687808990479,567.8229331970215
4,filter_addition_push_up,worst_wo_original,8,1.0,1010.9519958496094,1011.5664005279541,464.12181854248047,497.9972839355469
5,filter_addition_push_up,worst_wo_original,8,1.0,999.4966983795166,1008.915901184082,470.9498882293701,508.648157119751
6,filter_addition_push_up,worst_wo_original,8,1.0,997.0624446868896,1007.0292949676514,495.272159576416,532.4981212615967
