repetition,optimization,scenario,variant_counts,data_size,original_pipeline,analysis_result_with_opt_rule,analysis_result_without_opt_rule,analysis_result_without_any_opt
0,projection_push_up,ideal,6,2000,239.87865447998047,240.83518981933594,1352.1559238433838,1482.3412895202637
1,projection_push_up,ideal,6,2000,285.98928451538086,296.7679500579834,1709.6121311187744,1921.597957611084
2,projection_push_up,ideal,6,2000,323.4238624572754,323.43602180480957,1620.973825454712,1932.9729080200195
3,projection_push_up,ideal,6,2000,283.56099128723145,263.92388343811035,1486.1738681793213,1579.3871879577637
4,projection_push_up,ideal,6,2000,336.5979194641113,353.72328758239746,1688.9739036560059,1636.1160278320312
5,projection_push_up,ideal,6,2000,226.31454467773438,251.6636848449707,1265.0020122528076,1497.3788261413574
6,projection_push_up,ideal,6,2000,266.98970794677734,277.6319980621338,1488.5880947113037,1796.2360382080078
