repetition,optimization,scenario,variant_counts,scale_factors,original_pipeline,analysis_result_with_opt_rule,analysis_result_without_opt_rule,analysis_result_without_any_opt
0,filter_addition_push_up,worst_w_original,4,2.0,4019.5517539978027,3923.2070446014404,4570.793151855469,4523.187875747681
1,filter_addition_push_up,worst_w_original,4,2.0,3927.666187286377,3915.2817726135254,4898.316383361816,4650.697231292725
2,filter_addition_push_up,worst_w_original,4,2.0,3871.1423873901367,3877.9296875,4640.588760375977,4668.9207553863525
3,filter_addition_push_up,worst_w_original,4,2.0,3875.7388591766357,3906.1050415039062,4561.540126800537,4671.982288360596
4,filter_addition_push_up,worst_w_original,4,2.0,3852.78582572937,3935.4352951049805,4541.658639907837,4657.052516937256
5,filter_addition_push_up,worst_w_original,4,2.0,3907.130241394043,3892.3070430755615,4908.018112182617,4765.014171600342
6,filter_addition_push_up,worst_w_original,4,2.0,3893.3191299438477,3895.2784538269043,4591.256856918335,4710.979700088501
