repetition,optimization,scenario,variant_counts,data_size,original_pipeline,analysis_result_with_opt_rule,analysis_result_without_opt_rule,analysis_result_without_any_opt
0,filter_addition_push_up,worst_w_original,2,5000,1330.5411338806152,1343.324899673462,1430.171012878418,1659.520149230957
1,filter_addition_push_up,worst_w_original,2,5000,1406.9433212280273,1394.906997680664,1534.7459316253662,1472.4481105804443
2,filter_addition_push_up,worst_w_original,2,5000,1449.5348930358887,1395.1349258422852,1424.4110584259033,1437.2611045837402
3,filter_addition_push_up,worst_w_original,2,5000,1637.434482574463,1385.2977752685547,1425.47607421875,1466.02201461792
4,filter_addition_push_up,worst_w_original,2,5000,1284.9247455596924,1297.6140975952148,1310.218095779419,1374.6912479400635
5,filter_addition_push_up,worst_w_original,2,5000,1342.9794311523438,1382.7788829803467,1465.1851654052734,1497.9290962219238
6,filter_addition_push_up,worst_w_original,2,5000,1405.8091640472412,1391.901969909668,1430.7429790496826,1498.2001781463623
