repetition,optimization,scenario,variant_counts,scale_factors,original_pipeline,analysis_result_with_reuse_opt_rule,analysis_result_with_push_up_opt_rule,analysis_result_without_opt_rule,analysis_result_without_any_opt
0,udf_split_and_reuse,average,4,2.5,1259.7136497497559,1632.066011428833,1749.3603229522705,3943.3367252349854,5857.255458831787
1,udf_split_and_reuse,average,4,2.5,1244.3714141845703,1621.8631267547607,1735.1734638214111,3959.9006175994873,5834.132432937622
2,udf_split_and_reuse,average,4,2.5,1239.1247749328613,1618.0994510650635,1734.6882820129395,3930.3760528564453,5806.286096572876
3,udf_split_and_reuse,average,4,2.5,1261.3115310668945,1626.4023780822754,1745.99027633667,3948.404312133789,5807.804584503174
4,udf_split_and_reuse,average,4,2.5,1255.6734085083008,1628.878116607666,1787.841558456421,4112.220048904419,6207.042932510376
5,udf_split_and_reuse,average,4,2.5,1273.4932899475098,1656.23140335083,1776.0541439056396,4065.253496170044,5895.291090011597
6,udf_split_and_reuse,average,4,2.5,1261.4941596984863,1656.3336849212646,1770.1175212860107,3997.037410736084,5859.067440032959
