repetition,optimization,scenario,variant_counts,scale_factors,original_pipeline,analysis_result_with_reuse_opt_rule,analysis_result_with_push_up_opt_rule,analysis_result_without_opt_rule,analysis_result_without_any_opt
0,udf_split_and_reuse,average,2,1.0,222.7461338043213,452.8183937072754,464.59150314331055,474.12633895874023,546.8039512634277
1,udf_split_and_reuse,average,2,1.0,209.2454433441162,454.4873237609863,456.8173885345459,466.1126136779785,552.4022579193115
2,udf_split_and_reuse,average,2,1.0,216.4020538330078,440.6130313873291,457.98182487487793,468.7676429748535,560.9285831451416
3,udf_split_and_reuse,average,2,1.0,213.8526439666748,450.427770614624,457.71121978759766,471.7521667480469,540.6210422515869
4,udf_split_and_reuse,average,2,1.0,220.18671035766602,451.86352729797363,472.4268913269043,493.7856197357178,552.9708862304688
5,udf_split_and_reuse,average,2,1.0,220.20626068115234,452.64267921447754,468.001127243042,477.5214195251465,550.5263805389404
6,udf_split_and_reuse,average,2,1.0,225.44312477111816,461.1048698425293,462.1701240539551,468.2619571685791,555.9413433074951
