repetition,optimization,scenario,variant_counts,scale_factors,original_pipeline,analysis_result_with_opt_rule,analysis_result_without_opt_rule,analysis_result_without_any_opt
0,operator_deletion_filter_push_up,worst_w_safety,6,1.0,231.98270797729492,1382.3130130767822,1363.483190536499,1528.972864151001
1,operator_deletion_filter_push_up,worst_w_safety,6,1.0,274.91140365600586,1458.9369297027588,1381.8349838256836,1587.162971496582
2,operator_deletion_filter_push_up,worst_w_safety,6,1.0,242.7346706390381,1431.3161373138428,1477.0472049713135,1496.6061115264893
3,operator_deletion_filter_push_up,worst_w_safety,6,1.0,212.75854110717773,1249.46928024292,1256.253957748413,1337.5730514526367
4,operator_deletion_filter_push_up,worst_w_safety,6,1.0,263.0615234375,1552.8080463409424,1557.8808784484863,1609.1041564941406
5,operator_deletion_filter_push_up,worst_w_safety,6,1.0,220.74198722839355,1330.3608894348145,1341.858148574829,1373.666763305664
6,operator_deletion_filter_push_up,worst_w_safety,6,1.0,242.6612377166748,1187.8669261932373,1184.1788291931152,1239.0191555023193
