repetition,optimization,scenario,variant_counts,scale_factors,original_pipeline,analysis_result_with_reuse_opt_rule,analysis_result_with_push_up_opt_rule,analysis_result_without_opt_rule,analysis_result_without_any_opt
0,udf_split_and_reuse,worst_wo_safety,2,1.0,46.07415199279785,1119.2677021026611,147.60994911193848,214.2493724822998,200.89006423950195
1,udf_split_and_reuse,worst_wo_safety,2,1.0,47.719717025756836,1406.7409038543701,186.9199275970459,236.7231845855713,205.57594299316406
2,udf_split_and_reuse,worst_wo_safety,2,1.0,59.66448783874512,1766.1809921264648,209.78808403015137,323.7161636352539,359.81202125549316
3,udf_split_and_reuse,worst_wo_safety,2,1.0,37.33658790588379,1500.6890296936035,176.83696746826172,203.3998966217041,256.2990188598633
4,udf_split_and_reuse,worst_wo_safety,2,1.0,27.983427047729492,1361.358880996704,206.6328525543213,268.552303314209,319.1559314727783
5,udf_split_and_reuse,worst_wo_safety,2,1.0,61.9966983795166,1331.723928451538,149.14178848266602,281.53324127197266,363.58094215393066
6,udf_split_and_reuse,worst_wo_safety,2,1.0,56.11062049865723,1129.8270225524902,129.26506996154785,185.5618953704834,302.78491973876953
