repetition,optimization,scenario,variant_counts,data_size,original_pipeline,analysis_result_with_opt_rule,analysis_result_without_opt_rule,analysis_result_without_any_opt
0,filter_addition_push_up,worst_w_original,8,5000,1233.7467670440674,1247.5457191467285,1777.2459983825684,1881.3319206237793
1,filter_addition_push_up,worst_w_original,8,5000,1379.6091079711914,1364.3608093261719,1947.3190307617188,2304.5318126678467
2,filter_addition_push_up,worst_w_original,8,5000,1343.519926071167,1331.916093826294,1932.041883468628,2336.294174194336
3,filter_addition_push_up,worst_w_original,8,5000,1176.4836311340332,1167.968988418579,1689.178228378296,1847.35107421875
4,filter_addition_push_up,worst_w_original,8,5000,1375.6911754608154,1373.9337921142578,2031.661033630371,2172.6160049438477
5,filter_addition_push_up,worst_w_original,8,5000,1249.9756813049316,1270.6968784332275,1685.9970092773438,1952.6689052581787
6,filter_addition_push_up,worst_w_original,8,5000,1510.7030868530273,1381.282091140747,1942.1250820159912,2255.6562423706055
