repetition,optimization,scenario,variant_counts,scale_factors,original_pipeline,analysis_result_with_opt,analysis_result_without_any_opt
0,common_subexpression_elimination,ideal,4,1.0,984.9250316619873,967.5524234771729,4072.8440284729004
1,common_subexpression_elimination,ideal,4,1.0,1018.6035633087158,1027.3988246917725,4109.943389892578
2,common_subexpression_elimination,ideal,4,1.0,979.1069030761719,974.2987155914307,3925.8639812469482
3,common_subexpression_elimination,ideal,4,1.0,994.2162036895752,1002.4890899658203,4181.93507194519
4,common_subexpression_elimination,ideal,4,1.0,1085.0486755371094,1082.0143222808838,4365.528583526611
5,common_subexpression_elimination,ideal,4,1.0,756.7839622497559,766.9174671173096,3294.3899631500244
6,common_subexpression_elimination,ideal,4,1.0,882.9584121704102,873.5878467559814,3489.992380142212
