repetition,optimization,scenario,variant_counts,scale_factors,original_pipeline,analysis_result_with_opt_rule,analysis_result_without_opt_rule,analysis_result_without_any_opt
0,projection_push_up,worst,4,1.0,485.7959747314453,943.8409805297852,1309.8468780517578,2572.9660987854004
1,projection_push_up,worst,4,1.0,464.84994888305664,912.5461578369141,1215.4972553253174,2719.5301055908203
2,projection_push_up,worst,4,1.0,493.9243793487549,1090.5449390411377,1252.471923828125,2643.6290740966797
3,projection_push_up,worst,4,1.0,468.11699867248535,899.5928764343262,1243.0229187011719,2972.430944442749
4,projection_push_up,worst,4,1.0,478.47723960876465,1324.7480392456055,1421.342372894287,2774.2021083831787
5,projection_push_up,worst,4,1.0,579.4398784637451,1068.1252479553223,1288.1340980529785,2654.7489166259766
6,projection_push_up,worst,4,1.0,461.00473403930664,1010.1141929626465,1310.0199699401855,2840.2230739593506
