repetition,optimization,scenario,variant_counts,scale_factors,original_pipeline,analysis_result_with_opt_rule,analysis_result_without_opt_rule,analysis_result_without_any_opt
0,operator_deletion_filter_push_up,worst_wo_safety,6,1.0,74.95307922363281,1017.5879001617432,406.5432548522949,459.82813835144043
1,operator_deletion_filter_push_up,worst_wo_safety,6,1.0,66.04933738708496,1117.4757480621338,353.5637855529785,396.27790451049805
2,operator_deletion_filter_push_up,worst_wo_safety,6,1.0,66.59173965454102,977.1981239318848,362.82992362976074,408.4451198577881
3,operator_deletion_filter_push_up,worst_wo_safety,6,1.0,55.37533760070801,964.1249179840088,302.46686935424805,339.141845703125
4,operator_deletion_filter_push_up,worst_wo_safety,6,1.0,59.72886085510254,961.5159034729004,334.1350555419922,371.75703048706055
5,operator_deletion_filter_push_up,worst_wo_safety,6,1.0,59.08775329589844,991.551399230957,324.296236038208,365.0660514831543
6,operator_deletion_filter_push_up,worst_wo_safety,6,1.0,70.61100006103516,981.5151691436768,359.6980571746826,403.0797481536865
