repetition,optimization,scenario,variant_counts,scale_factors,original_pipeline,analysis_result_with_reuse_opt_rule,analysis_result_with_push_up_opt_rule,analysis_result_without_opt_rule,analysis_result_without_any_opt
0,udf_split_and_reuse,worst_w_safety,2,1.0,41.9619083404541,477.0841598510742,471.0502624511719,523.8175392150879,544.7313785552979
1,udf_split_and_reuse,worst_w_safety,2,1.0,40.73834419250488,472.5332260131836,474.0450382232666,525.4545211791992,549.8156547546387
2,udf_split_and_reuse,worst_w_safety,2,1.0,40.688514709472656,471.5535640716553,472.8503227233887,523.998498916626,544.7192192077637
3,udf_split_and_reuse,worst_w_safety,2,1.0,40.923118591308594,474.2763042449951,471.4200496673584,522.60422706604,545.7327365875244
4,udf_split_and_reuse,worst_w_safety,2,1.0,40.762901306152344,472.0458984375,475.1303195953369,522.484302520752,547.2564697265625
5,udf_split_and_reuse,worst_w_safety,2,1.0,40.93289375305176,473.8922119140625,476.3171672821045,524.9123573303223,545.4723834991455
6,udf_split_and_reuse,worst_w_safety,2,1.0,40.08316993713379,476.55224800109863,475.86631774902344,525.862455368042,550.8356094360352
