repetition,optimization,scenario,variant_counts,data_size,original_pipeline,analysis_result_with_opt_rule,analysis_result_without_opt_rule,analysis_result_without_any_opt
0,filter_addition_push_up,average,10,100000,288.3005142211914,682.8720569610596,1618.4656620025635,3079.1869163513184
1,filter_addition_push_up,average,10,100000,339.1411304473877,739.8068904876709,1601.4459133148193,3781.269073486328
2,filter_addition_push_up,average,10,100000,315.4914379119873,724.7071266174316,1558.377981185913,3260.52188873291
3,filter_addition_push_up,average,10,100000,329.6666145324707,666.9950485229492,1284.8420143127441,3288.2332801818848
4,filter_addition_push_up,average,10,100000,290.524959564209,649.9910354614258,1445.0469017028809,3279.643774032593
5,filter_addition_push_up,average,10,100000,323.54021072387695,665.1439666748047,1437.723159790039,3606.1530113220215
6,filter_addition_push_up,average,10,100000,263.3507251739502,592.5147533416748,1342.6110744476318,2931.415796279907
