repetition,optimization,scenario,variant_counts,scale_factors,original_pipeline,analysis_result_with_opt_rule,analysis_result_without_opt_rule,analysis_result_without_any_opt
0,projection_push_up,worst,4,0.5,261.4562511444092,478.6651134490967,632.544755935669,1436.4769458770752
1,projection_push_up,worst,4,0.5,267.9424285888672,473.7081527709961,810.2560043334961,1487.1790409088135
2,projection_push_up,worst,4,0.5,246.65284156799316,463.3948802947998,604.8049926757812,1299.9629974365234
3,projection_push_up,worst,4,0.5,241.72163009643555,438.72594833374023,593.7490463256836,1285.1099967956543
4,projection_push_up,worst,4,0.5,281.04281425476074,461.5437984466553,640.2199268341064,1362.6458644866943
5,projection_push_up,worst,4,0.5,267.43221282958984,518.1210041046143,677.8171062469482,1452.7461528778076
6,projection_push_up,worst,4,0.5,297.5649833679199,508.11004638671875,678.7028312683105,1507.3168277740479
