repetition,optimization,scenario,variant_counts,data_size,original_pipeline,analysis_result_with_reuse_opt_rule,analysis_result_with_push_up_opt_rule,analysis_result_without_opt_rule,analysis_result_without_any_opt
0,udf_split_and_reuse,worst_constant,4,10000,15.014886856079102,36.232948303222656,34.75189208984375,42.41204261779785,91.3851261138916
1,udf_split_and_reuse,worst_constant,4,10000,17.2579288482666,32.42230415344238,35.02178192138672,41.812896728515625,84.08784866333008
2,udf_split_and_reuse,worst_constant,4,10000,18.961191177368164,51.14388465881348,42.916059494018555,45.203208923339844,85.43515205383301
3,udf_split_and_reuse,worst_constant,4,10000,13.785123825073242,33.415794372558594,32.62591361999512,40.641069412231445,85.21294593811035
4,udf_split_and_reuse,worst_constant,4,10000,14.710187911987305,33.29205513000488,29.539823532104492,38.90705108642578,83.37998390197754
5,udf_split_and_reuse,worst_constant,4,10000,13.734102249145508,33.86497497558594,35.69674491882324,44.654130935668945,84.06400680541992
6,udf_split_and_reuse,worst_constant,4,10000,13.714790344238281,30.84278106689453,33.92386436462402,42.07277297973633,81.55703544616699
