repetition,optimization,scenario,variant_counts,scale_factors,original_pipeline,analysis_result_with_opt_rule,analysis_result_without_opt_rule,analysis_result_without_any_opt
0,filter_addition_push_up,worst_w_original,4,1.5,2327.3890018463135,2240.947484970093,2641.9832706451416,2639.8308277130127
1,filter_addition_push_up,worst_w_original,4,1.5,2245.070457458496,2247.2939491271973,2689.760208129883,2680.2124977111816
2,filter_addition_push_up,worst_w_original,4,1.5,2245.93448638916,2223.737955093384,2863.5737895965576,2608.835220336914
3,filter_addition_push_up,worst_w_original,4,1.5,2209.2201709747314,2222.313642501831,2518.8286304473877,2522.8500366210938
4,filter_addition_push_up,worst_w_original,4,1.5,2218.390703201294,2212.9967212677,2685.7223510742188,2762.3515129089355
5,filter_addition_push_up,worst_w_original,4,1.5,2204.648494720459,2202.9287815093994,2655.8008193969727,2730.367422103882
6,filter_addition_push_up,worst_w_original,4,1.5,2214.5824432373047,2219.1567420959473,2675.4188537597656,2728.2912731170654
