repetition,optimization,scenario,variant_counts,scale_factors,original_pipeline,analysis_result_with_opt_rule,analysis_result_without_opt_rule,analysis_result_without_any_opt
0,operator_deletion_filter_push_up,worst_safety_too_defensive,4,1.5,304.6221733093262,2250.1158714294434,2227.915048599243,2263.458251953125
1,operator_deletion_filter_push_up,worst_safety_too_defensive,4,1.5,319.34547424316406,2241.7500019073486,2242.7890300750732,2359.3640327453613
2,operator_deletion_filter_push_up,worst_safety_too_defensive,4,1.5,300.87757110595703,2402.5630950927734,2239.978075027466,2247.8840351104736
3,operator_deletion_filter_push_up,worst_safety_too_defensive,4,1.5,293.75481605529785,2227.465867996216,2235.1601123809814,2296.840190887451
4,operator_deletion_filter_push_up,worst_safety_too_defensive,4,1.5,301.6011714935303,2160.4158878326416,2129.6770572662354,2205.3418159484863
5,operator_deletion_filter_push_up,worst_safety_too_defensive,4,1.5,301.776647567749,2187.6590251922607,2190.3891563415527,2495.361089706421
6,operator_deletion_filter_push_up,worst_safety_too_defensive,4,1.5,324.1701126098633,2540.5120849609375,2327.9480934143066,2347.5680351257324
