repetition,optimization,scenario,variant_counts,scale_factors,original_pipeline,analysis_result_with_opt_rule,analysis_result_without_opt_rule,analysis_result_without_any_opt
0,filter_addition_push_up,worst_w_original,4,1.0,1001.166820526123,966.9995307922363,1149.9130725860596,1145.2481746673584
1,filter_addition_push_up,worst_w_original,4,1.0,970.073938369751,961.1153602600098,1175.7709980010986,1159.956932067871
2,filter_addition_push_up,worst_w_original,4,1.0,963.3724689483643,961.4107608795166,1126.1649131774902,1381.2038898468018
3,filter_addition_push_up,worst_w_original,4,1.0,947.2041130065918,939.8996829986572,1137.155532836914,1174.020767211914
4,filter_addition_push_up,worst_w_original,4,1.0,941.8439865112305,953.9003372192383,1100.4412174224854,1149.9218940734863
5,filter_addition_push_up,worst_w_original,4,1.0,948.3392238616943,952.5396823883057,1114.2752170562744,1156.1150550842285
6,filter_addition_push_up,worst_w_original,4,1.0,939.2242431640625,947.9901790618896,1114.823341369629,1156.618356704712
