repetition,optimization,scenario,variant_counts,scale_factors,original_pipeline,analysis_result_with_reuse_opt_rule,analysis_result_with_push_up_opt_rule,analysis_result_without_opt_rule,analysis_result_without_any_opt
0,udf_split_and_reuse,worst_w_safety,4,1.0,41.710853576660156,912.8220081329346,908.4484577178955,1024.533987045288,1091.1188125610352
1,udf_split_and_reuse,worst_w_safety,4,1.0,41.5494441986084,900.5441665649414,903.0110836029053,1014.0640735626221,1083.4643840789795
2,udf_split_and_reuse,worst_w_safety,4,1.0,40.66944122314453,905.585765838623,903.5398960113525,1010.7715129852295,1088.9668464660645
3,udf_split_and_reuse,worst_w_safety,4,1.0,41.08309745788574,904.5243263244629,903.7089347839355,1018.1784629821777,1085.0708484649658
4,udf_split_and_reuse,worst_w_safety,4,1.0,40.86589813232422,902.4732112884521,906.3694477081299,1012.9079818725586,1086.8244171142578
5,udf_split_and_reuse,worst_w_safety,4,1.0,40.80343246459961,902.8596878051758,906.6042900085449,1019.6020603179932,1086.3404273986816
6,udf_split_and_reuse,worst_w_safety,4,1.0,41.78452491760254,916.5189266204834,923.9645004272461,1025.066614151001,1103.883981704712
