repetition,optimization,scenario,variant_counts,scale_factors,original_pipeline,analysis_result_with_reuse_opt_rule,analysis_result_with_push_up_opt_rule,analysis_result_without_opt_rule,analysis_result_without_any_opt
0,udf_split_and_reuse,worst_constant,4,1.0,354.3081283569336,733.4325313568115,730.1425933837891,777.4276733398438,1648.036003112793
1,udf_split_and_reuse,worst_constant,4,1.0,354.2003631591797,729.5422554016113,735.9392642974854,788.9957427978516,1660.8314514160156
2,udf_split_and_reuse,worst_constant,4,1.0,358.2339286804199,725.2564430236816,732.6662540435791,778.8488864898682,1655.6034088134766
3,udf_split_and_reuse,worst_constant,4,1.0,352.7224063873291,722.9399681091309,731.8599224090576,783.078670501709,1655.6980609893799
4,udf_split_and_reuse,worst_constant,4,1.0,355.53836822509766,720.0677394866943,730.3447723388672,775.4654884338379,1638.1051540374756
5,udf_split_and_reuse,worst_constant,4,1.0,350.36349296569824,720.6737995147705,727.8611660003662,769.411563873291,1628.1020641326904
6,udf_split_and_reuse,worst_constant,4,1.0,351.7642021179199,726.6600131988525,729.276180267334,770.5380916595459,1643.8663005828857
