repetition,optimization,scenario,variant_counts,scale_factors,original_pipeline,analysis_result_with_opt_rule,analysis_result_without_opt_rule,analysis_result_without_any_opt
0,operator_deletion_filter_push_up,average,6,1.0,587.968111038208,896.0251808166504,1880.1205158233643,3485.996723175049
1,operator_deletion_filter_push_up,average,6,1.0,586.3254070281982,910.9857082366943,1928.1845092773438,3485.713005065918
2,operator_deletion_filter_push_up,average,6,1.0,592.8909778594971,962.2390270233154,1972.264289855957,3607.6254844665527
3,operator_deletion_filter_push_up,average,6,1.0,598.9291667938232,939.1422271728516,1952.7983665466309,3559.695243835449
4,operator_deletion_filter_push_up,average,6,1.0,590.4350280761719,966.0253524780273,1950.8161544799805,3573.186159133911
5,operator_deletion_filter_push_up,average,6,1.0,595.465898513794,920.3431606292725,1926.4280796051025,3553.560733795166
6,operator_deletion_filter_push_up,average,6,1.0,576.2901306152344,928.8861751556396,1925.9734153747559,3579.136610031128
