repetition,optimization,scenario,variant_counts,scale_factors,original_pipeline,analysis_result_with_opt_rule,analysis_result_without_opt_rule,analysis_result_without_any_opt
0,operator_deletion_filter_push_up,worst_safety_too_defensive,10,1.0,40.799617767333984,881.6819190979004,857.1619987487793,1210.4864120483398
1,operator_deletion_filter_push_up,worst_safety_too_defensive,10,1.0,41.155338287353516,874.7725486755371,871.9866275787354,955.0364017486572
2,operator_deletion_filter_push_up,worst_safety_too_defensive,10,1.0,39.545536041259766,863.0757331848145,859.7149848937988,938.2922649383545
3,operator_deletion_filter_push_up,worst_safety_too_defensive,10,1.0,39.11113739013672,868.5870170593262,864.588737487793,947.5009441375732
4,operator_deletion_filter_push_up,worst_safety_too_defensive,10,1.0,40.38429260253906,888.657808303833,885.4148387908936,964.1737937927246
5,operator_deletion_filter_push_up,worst_safety_too_defensive,10,1.0,40.48299789428711,884.8366737365723,882.9050064086914,957.2858810424805
6,operator_deletion_filter_push_up,worst_safety_too_defensive,10,1.0,26.354312896728516,742.7146434783936,758.1791877746582,832.7581882476807
