repetition,optimization,scenario,variant_counts,data_size,original_pipeline,analysis_result_with_opt,analysis_result_without_any_opt
0,common_subexpression_elimination,ideal,10,2000,224.09367561340332,231.86302185058594,2217.740058898926
1,common_subexpression_elimination,ideal,10,2000,218.70994567871094,209.34414863586426,2215.8820629119873
2,common_subexpression_elimination,ideal,10,2000,254.9436092376709,261.64722442626953,2495.6018924713135
3,common_subexpression_elimination,ideal,10,2000,225.33202171325684,240.80705642700195,2208.5039615631104
4,common_subexpression_elimination,ideal,10,2000,245.19658088684082,248.04210662841797,2379.7543048858643
5,common_subexpression_elimination,ideal,10,2000,197.33071327209473,221.21691703796387,1940.2129650115967
6,common_subexpression_elimination,ideal,10,2000,362.2016906738281,249.95779991149902,2472.174882888794
