repetition,optimization,scenario,variant_counts,scale_factors,original_pipeline,analysis_result_with_opt_rule,analysis_result_without_opt_rule,analysis_result_without_any_opt
0,filter_addition_push_up,worst_w_original,10,1.0,1038.4154319763184,1013.2553577423096,1544.9576377868652,1581.8266868591309
1,filter_addition_push_up,worst_w_original,10,1.0,993.5393333435059,999.9871253967285,1525.270700454712,1553.6839962005615
2,filter_addition_push_up,worst_w_original,10,1.0,996.5975284576416,1236.3944053649902,1577.0041942596436,1624.901533126831
3,filter_addition_push_up,worst_w_original,10,1.0,976.7739772796631,990.7419681549072,1586.6742134094238,1644.751787185669
4,filter_addition_push_up,worst_w_original,10,1.0,967.8747653961182,989.7496700286865,1619.0869808197021,1667.2661304473877
5,filter_addition_push_up,worst_w_original,10,1.0,977.6380062103271,1006.3698291778564,1545.5331802368164,1599.54833984375
6,filter_addition_push_up,worst_w_original,10,1.0,986.0894680023193,1004.380464553833,1636.056900024414,1688.94362449646
