repetition,optimization,scenario,variant_counts,scale_factors,original_pipeline,analysis_result_with_opt,analysis_result_without_any_opt
0,common_subexpression_elimination,ideal,10,1.0,972.0959663391113,981.3306331634521,9758.434057235718
1,common_subexpression_elimination,ideal,10,1.0,1014.4829750061035,1026.261329650879,10472.276210784912
2,common_subexpression_elimination,ideal,10,1.0,976.7112731933594,985.4445457458496,10034.411668777466
3,common_subexpression_elimination,ideal,10,1.0,992.4736022949219,1000.770092010498,9998.257637023926
4,common_subexpression_elimination,ideal,10,1.0,1087.7141952514648,1095.5064296722412,11188.929080963135
5,common_subexpression_elimination,ideal,10,1.0,758.056640625,775.4473686218262,7673.815011978149
6,common_subexpression_elimination,ideal,10,1.0,879.43434715271,877.4247169494629,9021.275758743286
