repetition,optimization,scenario,variant_counts,scale_factors,original_pipeline,analysis_result_with_reuse_opt_rule,analysis_result_with_push_up_opt_rule,analysis_result_without_opt_rule,analysis_result_without_any_opt
0,udf_split_and_reuse,average,8,1.0,228.21617126464844,1438.4441375732422,1597.470998764038,1610.2921962738037,2126.7189979553223
1,udf_split_and_reuse,average,8,1.0,221.36211395263672,1468.6903953552246,1575.0141143798828,1623.1508255004883,2128.7972927093506
2,udf_split_and_reuse,average,8,1.0,223.64330291748047,1466.9749736785889,1606.4865589141846,1638.8797760009766,2184.718608856201
3,udf_split_and_reuse,average,8,1.0,230.12495040893555,1465.6157493591309,1560.272216796875,1607.7563762664795,2111.4234924316406
4,udf_split_and_reuse,average,8,1.0,224.8382568359375,1441.6308403015137,1574.0993022918701,1628.8564205169678,2119.190216064453
5,udf_split_and_reuse,average,8,1.0,228.6090850830078,1470.8278179168701,1576.4379501342773,1634.9544525146484,2120.6254959106445
6,udf_split_and_reuse,average,8,1.0,216.7835235595703,1458.3227634429932,1573.7791061401367,1592.5028324127197,2158.1125259399414
