repetition,scenario,dataset,data_loading,featurization,model,variant_count,total_exec_duration_with_opt,total_exec_duration_without_opt,opt_what_if_optimized_estimated,opt_what_if_unoptimized_estimated,opt_what_if_optimization_saving_estimated,opt_original_pipeline_estimated,opt_original_pipeline_importing_and_monkeypatching,opt_original_pipeline_without_importing_and_monkeypatching,opt_original_pipeline_model_training,opt_original_pipeline_train_data_shape,opt_original_pipeline_test_data_shape,opt_what_if_plan_generation,opt_what_if_query_optimization_duration,opt_what_if_execution,opt_what_if_execution_combined_model_training,no_opt_what_if_plan_generation,no_opt_what_if_query_optimization_duration,no_opt_what_if_execution,no_opt_what_if_execution_combined_model_training
0,data_corruption,reviews_1x,fast_loading,featurization_2,xgboost,25,115097.77927398682,1338319.8037147522,61099.05242919922,1288744.0502643585,1227644.9978351593,51549.76201057434,5.614757537841797,51908.64896774292,44115.26870727539,"(74997, 636)","(25000, 636)",0.44274330139160156,61.71536445617676,63119.032859802246,43907.38344192505,0.4913806915283203,17.928123474121094,1286137.7801895142,1092806.5338134766
1,data_corruption,reviews_1x,fast_loading,featurization_2,xgboost,25,115213.60969543457,1336836.626291275,60867.812633514404,1285593.467950821,1224725.6553173065,51423.73871803284,6.186962127685547,51777.82940864563,44028.281688690186,"(74997, 636)","(25000, 636)",0.4215240478515625,59.66353416442871,63345.36123275757,44110.61120033264,0.4146099090576172,17.482757568359375,1285034.6341133118,1091954.1397094727
2,data_corruption,reviews_1x,fast_loading,featurization_2,xgboost,25,115161.76009178162,1337553.6706447601,60938.3909702301,1287364.9954795837,1226426.6045093536,51494.59981918335,6.052494049072266,51857.32316970825,44098.22177886963,"(74997, 636)","(25000, 636)",0.4494190216064453,59.55767631530762,63210.59465408325,44136.25931739807,0.4229545593261719,17.404794692993164,1285554.2929172516,1092053.2660484314
