repetition,scenario,dataset,data_loading,featurization,model,variant_count,total_exec_duration_with_opt,total_exec_duration_without_opt,opt_what_if_optimized_estimated,opt_what_if_unoptimized_estimated,opt_what_if_optimization_saving_estimated,opt_original_pipeline_estimated,opt_original_pipeline_importing_and_monkeypatching,opt_original_pipeline_without_importing_and_monkeypatching,opt_original_pipeline_model_training,opt_original_pipeline_train_data_shape,opt_original_pipeline_test_data_shape,opt_what_if_plan_generation,opt_what_if_query_optimization_duration,opt_what_if_execution,opt_what_if_execution_combined_model_training,no_opt_what_if_plan_generation,no_opt_what_if_query_optimization_duration,no_opt_what_if_execution,no_opt_what_if_execution_combined_model_training
0,operator_impact,reviews_1x,fast_loading,featurization_2,xgboost,6,293414.37458992004,316868.3977127075,277237.2429793657,306059.946340877,28822.70336151129,51263.36097717285,5.672693252563477,51623.16060066223,43838.966608047485,"(74997, 636)","(25000, 636)",5.5084228515625,21.984338760375977,241755.40113449097,227548.49243164062,4.788875579833984,8.994340896606445,265048.9251613617,221496.14667892456
1,operator_impact,reviews_1x,fast_loading,featurization_2,xgboost,6,293555.24158477783,316794.0049171448,276912.4046006833,305547.8857198392,28635.481119155884,51170.971632003784,6.387948989868164,51531.922578811646,43803.49516868591,"(74997, 636)","(25000, 636)",4.762887954711914,21.525859832763672,241955.32631874084,227664.26372528076,4.8809051513671875,9.185552597045898,265122.06983566284,221459.81121063232
2,operator_impact,reviews_1x,fast_loading,featurization_2,xgboost,6,293540.5960083008,316748.9540576935,277133.9589930969,306053.72446550895,28919.76547241205,51256.322145462036,6.13093376159668,51623.400926589966,43822.82590866089,"(74997, 636)","(25000, 636)",4.857301712036133,22.014379501342773,241845.83520889282,227494.72188949585,4.724264144897461,9.170770645141602,265101.3708114624,221393.42164993286
