repetition,scenario,dataset,data_loading,featurization,model,variant_count,total_exec_duration_with_opt,total_exec_duration_without_opt,opt_what_if_optimized_estimated,opt_what_if_unoptimized_estimated,opt_what_if_optimization_saving_estimated,opt_original_pipeline_estimated,opt_original_pipeline_importing_and_monkeypatching,opt_original_pipeline_without_importing_and_monkeypatching,opt_original_pipeline_model_training,opt_original_pipeline_train_data_shape,opt_original_pipeline_test_data_shape,opt_what_if_plan_generation,opt_what_if_query_optimization_duration,opt_what_if_execution,opt_what_if_execution_combined_model_training,no_opt_what_if_plan_generation,no_opt_what_if_query_optimization_duration,no_opt_what_if_execution,no_opt_what_if_execution_combined_model_training
0,data_cleaning,folktables_10x,fast_loading,featurization_2,xgboost,33,53163898.61655235,104368446.36464119,50563357.07139969,165868672.3845005,115305315.31310081,5024555.114030838,5.360841751098633,5024821.969985962,9725.603580474854,"(750000, 758)","(250000, 758)",1.2488365173339844,198.33993911743164,48138868.13759804,382877.6204586029,1.3916492462158203,35.99858283996582,101341702.73280144,379130.03730773926
1,data_cleaning,folktables_10x,fast_loading,featurization_2,xgboost,33,53202553.97939682,105237194.22888756,31167887.808561325,101874959.90252495,70707072.09396362,3085359.2545986176,6.687402725219727,3085620.3706264496,9684.083461761475,"(750000, 758)","(250000, 758)",1.3766288757324219,200.05130767822266,50116700.13785362,380786.64922714233,1.329660415649414,36.62848472595215,101968145.24292946,376969.25497055054
2,data_cleaning,folktables_10x,fast_loading,featurization_2,xgboost,33,38556385.031461716,103185171.25749588,32654920.500040054,106785948.3268261,74131027.82678604,3234181.1583042145,6.514072418212891,3234445.803165436,9661.683797836304,"(750000, 758)","(250000, 758)",2.38800048828125,471.61078453063965,35321435.03022194,377215.6825065613,1.3437271118164062,36.51881217956543,100108130.46169281,378374.4831085205
