repetition,scenario,dataset,data_loading,featurization,model,variant_count,total_exec_duration_with_opt,total_exec_duration_without_opt,opt_what_if_optimized_estimated,opt_what_if_unoptimized_estimated,opt_what_if_optimization_saving_estimated,opt_original_pipeline_estimated,opt_original_pipeline_importing_and_monkeypatching,opt_original_pipeline_without_importing_and_monkeypatching,opt_original_pipeline_model_training,opt_original_pipeline_train_data_shape,opt_original_pipeline_test_data_shape,opt_what_if_plan_generation,opt_what_if_query_optimization_duration,opt_what_if_execution,opt_what_if_execution_combined_model_training,no_opt_what_if_plan_generation,no_opt_what_if_query_optimization_duration,no_opt_what_if_execution,no_opt_what_if_execution_combined_model_training
0,feature_importance,reviews_1x,fast_loading,featurization_2,xgboost,5,105421.43416404724,309134.3195438385,53340.7244682312,258004.66060638428,204663.93613815308,51600.932121276855,5.7277679443359375,51975.64196586609,44081.056356430054,"(74997, 636)","(25000, 636)",0.2117156982421875,10.067462921142578,53427.54101753235,44132.86304473877,0.12159347534179688,3.8988590240478516,257006.13379478455,219479.55107688904
1,feature_importance,reviews_1x,fast_loading,featurization_2,xgboost,5,105430.96256256104,307468.60551834106,53277.33325958252,257703.9384841919,204426.60522460938,51540.78769683838,6.384372711181641,51912.657260894775,44118.54147911072,"(74997, 636)","(25000, 636)",0.1327991485595703,9.885787963867188,53467.49234199524,44136.50321960449,0.12683868408203125,3.8063526153564453,255386.53564453125,217779.62970733643
2,feature_importance,reviews_1x,fast_loading,featurization_2,xgboost,5,105538.10691833496,310375.1754760742,53320.70183753967,257968.20998191833,204647.50814437866,51593.64199638367,6.237506866455078,51962.66007423401,44159.96789932251,"(74997, 636)","(25000, 636)",0.1342296600341797,10.044336318969727,53527.313232421875,44222.474336624146,0.13327598571777344,3.807544708251953,258605.1890850067,220829.63371276855
