repetition,scenario,dataset,data_loading,featurization,model,variant_count,total_exec_duration_with_opt,total_exec_duration_without_opt,opt_what_if_optimized_estimated,opt_what_if_unoptimized_estimated,opt_what_if_optimization_saving_estimated,opt_original_pipeline_estimated,opt_original_pipeline_importing_and_monkeypatching,opt_original_pipeline_without_importing_and_monkeypatching,opt_original_pipeline_model_training,opt_original_pipeline_train_data_shape,opt_original_pipeline_test_data_shape,opt_what_if_plan_generation,opt_what_if_query_optimization_duration,opt_what_if_execution,opt_what_if_execution_combined_model_training,no_opt_what_if_plan_generation,no_opt_what_if_query_optimization_duration,no_opt_what_if_execution,no_opt_what_if_execution_combined_model_training
0,data_corruption,folktables_5x,fast_loading,featurization_2,xgboost,32,1525981.018781662,22574013.481616974,768085.2210521698,23624817.253112793,22856732.032060623,738275.5391597748,5.271434783935547,738534.2853069305,5074.302673339844,"(375000, 758)","(125000, 758)",0.5865097045898438,88.48357200622559,787349.6105670929,5135.936975479126,0.6210803985595703,23.05746078491211,21840328.511476517,162815.43111801147
1,data_corruption,folktables_5x,fast_loading,featurization_2,xgboost,32,1562064.687013626,23059286.454200745,811139.7473812103,24971816.314697266,24160676.567316055,780369.2598342896,6.359577178955078,780624.9258518219,4973.620176315308,"(375000, 758)","(125000, 758)",0.5750656127929688,90.44814109802246,781329.8232555389,5181.879043579102,0.6506443023681641,23.534059524536133,22314263.025522232,162929.3565750122
2,data_corruption,folktables_5x,fast_loading,featurization_2,xgboost,32,1379391.7274475098,21437135.01882553,664815.750837326,20268000.358581543,19603184.607744217,633375.0112056732,5.970001220703125,633627.1324157715,4927.258014678955,"(375000, 758)","(125000, 758)",0.5700588226318359,90.1327133178711,745654.0961265564,5114.471435546875,0.6051063537597656,321.3915824890137,20740678.768396378,163265.0809288025
