repetition,scenario,dataset,data_loading,featurization,model,variant_count,total_exec_duration_with_opt,total_exec_duration_without_opt,opt_what_if_optimized_estimated,opt_what_if_unoptimized_estimated,opt_what_if_optimization_saving_estimated,opt_original_pipeline_estimated,opt_original_pipeline_importing_and_monkeypatching,opt_original_pipeline_without_importing_and_monkeypatching,opt_original_pipeline_model_training,opt_original_pipeline_train_data_shape,opt_original_pipeline_test_data_shape,opt_what_if_plan_generation,opt_what_if_query_optimization_duration,opt_what_if_execution,opt_what_if_execution_combined_model_training,no_opt_what_if_plan_generation,no_opt_what_if_query_optimization_duration,no_opt_what_if_execution,no_opt_what_if_execution_combined_model_training
0,data_cleaning,reviews_10x,fast_loading,featurization_2,xgboost,20,6280344.559431076,9860237.698316574,5517194.279193878,9309233.903884888,3792039.6246910095,465461.6951942444,5.439519882202148,466038.05661201477,183681.79440498352,"(767852, 797)","(255951, 797)",0.7107257843017578,93.24836730957031,5814204.214811325,4087663.688659668,0.6718635559082031,22.16053009033203,9372573.678731918,4042923.3078956604
1,data_cleaning,reviews_10x,fast_loading,featurization_2,xgboost,20,6442561.522960663,9828787.41312027,5701436.565160751,9777095.413208008,4075658.8480472565,488854.7706604004,6.111383438110352,489391.6263580322,185313.68494033813,"(767852, 797)","(255951, 797)",0.6964206695556641,91.94731712341309,5952891.7281627655,4081880.1679611206,0.6399154663085938,21.951675415039062,9352952.57806778,4052995.2318668365
2,data_cleaning,reviews_10x,fast_loading,featurization_2,xgboost,20,6299836.320400238,9229830.40690422,4744952.5809288025,7147188.88759613,2402236.306667328,357359.4443798065,5.984067916870117,357892.13967323303,182250.64396858215,"(767852, 797)","(255951, 797)",0.6420612335205078,90.2109146118164,5941666.528224945,4089457.279443741,0.7505416870117188,22.356510162353516,8849141.065359116,4025590.631008148
