repetition,scenario,dataset,data_loading,featurization,model,variant_count,total_exec_duration_with_opt,total_exec_duration_without_opt,opt_what_if_optimized_estimated,opt_what_if_unoptimized_estimated,opt_what_if_optimization_saving_estimated,opt_original_pipeline_estimated,opt_original_pipeline_importing_and_monkeypatching,opt_original_pipeline_without_importing_and_monkeypatching,opt_original_pipeline_model_training,opt_original_pipeline_train_data_shape,opt_original_pipeline_test_data_shape,opt_what_if_plan_generation,opt_what_if_query_optimization_duration,opt_what_if_execution,opt_what_if_execution_combined_model_training,no_opt_what_if_plan_generation,no_opt_what_if_query_optimization_duration,no_opt_what_if_execution,no_opt_what_if_execution_combined_model_training
0,data_corruption,reviews_5x,fast_loading,featurization_2,xgboost,25,432553.35330963135,4730883.706331253,240253.2012462616,4509785.091876984,4269531.890630722,180391.40367507935,5.282402038574219,180832.67903327942,124922.50967025757,"(381927, 794)","(127309, 794)",0.4394054412841797,59.667110443115234,251652.51064300537,125435.75477600098,0.5176067352294922,16.799211502075195,4549397.547006607,3118930.5255413055
1,data_corruption,reviews_5x,fast_loading,featurization_2,xgboost,25,435074.50819015503,4740820.00541687,243796.39291763306,4588490.9927845,4344694.599866867,183539.63971138,6.086826324462891,183981.62055015564,124866.3535118103,"(381927, 794)","(127309, 794)",0.41961669921875,58.463335037231445,250939.16630744934,125213.08755874634,0.4477500915527344,16.83807373046875,4560226.051568985,3118571.1414813995
2,data_corruption,reviews_5x,fast_loading,featurization_2,xgboost,25,430196.9780921936,4721011.055469513,240209.50484275818,4494655.966758728,4254446.46191597,179786.23867034912,5.944252014160156,180228.58333587646,124260.84852218628,"(381927, 794)","(127309, 794)",0.4303455352783203,58.57992172241211,249786.84735298157,125194.46420669556,0.43320655822753906,16.91150665283203,4540301.04970932,3118569.132089615
