repetition,scenario,dataset,data_loading,featurization,model,variant_count,total_exec_duration_with_opt,total_exec_duration_without_opt,opt_what_if_optimized_estimated,opt_what_if_unoptimized_estimated,opt_what_if_optimization_saving_estimated,opt_original_pipeline_estimated,opt_original_pipeline_importing_and_monkeypatching,opt_original_pipeline_without_importing_and_monkeypatching,opt_original_pipeline_model_training,opt_original_pipeline_train_data_shape,opt_original_pipeline_test_data_shape,opt_what_if_plan_generation,opt_what_if_query_optimization_duration,opt_what_if_execution,opt_what_if_execution_combined_model_training,no_opt_what_if_plan_generation,no_opt_what_if_query_optimization_duration,no_opt_what_if_execution,no_opt_what_if_execution_combined_model_training
0,feature_importance,reviews_10x,fast_loading,featurization_2,xgboost,5,887687.9940032959,2767786.162853241,488129.4529438019,2327090.904712677,1838961.4517688751,465418.1809425354,5.321741104125977,465950.5796432495,188469.19989585876,"(767852, 797)","(255951, 797)",0.21719932556152344,9.648561477661133,421719.443321228,186553.92575263977,0.1347064971923828,3.8328170776367188,2295790.8511161804,901394.3049907684
1,feature_importance,reviews_10x,fast_loading,featurization_2,xgboost,5,878597.5306034088,2722935.8279705048,486312.0138645172,2318639.212846756,1832327.1989822388,463727.8425693512,6.490468978881836,464271.23260498047,183152.09984779358,"(767852, 797)","(255951, 797)",0.133514404296875,9.526729583740234,414089.19525146484,184036.4372730255,0.12636184692382812,3.761768341064453,2234097.5828170776,908106.1177253723
2,feature_importance,reviews_10x,fast_loading,featurization_2,xgboost,5,789049.8239994049,2644927.2921085358,386930.07135391235,1821450.4098892212,1434520.3385353088,364290.08197784424,6.209850311279297,364863.20757865906,182711.5876674652,"(767852, 797)","(255951, 797)",0.12111663818359375,9.59634780883789,423983.12735557556,185494.18568611145,0.13017654418945312,3.793478012084961,2287749.424934387,904810.1291656494
