repetition,scenario,dataset,data_loading,featurization,model,variant_count,total_exec_duration_with_opt,total_exec_duration_without_opt,opt_what_if_optimized_estimated,opt_what_if_unoptimized_estimated,opt_what_if_optimization_saving_estimated,opt_original_pipeline_estimated,opt_original_pipeline_importing_and_monkeypatching,opt_original_pipeline_without_importing_and_monkeypatching,opt_original_pipeline_model_training,opt_original_pipeline_train_data_shape,opt_original_pipeline_test_data_shape,opt_what_if_plan_generation,opt_what_if_query_optimization_duration,opt_what_if_execution,opt_what_if_execution_combined_model_training,no_opt_what_if_plan_generation,no_opt_what_if_query_optimization_duration,no_opt_what_if_execution,no_opt_what_if_execution_combined_model_training
0,feature_importance,folktables_1x,fast_loading,featurization_2,xgboost,8,34298.90418052673,151999.65047836304,20073.31395149231,150174.12185668945,130100.80790519714,18771.76523208618,5.327701568603516,19021.852254867554,1519.4916725158691,"(75000, 758)","(25000, 758)",0.2853870391845703,16.59250259399414,15252.593755722046,1506.4918994903564,0.13947486877441406,5.862236022949219,133407.8335762024,12155.826091766357
1,feature_importance,folktables_1x,fast_loading,featurization_2,xgboost,8,34942.24810600281,139165.91954231262,18590.168952941895,138383.68606567383,119793.51711273193,17297.96075820923,6.34002685546875,17543.556928634644,1510.9868049621582,"(75000, 758)","(25000, 758)",0.1461505889892578,17.202377319335938,17368.796348571777,1502.234697341919,0.14090538024902344,5.894660949707031,127284.25574302673,12181.313276290894
2,feature_importance,folktables_1x,fast_loading,featurization_2,xgboost,8,28408.496618270874,114200.22106170654,15481.152057647705,113472.86415100098,97991.71209335327,14184.108018875122,6.177663803100586,14430.06420135498,1510.8387470245361,"(75000, 758)","(25000, 758)",0.14138221740722656,17.24386215209961,13948.22096824646,1503.5662651062012,0.1392364501953125,5.933523178100586,98229.9816608429,12147.20368385315
