repetition,scenario,dataset,data_loading,featurization,model,variant_count,total_exec_duration_with_opt,total_exec_duration_without_opt,opt_what_if_optimized_estimated,opt_what_if_unoptimized_estimated,opt_what_if_optimization_saving_estimated,opt_original_pipeline_estimated,opt_original_pipeline_importing_and_monkeypatching,opt_original_pipeline_without_importing_and_monkeypatching,opt_original_pipeline_model_training,opt_original_pipeline_train_data_shape,opt_original_pipeline_test_data_shape,opt_what_if_plan_generation,opt_what_if_query_optimization_duration,opt_what_if_execution,opt_what_if_execution_combined_model_training,no_opt_what_if_plan_generation,no_opt_what_if_query_optimization_duration,no_opt_what_if_execution,no_opt_what_if_execution_combined_model_training
0,data_cleaning,reviews_5x,fast_loading,featurization_2,xgboost,20,3358508.4750652313,4189068.327188492,2819021.2037563324,3606411.714553833,787390.5107975006,180320.58572769165,5.363225936889648,180749.61948394775,124688.83609771729,"(381927, 794)","(127309, 794)",0.7007122039794922,92.60034561157227,3177657.39941597,2786706.9013118744,0.6508827209472656,22.12047576904297,4008476.452589035,2801946.473121643
1,data_cleaning,reviews_5x,fast_loading,featurization_2,xgboost,20,3376893.72754097,4163154.7651290894,2836747.7762699127,3653253.698348999,816505.9220790863,182662.68491744995,6.465435028076172,183093.5399532318,124864.18175697327,"(381927, 794)","(127309, 794)",0.6392002105712891,91.13883972167969,3193611.182451248,2788780.9212207794,0.6356239318847656,22.23801612854004,3982233.6785793304,2809634.0143680573
2,data_cleaning,reviews_5x,fast_loading,featurization_2,xgboost,20,3393924.259185791,4171453.1905651093,2880510.7431411743,3675217.604637146,794706.8614959717,183760.8802318573,6.061553955078125,184183.34555625916,127626.33061408997,"(381927, 794)","(127309, 794)",0.6611347198486328,89.10822868347168,3209537.3606681824,2815704.696416855,0.6606578826904297,21.995067596435547,3990219.1915512085,2816148.6620903015
