repetition,scenario,dataset,data_loading,featurization,model,variant_count,total_exec_duration_with_opt,total_exec_duration_without_opt,opt_what_if_optimized_estimated,opt_what_if_unoptimized_estimated,opt_what_if_optimization_saving_estimated,opt_original_pipeline_estimated,opt_original_pipeline_importing_and_monkeypatching,opt_original_pipeline_without_importing_and_monkeypatching,opt_original_pipeline_model_training,opt_original_pipeline_train_data_shape,opt_original_pipeline_test_data_shape,opt_what_if_plan_generation,opt_what_if_query_optimization_duration,opt_what_if_execution,opt_what_if_execution_combined_model_training,no_opt_what_if_plan_generation,no_opt_what_if_query_optimization_duration,no_opt_what_if_execution,no_opt_what_if_execution_combined_model_training
0,data_cleaning,folktables_1x,fast_loading,featurization_2,xgboost,33,233461.02166175842,451471.4572429657,206809.16213989258,535338.061094284,328528.8989543915,15946.37131690979,5.556821823120117,16199.27978515625,1517.967939376831,"(75000, 758)","(25000, 758)",1.2521743774414062,201.44009590148926,217050.52876472473,63856.90665245056,1.1963844299316406,35.74943542480469,440115.22221565247,63831.60066604614
1,data_cleaning,folktables_1x,fast_loading,featurization_2,xgboost,33,241999.50981140137,428683.5083961487,168668.43724250793,409819.9768066406,241151.5395641327,12143.617153167725,7.200956344604492,12387.489318847656,1513.4351253509521,"(75000, 758)","(25000, 758)",1.2242794036865234,196.10190391540527,229395.95937728882,64110.445737838745,1.2671947479248047,35.851240158081055,416810.89067459106,63688.210010528564
2,data_cleaning,folktables_1x,fast_loading,featurization_2,xgboost,33,208624.35865402222,413762.5455856323,164204.70809936523,396621.8569278717,232417.14882850647,11746.298551559448,6.620168685913086,11990.719556808472,1499.0007877349854,"(75000, 758)","(25000, 758)",2.2454261779785156,440.54174423217773,196172.86682128906,63326.40290260315,1.310586929321289,36.02242469787598,402310.7500076294,63217.344999313354
