repetition,scenario,dataset,data_loading,featurization,model,variant_count,total_exec_duration_with_opt,total_exec_duration_without_opt,opt_what_if_optimized_estimated,opt_what_if_unoptimized_estimated,opt_what_if_optimization_saving_estimated,opt_original_pipeline_estimated,opt_original_pipeline_importing_and_monkeypatching,opt_original_pipeline_without_importing_and_monkeypatching,opt_original_pipeline_model_training,opt_original_pipeline_train_data_shape,opt_original_pipeline_test_data_shape,opt_what_if_plan_generation,opt_what_if_query_optimization_duration,opt_what_if_execution,opt_what_if_execution_combined_model_training,no_opt_what_if_plan_generation,no_opt_what_if_query_optimization_duration,no_opt_what_if_execution,no_opt_what_if_execution_combined_model_training
0,feature_importance,folktables_10x,fast_loading,featurization_2,xgboost,8,9188881.930589676,43380338.38701248,5018677.136898041,40040676.64337158,35021999.50647354,5005084.580421448,5.21087646484375,5005351.266622543,9772.326946258545,"(750000, 758)","(250000, 758)",0.2951622009277344,16.503572463989258,4183506.0815811157,9795.511722564697,0.1614093780517578,5.870342254638672,38312673.70939255,76602.82397270203
1,feature_importance,folktables_10x,fast_loading,featurization_2,xgboost,8,9464868.928909302,40494839.47110176,4943346.049547195,39439221.34971619,34495875.30016899,4929902.668714523,6.196022033691406,4930167.847156525,9790.826797485352,"(750000, 758)","(250000, 758)",0.1647472381591797,17.160654067993164,4534658.20646286,9522.077322006226,0.1628398895263672,5.914211273193359,36621203.54795456,76542.57082939148
2,feature_importance,folktables_10x,fast_loading,featurization_2,xgboost,8,7766178.760766983,40517601.77397728,3454464.370250702,27529353.574752808,24074889.204502106,3441169.196844101,6.026506423950195,3441433.0308437347,9718.379735946655,"(750000, 758)","(250000, 758)",0.1709461212158203,17.713546752929688,4324701.927185059,9554.584741592407,0.16236305236816406,5.94019889831543,37171279.818058014,76811.27619743347
