repetition,scenario,dataset,data_loading,featurization,model,variant_count,total_exec_duration_with_opt,total_exec_duration_without_opt,opt_what_if_optimized_estimated,opt_what_if_unoptimized_estimated,opt_what_if_optimization_saving_estimated,opt_original_pipeline_estimated,opt_original_pipeline_importing_and_monkeypatching,opt_original_pipeline_without_importing_and_monkeypatching,opt_original_pipeline_model_training,opt_original_pipeline_train_data_shape,opt_original_pipeline_test_data_shape,opt_what_if_plan_generation,opt_what_if_query_optimization_duration,opt_what_if_execution,opt_what_if_execution_combined_model_training,no_opt_what_if_plan_generation,no_opt_what_if_query_optimization_duration,no_opt_what_if_execution,no_opt_what_if_execution_combined_model_training
0,data_cleaning,reviews_1x,fast_loading,featurization_2,xgboost,20,1066852.4241447449,1175884.0498924255,935752.0561218262,1047837.9440307617,112085.88790893555,52391.897201538086,5.695581436157227,52754.502296447754,44995.779037475586,"(74997, 636)","(25000, 636)",0.6465911865234375,94.31028366088867,1013994.4729804993,968671.3507175446,0.7011890411376953,22.79520034790039,1123659.3034267426,964103.60455513
1,data_cleaning,reviews_1x,fast_loading,featurization_2,xgboost,20,1064523.7624645233,1173255.6691169739,916661.8747711182,1028251.0900497437,111589.21527862549,51412.55450248718,6.273746490478516,51772.17721939087,44055.85837364197,"(74997, 636)","(25000, 636)",0.6358623504638672,92.96464920043945,1012628.3881664276,967411.0205173492,0.6301403045654297,22.568702697753906,1121453.0341625214,962906.1121940613
2,data_cleaning,reviews_1x,fast_loading,featurization_2,xgboost,20,1063417.5357818604,1173699.12981987,917902.8151035309,1029761.4479064941,111858.63280296326,51488.07239532471,6.409168243408203,51853.87063026428,44107.643365859985,"(74997, 636)","(25000, 636)",0.6268024444580078,91.50838851928711,1011441.1463737488,966472.580909729,0.7305145263671875,22.687196731567383,1121571.0706710815,962557.8382015228
