repetition,scenario,dataset,data_loading,featurization,model,variant_count,total_exec_duration_with_opt,total_exec_duration_without_opt,opt_what_if_optimized_estimated,opt_what_if_unoptimized_estimated,opt_what_if_optimization_saving_estimated,opt_original_pipeline_estimated,opt_original_pipeline_importing_and_monkeypatching,opt_original_pipeline_without_importing_and_monkeypatching,opt_original_pipeline_model_training,opt_original_pipeline_train_data_shape,opt_original_pipeline_test_data_shape,opt_what_if_plan_generation,opt_what_if_query_optimization_duration,opt_what_if_execution,opt_what_if_execution_combined_model_training,no_opt_what_if_plan_generation,no_opt_what_if_query_optimization_duration,no_opt_what_if_execution,no_opt_what_if_execution_combined_model_training
0,data_cleaning,folktables_5x,fast_loading,featurization_2,xgboost,33,8417329.00428772,23320114.951610565,7840886.533260345,25353560.13607979,17512673.602819443,767352.0882129669,5.252838134765625,767608.2441806793,5156.8708419799805,"(375000, 758)","(125000, 758)",1.2784004211425781,199.10502433776855,7649511.650562286,204890.8085823059,1.409292221069336,35.16101837158203,22660048.525571823,202686.69152259827
1,data_cleaning,folktables_5x,fast_loading,featurization_2,xgboost,33,8282699.686527252,21935139.147520065,7368629.511356354,23807641.721248627,16439012.209892273,720524.115562439,7.012367248535156,720782.705783844,5057.6512813568115,"(375000, 758)","(125000, 758)",1.3332366943359375,193.73273849487305,7561696.296215057,202369.85325813293,1.415252685546875,36.01813316345215,21282803.87687683,203003.85570526123
2,data_cleaning,folktables_5x,fast_loading,featurization_2,xgboost,33,8654229.21204567,21093111.8581295,6407051.343679428,20622868.74318123,14215817.3995018,623995.6419467926,6.880998611450195,624251.4550685883,5168.759822845459,"(375000, 758)","(125000, 758)",2.3603439331054688,434.4761371612549,8029514.72568512,204950.75631141663,1.3775825500488281,36.014556884765625,20494256.366729736,203514.32299613953
