repetition,scenario,dataset,data_loading,featurization,model,variant_count,total_exec_duration_with_opt,total_exec_duration_without_opt,opt_what_if_optimized_estimated,opt_what_if_unoptimized_estimated,opt_what_if_optimization_saving_estimated,opt_original_pipeline_estimated,opt_original_pipeline_importing_and_monkeypatching,opt_original_pipeline_without_importing_and_monkeypatching,opt_original_pipeline_model_training,opt_original_pipeline_train_data_shape,opt_original_pipeline_test_data_shape,opt_what_if_plan_generation,opt_what_if_query_optimization_duration,opt_what_if_execution,opt_what_if_execution_combined_model_training,no_opt_what_if_plan_generation,no_opt_what_if_query_optimization_duration,no_opt_what_if_execution,no_opt_what_if_execution_combined_model_training
0,operator_impact,reviews_5x,fast_loading,featurization_2,xgboost,6,947095.6218242645,1138295.2823638916,858993.5672283173,1057384.5596313477,198390.9924030304,180004.11081314087,5.341768264770508,180450.190782547,124227.79488563538,"(381927, 794)","(127309, 794)",5.360126495361328,21.396398544311523,766610.7614040375,650706.116437912,4.670619964599609,8.871078491210938,955105.2689552307,642633.4822177887
1,operator_impact,reviews_5x,fast_loading,featurization_2,xgboost,6,948005.208492279,1144235.2747917175,858629.047870636,1055868.6344623566,197239.58659172058,179746.2248802185,6.1092376708984375,180169.17300224304,124280.9488773346,"(381927, 794)","(127309, 794)",4.493236541748047,21.0416316986084,767719.0773487091,650911.2911224365,4.611492156982422,8.542060852050781,963764.2376422882,642624.4688034058
2,operator_impact,reviews_5x,fast_loading,featurization_2,xgboost,6,943969.4378376007,1136925.42386055,857468.3439731598,1054973.9065170288,197505.56254386902,179586.6482257843,5.939006805419922,180003.79467010498,124055.61518669128,"(381927, 794)","(127309, 794)",4.555940628051758,20.946025848388672,763803.742647171,650530.0943851471,4.55021858215332,8.644819259643555,955776.3352394104,642553.7090301514
