repetition,scenario,dataset,data_loading,featurization,model,variant_count,total_exec_duration_with_opt,total_exec_duration_without_opt,opt_what_if_optimized_estimated,opt_what_if_unoptimized_estimated,opt_what_if_optimization_saving_estimated,opt_original_pipeline_estimated,opt_original_pipeline_importing_and_monkeypatching,opt_original_pipeline_without_importing_and_monkeypatching,opt_original_pipeline_model_training,opt_original_pipeline_train_data_shape,opt_original_pipeline_test_data_shape,opt_what_if_plan_generation,opt_what_if_query_optimization_duration,opt_what_if_execution,opt_what_if_execution_combined_model_training,no_opt_what_if_plan_generation,no_opt_what_if_query_optimization_duration,no_opt_what_if_execution,no_opt_what_if_execution_combined_model_training
0,data_corruption,reviews_10x,fast_loading,featurization_2,xgboost,25,997955.8777809143,11330963.834762573,588230.3886413574,11601433.444023132,11013203.055381775,464057.3377609253,5.39398193359375,464591.22824668884,182828.52149009705,"(767852, 797)","(255951, 797)",0.45490264892578125,59.48162078857422,533296.5006828308,183746.5271949768,0.6000995635986328,16.921520233154297,10865883.270025253,4513416.525840759
1,data_corruption,reviews_10x,fast_loading,featurization_2,xgboost,25,965321.8309879303,11274321.555137634,472234.6799373627,8761236.63187027,8289001.951932907,350449.4652748108,6.1664581298828125,350984.1513633728,182778.5289287567,"(767852, 797)","(255951, 797)",0.4360675811767578,58.5932731628418,614094.4194793701,184083.31561088562,0.43845176696777344,16.957759857177734,10928209.095716476,4522797.910928726
2,data_corruption,reviews_10x,fast_loading,featurization_2,xgboost,25,844743.0782318115,11347632.035017014,470114.03632164,8722149.765491486,8252035.729169846,348885.9906196594,5.991935729980469,349415.6997203827,182574.1217136383,"(767852, 797)","(255951, 797)",0.4699230194091797,58.6397647857666,495076.2333869934,183535.89415550232,0.4391670227050781,16.866207122802734,11001238.829374313,4527740.5116558075
