repetition,scenario,dataset,data_loading,featurization,model,variant_count,total_exec_duration_with_opt,total_exec_duration_without_opt,opt_what_if_optimized_estimated,opt_what_if_unoptimized_estimated,opt_what_if_optimization_saving_estimated,opt_original_pipeline_estimated,opt_original_pipeline_importing_and_monkeypatching,opt_original_pipeline_without_importing_and_monkeypatching,opt_original_pipeline_model_training,opt_original_pipeline_train_data_shape,opt_original_pipeline_test_data_shape,opt_what_if_plan_generation,opt_what_if_query_optimization_duration,opt_what_if_execution,opt_what_if_execution_combined_model_training,no_opt_what_if_plan_generation,no_opt_what_if_query_optimization_duration,no_opt_what_if_execution,no_opt_what_if_execution_combined_model_training
0,operator_impact,reviews_10x,fast_loading,featurization_2,xgboost,6,1871245.7320690155,2605778.232574463,1652906.8701267242,2548132.0974826813,895225.227355957,459788.47098350525,5.400419235229492,460330.36828041077,182190.2198791504,"(767852, 797)","(255951, 797)",5.265712738037109,21.45242691040039,1410880.4769515991,954124.1083145142,4.7245025634765625,8.795976638793945,2147646.0111141205,947208.330154419
1,operator_impact,reviews_10x,fast_loading,featurization_2,xgboost,6,1890978.0986309052,2903041.967391968,1662836.5325927734,2573777.87232399,910941.3397312164,464975.25668144226,6.186962127685547,465521.89564704895,182091.36724472046,"(767852, 797)","(255951, 797)",4.678010940551758,21.29220962524414,1425241.2254810333,953453.3710479736,4.583597183227539,8.653640747070312,2433444.791316986,946967.1547412872
2,operator_impact,reviews_10x,fast_loading,featurization_2,xgboost,6,1783437.9692077637,2460847.8503227234,1443122.0259666443,2029724.9748706818,586602.9489040375,356294.80838775635,6.031036376953125,356846.11558914185,181597.46074676514,"(767852, 797)","(255951, 797)",4.639148712158203,20.939111709594727,1426383.193731308,952497.7400302887,4.681825637817383,8.656978607177734,2113533.3490371704,946017.3025131226
