repetition,scenario,dataset,data_loading,featurization,model,variant_count,total_exec_duration_with_opt,total_exec_duration_without_opt,opt_what_if_optimized_estimated,opt_what_if_unoptimized_estimated,opt_what_if_optimization_saving_estimated,opt_original_pipeline_estimated,opt_original_pipeline_importing_and_monkeypatching,opt_original_pipeline_without_importing_and_monkeypatching,opt_original_pipeline_model_training,opt_original_pipeline_train_data_shape,opt_original_pipeline_test_data_shape,opt_what_if_plan_generation,opt_what_if_query_optimization_duration,opt_what_if_execution,opt_what_if_execution_combined_model_training,no_opt_what_if_plan_generation,no_opt_what_if_query_optimization_duration,no_opt_what_if_execution,no_opt_what_if_execution_combined_model_training
0,feature_importance,reviews_5x,fast_loading,featurization_2,xgboost,5,375567.9974555969,1091088.1872177124,195682.38377571106,922787.0345115662,727104.6507358551,184557.40690231323,5.304813385009766,184972.57447242737,128531.33034706116,"(381927, 794)","(127309, 794)",0.24771690368652344,10.02049446105957,190577.3024559021,125122.87640571594,0.1323223114013672,3.8177967071533203,910410.3486537933,632588.7002944946
1,feature_importance,reviews_5x,fast_loading,featurization_2,xgboost,5,382664.155960083,1090942.1081542969,198422.7159023285,936417.8943634033,737995.1784610748,187283.57887268066,6.197214126586914,187704.09274101257,126207.18026161194,"(381927, 794)","(127309, 794)",0.13566017150878906,9.584188461303711,194808.24398994446,126664.58773612976,0.13709068298339844,3.759145736694336,908738.7897968292,625622.6127147675
2,feature_importance,reviews_5x,fast_loading,featurization_2,xgboost,5,371582.12065696716,1103792.780160904,190831.62689208984,898261.2133026123,707429.5864105225,179652.24266052246,6.1511993408203125,180075.50621032715,124651.74126625061,"(381927, 794)","(127309, 794)",0.13518333435058594,9.760856628417969,191357.346534729,125220.54982185364,0.1392364501953125,3.736734390258789,921355.7782173157,629232.6672077179
