repetition,scenario,dataset,data_loading,featurization,model,variant_count,total_exec_duration_with_opt,total_exec_duration_without_opt,opt_what_if_optimized_estimated,opt_what_if_unoptimized_estimated,opt_what_if_optimization_saving_estimated,opt_original_pipeline_estimated,opt_original_pipeline_importing_and_monkeypatching,opt_original_pipeline_without_importing_and_monkeypatching,opt_original_pipeline_model_training,opt_original_pipeline_train_data_shape,opt_original_pipeline_test_data_shape,opt_what_if_plan_generation,opt_what_if_query_optimization_duration,opt_what_if_execution,opt_what_if_execution_combined_model_training,no_opt_what_if_plan_generation,no_opt_what_if_query_optimization_duration,no_opt_what_if_execution,no_opt_what_if_execution_combined_model_training
0,operator_impact,folktables_1x,fast_loading,featurization_2,xgboost,8,46364.245653152466,135238.1718158722,29905.510187149048,125253.83114814758,95348.32096099854,17607.208013534546,5.563259124755859,17862.58840560913,1538.4316444396973,"(75000, 758)","(25000, 758)",5.851984024047852,18.13364028930664,28469.379425048828,12340.709447860718,5.077838897705078,3.2563209533691406,117461.0538482666,12287.7197265625
1,operator_impact,folktables_1x,fast_loading,featurization_2,xgboost,8,45298.96116256714,128869.83489990234,28961.37285232544,119747.23553657532,90785.86268424988,16825.321912765503,6.220579147338867,17075.77347755432,1521.388053894043,"(75000, 758)","(25000, 758)",4.965305328369141,17.269372940063477,28188.11845779419,12094.027280807495,5.875825881958008,2.595186233520508,117436.0122680664,12187.557220458984
2,operator_impact,folktables_1x,fast_loading,featurization_2,xgboost,8,39748.459815979004,104780.91144561768,23362.781047821045,81103.13963890076,57740.35859107971,11306.148529052734,6.198883056640625,11554.74328994751,1510.9798908233643,"(75000, 758)","(25000, 758)",4.856109619140625,16.541004180908203,28159.61790084839,11947.327852249146,4.755258560180664,2.631664276123047,88838.63186836243,12176.4976978302
