repetition,scenario,dataset,data_loading,featurization,model,variant_count,total_exec_duration_with_opt,total_exec_duration_without_opt,opt_what_if_optimized_estimated,opt_what_if_unoptimized_estimated,opt_what_if_optimization_saving_estimated,opt_original_pipeline_estimated,opt_original_pipeline_importing_and_monkeypatching,opt_original_pipeline_without_importing_and_monkeypatching,opt_original_pipeline_model_training,opt_original_pipeline_train_data_shape,opt_original_pipeline_test_data_shape,opt_what_if_plan_generation,opt_what_if_query_optimization_duration,opt_what_if_execution,opt_what_if_execution_combined_model_training,no_opt_what_if_plan_generation,no_opt_what_if_query_optimization_duration,no_opt_what_if_execution,no_opt_what_if_execution_combined_model_training
0,operator_impact,folktables_5x,fast_loading,featurization_2,xgboost,8,1394995.9654808044,5119897.736310959,773532.2349071503,5120751.24835968,4347219.01345253,730501.293182373,5.349397659301758,730753.6771297455,5054.642200469971,"(375000, 758)","(125000, 758)",5.500555038452148,16.817092895507812,664211.9750976562,40341.389179229736,4.88734245300293,3.113269805908203,4425838.355064392,40212.09788322449
1,operator_impact,folktables_5x,fast_loading,featurization_2,xgboost,8,1364846.126794815,5030020.897865295,710480.395078659,4680658.01525116,3970177.6201725006,667636.3966464996,6.268501281738281,667890.7270431519,5058.197975158691,"(375000, 758)","(125000, 758)",4.840373992919922,17.139911651611328,696915.3752326965,41021.18229866028,5.892038345336914,2.572774887084961,4314196.345806122,40207.28158950806
2,operator_impact,folktables_5x,fast_loading,featurization_2,xgboost,8,1370642.1644687653,5274889.195680618,766105.6289672852,5071722.457647324,4305616.828680038,723505.1081180573,6.169557571411133,723759.6168518066,5054.577827453613,"(375000, 758)","(125000, 758)",4.775047302246094,16.01719856262207,646842.5815105438,40517.15135574341,4.760026931762695,2.5475025177001953,4642387.966394424,40314.489126205444
