repetition,scenario,dataset,data_loading,featurization,model,variant_count,total_exec_duration_with_opt,total_exec_duration_without_opt,opt_what_if_optimized_estimated,opt_what_if_unoptimized_estimated,opt_what_if_optimization_saving_estimated,opt_original_pipeline_estimated,opt_original_pipeline_importing_and_monkeypatching,opt_original_pipeline_without_importing_and_monkeypatching,opt_original_pipeline_model_training,opt_original_pipeline_train_data_shape,opt_original_pipeline_test_data_shape,opt_what_if_plan_generation,opt_what_if_query_optimization_duration,opt_what_if_execution,opt_what_if_execution_combined_model_training,no_opt_what_if_plan_generation,no_opt_what_if_query_optimization_duration,no_opt_what_if_execution,no_opt_what_if_execution_combined_model_training
0,operator_impact,folktables_10x,fast_loading,featurization_2,xgboost,8,9581015.924930573,36655690.78350067,4986168.254852295,34336736.216545105,29350567.96169281,4903246.703386307,5.356788635253906,4903519.53625679,9651.092052459717,"(750000, 758)","(250000, 758)",5.477666854858398,16.573429107666016,4677466.278076172,76538.23399543762,4.9304962158203125,3.0922889709472656,31530028.559446335,76295.29786109924
1,operator_impact,folktables_10x,fast_loading,featurization_2,xgboost,8,10028073.837041855,34458011.91806793,5226869.510650635,36031779.3879509,30804909.877300262,5145428.854942322,6.189107894897461,5145697.706699371,9497.537612915039,"(750000, 758)","(250000, 758)",4.812002182006836,17.4100399017334,4882329.7028541565,76468.09387207031,6.150245666503906,2.582550048828125,30750799.50404167,76958.08863639832
2,operator_impact,folktables_10x,fast_loading,featurization_2,xgboost,8,6876368.138074875,20944866.86515808,3251834.2537879944,22202258.196115494,18950423.9423275,3169769.293785095,6.238460540771484,3170038.6548042297,9644.32978630066,"(750000, 758)","(250000, 758)",4.761457443237305,16.27349853515625,3706282.7813625336,76660.10236740112,4.800081253051758,2.544403076171875,17892289.501428604,73834.8228931427
