repetition,scenario,dataset,data_loading,featurization,model,variant_count,total_exec_duration_with_opt,total_exec_duration_without_opt,opt_what_if_optimized_estimated,opt_what_if_unoptimized_estimated,opt_what_if_optimization_saving_estimated,opt_original_pipeline_estimated,opt_original_pipeline_importing_and_monkeypatching,opt_original_pipeline_without_importing_and_monkeypatching,opt_original_pipeline_model_training,opt_original_pipeline_train_data_shape,opt_original_pipeline_test_data_shape,opt_what_if_plan_generation,opt_what_if_query_optimization_duration,opt_what_if_execution,opt_what_if_execution_combined_model_training,no_opt_what_if_plan_generation,no_opt_what_if_query_optimization_duration,no_opt_what_if_execution,no_opt_what_if_execution_combined_model_training
0,feature_importance,folktables_5x,fast_loading,featurization_2,xgboost,8,1505157.3078632355,6051792.380571365,769039.0090942383,6095869.472503662,5326830.463409424,761983.6840629578,5.263328552246094,762239.0387058258,5136.900424957275,"(375000, 758)","(125000, 758)",0.30422210693359375,17.0135498046875,742893.4781551361,5128.701448440552,0.17642974853515625,6.117105484008789,5289140.685796738,40516.64614677429
1,feature_importance,folktables_5x,fast_loading,featurization_2,xgboost,8,1444761.6074085236,6543749.875307083,755037.4732017517,5985613.285064697,5230575.811862946,748201.6606330872,6.350040435791016,748455.961227417,4968.862295150757,"(375000, 758)","(125000, 758)",0.15974044799804688,17.52758026123047,696270.2069282532,5016.772508621216,0.16736984252929688,6.053447723388672,5849076.31611824,40101.25207901001
2,feature_importance,folktables_5x,fast_loading,featurization_2,xgboost,8,1435023.6327648163,6109429.266452789,775484.8818778992,6150574.672698975,5375089.790821075,768821.8340873718,6.158590316772461,769074.8083591461,5009.744644165039,"(375000, 758)","(125000, 758)",0.15425682067871094,17.697811126708984,665913.6793613434,5042.268991470337,0.15616416931152344,6.10041618347168,5377802.550792694,40832.03053474426
