repetition,scenario,dataset,data_loading,featurization,model,variant_count,total_exec_duration_with_opt,total_exec_duration_without_opt,opt_what_if_optimized_estimated,opt_what_if_unoptimized_estimated,opt_what_if_optimization_saving_estimated,opt_original_pipeline_estimated,opt_original_pipeline_importing_and_monkeypatching,opt_original_pipeline_without_importing_and_monkeypatching,opt_original_pipeline_model_training,opt_original_pipeline_train_data_shape,opt_original_pipeline_test_data_shape,opt_what_if_plan_generation,opt_what_if_query_optimization_duration,opt_what_if_execution,opt_what_if_execution_combined_model_training,no_opt_what_if_plan_generation,no_opt_what_if_query_optimization_duration,no_opt_what_if_execution,no_opt_what_if_execution_combined_model_training
0,data_corruption,folktables_10x,fast_loading,featurization_2,xgboost,32,9267157.348155975,161728292.7391529,5141708.793640137,162627396.9192505,157485688.12561035,5082106.153726578,5.282402038574219,5082369.77481842,9903.403997421265,"(750000, 758)","(250000, 758)",0.5939006805419922,88.4702205657959,4184690.3195381165,9864.223957061768,0.6349086761474609,22.87912368774414,156609556.65183067,311418.4513092041
1,data_corruption,folktables_10x,fast_loading,featurization_2,xgboost,32,10035948.072195053,121844577.32129097,5283764.83464241,167233173.50769043,161949408.67304802,5226036.672115326,6.598949432373047,5226300.665140152,9858.073234558105,"(750000, 758)","(250000, 758)",0.6496906280517578,89.74361419677734,4809526.159286499,9612.001895904541,0.6151199340820312,23.5745906829834,118638135.23221016,307752.2714138031
2,data_corruption,folktables_10x,fast_loading,featurization_2,xgboost,32,7654674.404621124,113740405.18689156,3800131.0362815857,119781450.65307617,115981319.61679459,3743170.3329086304,6.108760833740234,3743431.5111637115,9758.277654647827,"(750000, 758)","(250000, 758)",0.5793571472167969,87.52298355102539,3911128.4549236298,9561.19179725647,0.5905628204345703,308.3171844482422,110394099.4336605,308633.19730758667
