repetition,scenario,dataset,data_loading,featurization,model,variant_count,total_exec_duration_with_opt,total_exec_duration_without_opt,opt_what_if_optimized_estimated,opt_what_if_unoptimized_estimated,opt_what_if_optimization_saving_estimated,opt_original_pipeline_estimated,opt_original_pipeline_importing_and_monkeypatching,opt_original_pipeline_without_importing_and_monkeypatching,opt_original_pipeline_model_training,opt_original_pipeline_train_data_shape,opt_original_pipeline_test_data_shape,opt_what_if_plan_generation,opt_what_if_query_optimization_duration,opt_what_if_execution,opt_what_if_execution_combined_model_training,no_opt_what_if_plan_generation,no_opt_what_if_query_optimization_duration,no_opt_what_if_execution,no_opt_what_if_execution_combined_model_training
0,data_corruption,folktables_1x,fast_loading,featurization_2,xgboost,32,38831.33053779602,532505.3844451904,22170.050859451294,519927.97088623047,497757.9200267792,16247.749090194702,5.29789924621582,16503.011465072632,1502.8948783874512,"(75000, 758)","(25000, 758)",0.5347728729248047,89.32232856750488,22231.090545654297,1493.7660694122314,0.5974769592285156,22.962570190429688,515744.6320056915,47882.0641040802
1,data_corruption,folktables_1x,fast_loading,featurization_2,xgboost,32,37652.13370323181,492746.61350250244,20840.507745742798,481748.20709228516,460907.69934654236,15054.631471633911,6.072521209716797,15304.518938064575,1485.5742454528809,"(75000, 758)","(25000, 758)",0.5528926849365234,88.2411003112793,22246.175050735474,1479.7654151916504,0.5254745483398438,23.061752319335938,481068.8180923462,47814.25595283508
2,data_corruption,folktables_1x,fast_loading,featurization_2,xgboost,32,34298.370122909546,399909.7592830658,20588.627338409424,467037.46032714844,446448.832988739,14594.920635223389,5.9871673583984375,14845.798969268799,1485.3997230529785,"(75000, 758)","(25000, 758)",0.4718303680419922,88.21797370910645,19350.205421447754,1476.4368534088135,0.4851818084716797,241.02020263671875,387585.3021144867,47819.89789009094
