repetition,optimization,scenario,variant_counts,scale_factors,original_pipeline,analysis_result_with_opt_rule,analysis_result_without_opt_rule,analysis_result_without_any_opt
0,projection_push_up,ideal,6,1.0,931.8156242370605,1103.2469272613525,5243.684768676758,5320.751667022705
1,projection_push_up,ideal,6,1.0,977.2078990936279,988.2187843322754,5728.090047836304,6043.107986450195
2,projection_push_up,ideal,6,1.0,935.4188442230225,954.4129371643066,5480.498552322388,5619.999885559082
3,projection_push_up,ideal,6,1.0,943.6874389648438,958.3737850189209,5519.331455230713,5830.028772354126
4,projection_push_up,ideal,6,1.0,998.1653690338135,1012.547492980957,5831.449031829834,5980.406761169434
5,projection_push_up,ideal,6,1.0,748.9616870880127,763.901948928833,4337.169408798218,4651.493072509766
6,projection_push_up,ideal,6,1.0,841.9806957244873,860.7769012451172,4965.427398681641,5080.157279968262
