repetition,optimization,scenario,variant_counts,scale_factors,original_pipeline,analysis_result_with_opt_rule,analysis_result_without_opt_rule,analysis_result_without_any_opt
0,projection_push_up,worst,6,1.0,504.7030448913574,2962.327241897583,3001.2753009796143,3149.69539642334
1,projection_push_up,worst,6,1.0,512.8381252288818,2990.3578758239746,3022.761821746826,3161.3314151763916
2,projection_push_up,worst,6,1.0,510.483980178833,2990.9095764160156,3076.3607025146484,3221.0843563079834
3,projection_push_up,worst,6,1.0,511.42287254333496,3038.9394760131836,3083.439826965332,3190.737009048462
4,projection_push_up,worst,6,1.0,512.2506618499756,3022.9392051696777,3063.560724258423,3214.1430377960205
5,projection_push_up,worst,6,1.0,519.4180011749268,3024.3980884552,3049.160957336426,3176.8312454223633
6,projection_push_up,worst,6,1.0,510.64419746398926,3031.2764644622803,3048.2373237609863,3190.542459487915
