repetition,optimization,scenario,variant_counts,scale_factors,original_pipeline,analysis_result_with_opt_rule,analysis_result_without_opt_rule,analysis_result_without_any_opt
0,filter_addition_push_up,ideal,4,4.0,16628.839015960693,16005.744934082031,62806.97226524353,62570.61433792114
1,filter_addition_push_up,ideal,4,4.0,15195.881843566895,15175.378322601318,60304.192781448364,59989.01319503784
2,filter_addition_push_up,ideal,4,4.0,15276.832103729248,15563.830852508545,61556.00118637085,60875.46372413635
3,filter_addition_push_up,ideal,4,4.0,15692.32177734375,15529.746055603027,62632.27081298828,62011.86919212341
4,filter_addition_push_up,ideal,4,4.0,15642.733097076416,15483.054876327515,62398.783922195435,61429.61049079895
5,filter_addition_push_up,ideal,4,4.0,15278.113603591919,15258.344411849976,61123.62599372864,60829.066038131714
6,filter_addition_push_up,ideal,4,4.0,15388.444900512695,15224.83205795288,61417.970418930054,60949.45693016052
