repetition,optimization,scenario,variant_counts,scale_factors,original_pipeline,analysis_result_with_reuse_opt_rule,analysis_result_with_push_up_opt_rule,analysis_result_without_opt_rule,analysis_result_without_any_opt
0,udf_split_and_reuse,worst_wo_safety,6,1.0,15.95616340637207,958.258867263794,310.58573722839355,362.0884418487549,399.52635765075684
1,udf_split_and_reuse,worst_wo_safety,6,1.0,14.386653900146484,1139.247179031372,307.1179389953613,358.583927154541,398.3426094055176
2,udf_split_and_reuse,worst_wo_safety,6,1.0,15.441417694091797,948.5101699829102,305.41348457336426,365.91243743896484,408.4000587463379
3,udf_split_and_reuse,worst_wo_safety,6,1.0,16.342639923095703,950.3574371337891,309.5386028289795,365.1406764984131,405.17139434814453
4,udf_split_and_reuse,worst_wo_safety,6,1.0,15.512943267822266,953.1509876251221,309.59534645080566,364.1684055328369,402.19926834106445
5,udf_split_and_reuse,worst_wo_safety,6,1.0,15.626668930053711,954.8113346099854,309.2916011810303,361.33408546447754,402.96483039855957
6,udf_split_and_reuse,worst_wo_safety,6,1.0,15.6402587890625,960.5872631072998,308.2249164581299,363.24572563171387,403.96618843078613
