repetition,optimization,scenario,variant_counts,scale_factors,original_pipeline,analysis_result_with_opt_rule,analysis_result_without_opt_rule,analysis_result_without_any_opt
0,projection_push_up,worst,4,2.0,992.2442436218262,3933.28857421875,4022.3968029022217,4222.175359725952
1,projection_push_up,worst,4,2.0,1033.7421894073486,4085.211753845215,4057.1699142456055,4362.95747756958
2,projection_push_up,worst,4,2.0,1014.329195022583,4164.674282073975,4010.2598667144775,4152.469873428345
3,projection_push_up,worst,4,2.0,1184.9400997161865,4091.9694900512695,4324.160814285278,4376.869678497314
4,projection_push_up,worst,4,2.0,1064.8314952850342,4368.7286376953125,4342.210054397583,6790.558338165283
5,projection_push_up,worst,4,2.0,1143.958568572998,4232.078075408936,4290.351867675781,4449.9382972717285
6,projection_push_up,worst,4,2.0,1131.9966316223145,4236.862421035767,4331.816673278809,4470.983982086182
