repetition,optimization,scenario,variant_counts,scale_factors,original_pipeline,analysis_result_with_opt_rule,analysis_result_without_opt_rule,analysis_result_without_any_opt
0,filter_addition_push_up,worst_w_original,4,3.0,9040.960550308228,8860.920667648315,10484.879493713379,10432.153224945068
1,filter_addition_push_up,worst_w_original,4,3.0,8774.821043014526,8800.624132156372,10358.350038528442,10553.421258926392
2,filter_addition_push_up,worst_w_original,4,3.0,8792.693614959717,8827.598094940186,10237.326860427856,10453.497171401978
3,filter_addition_push_up,worst_w_original,4,3.0,8909.215927124023,8760.122299194336,10413.326978683472,10649.936437606812
4,filter_addition_push_up,worst_w_original,4,3.0,8790.24338722229,8816.033124923706,10370.97692489624,10650.897741317749
5,filter_addition_push_up,worst_w_original,4,3.0,9019.516706466675,8795.03083229065,10479.906797409058,10681.68568611145
6,filter_addition_push_up,worst_w_original,4,3.0,8740.463018417358,8711.297750473022,10490.922451019287,10840.835332870483
