repetition,optimization,scenario,variant_counts,scale_factors,original_pipeline,analysis_result_with_opt_rule,analysis_result_without_opt_rule,analysis_result_without_any_opt
0,filter_addition_push_up,worst_wo_original,4,3.5,12767.94409751892,12232.444763183594,3071.7146396636963,2964.5984172821045
1,filter_addition_push_up,worst_wo_original,4,3.5,12203.017473220825,12199.360132217407,3182.4593544006348,3230.1225662231445
2,filter_addition_push_up,worst_wo_original,4,3.5,12232.216358184814,12265.485048294067,2790.052652359009,2815.5508041381836
3,filter_addition_push_up,worst_wo_original,4,3.5,12421.307802200317,12312.067747116089,2842.254161834717,2872.48158454895
4,filter_addition_push_up,worst_wo_original,4,3.5,12344.610452651978,12261.524438858032,2959.681510925293,2980.668306350708
5,filter_addition_push_up,worst_wo_original,4,3.5,12267.565727233887,12254.400491714478,3343.03617477417,3238.009214401245
6,filter_addition_push_up,worst_wo_original,4,3.5,12232.90729522705,12275.795936584473,2833.117961883545,2874.2287158966064
