repetition,optimization,scenario,variant_counts,scale_factors,original_pipeline,analysis_result_with_reuse_opt_rule,analysis_result_with_push_up_opt_rule,analysis_result_without_opt_rule,analysis_result_without_any_opt
0,udf_split_and_reuse,worst_w_safety,4,3.5,142.4405574798584,3190.7083988189697,3191.375970840454,3593.055009841919,3840.7342433929443
1,udf_split_and_reuse,worst_w_safety,4,3.5,137.6779079437256,3193.756341934204,3200.4446983337402,3593.59073638916,3831.721305847168
2,udf_split_and_reuse,worst_w_safety,4,3.5,136.4130973815918,3206.357002258301,3208.2831859588623,3622.189521789551,3834.5999717712402
3,udf_split_and_reuse,worst_w_safety,4,3.5,136.8849277496338,3186.7809295654297,3176.892042160034,3579.7104835510254,3806.743621826172
4,udf_split_and_reuse,worst_w_safety,4,3.5,136.36016845703125,3207.665205001831,3206.4664363861084,3615.107297897339,3823.617696762085
5,udf_split_and_reuse,worst_w_safety,4,3.5,136.52491569519043,3203.4575939178467,3227.902889251709,3581.0205936431885,3810.5781078338623
6,udf_split_and_reuse,worst_w_safety,4,3.5,136.8570327758789,3237.509250640869,3255.098581314087,3615.7093048095703,3837.5749588012695
