repetition,optimization,scenario,variant_counts,scale_factors,original_pipeline,analysis_result_with_opt_rule,analysis_result_without_opt_rule,analysis_result_without_any_opt
0,filter_addition_push_up,worst_wo_original,4,1.0,1024.8467922210693,1120.3503608703613,256.2377452850342,272.489070892334
1,filter_addition_push_up,worst_wo_original,4,1.0,961.0552787780762,971.3265895843506,288.2368564605713,306.0190677642822
2,filter_addition_push_up,worst_wo_original,4,1.0,965.6648635864258,970.3667163848877,248.48437309265137,265.6598091125488
3,filter_addition_push_up,worst_wo_original,4,1.0,955.7962417602539,973.768949508667,257.63607025146484,272.4895477294922
4,filter_addition_push_up,worst_wo_original,4,1.0,958.261251449585,973.2849597930908,225.10433197021484,241.17064476013184
5,filter_addition_push_up,worst_wo_original,4,1.0,959.1498374938965,970.6158638000488,230.75032234191895,247.33352661132812
6,filter_addition_push_up,worst_wo_original,4,1.0,963.1264209747314,964.0307426452637,241.73879623413086,260.941743850708
