repetition,optimization,scenario,variant_counts,scale_factors,original_pipeline,analysis_result_with_opt_rule,analysis_result_without_opt_rule,analysis_result_without_any_opt
0,operator_deletion_filter_push_up,ideal,4,1.5,2383.8698863983154,2328.223705291748,9171.73171043396,8854.748010635376
1,operator_deletion_filter_push_up,ideal,4,1.5,2184.900999069214,2298.293352127075,8754.43172454834,8797.420501708984
2,operator_deletion_filter_push_up,ideal,4,1.5,2171.1130142211914,2283.559560775757,8727.26821899414,8771.982431411743
3,operator_deletion_filter_push_up,ideal,4,1.5,2189.767837524414,2272.294044494629,8870.915412902832,8847.230911254883
4,operator_deletion_filter_push_up,ideal,4,1.5,2165.512800216675,2298.3357906341553,8919.514179229736,8854.499816894531
5,operator_deletion_filter_push_up,ideal,4,1.5,2231.8599224090576,2316.727638244629,8960.17837524414,9041.781187057495
6,operator_deletion_filter_push_up,ideal,4,1.5,2224.4715690612793,2308.432102203369,8844.000101089478,8996.210098266602
