repetition,optimization,scenario,variant_counts,scale_factors,original_pipeline,analysis_result_with_opt_rule,analysis_result_without_opt_rule,analysis_result_without_any_opt
0,operator_deletion_filter_push_up,average,4,1.5,801.616907119751,1038.8469696044922,1887.2652053833008,3496.889591217041
1,operator_deletion_filter_push_up,average,4,1.5,837.5720977783203,1074.2285251617432,1926.8147945404053,3518.127202987671
2,operator_deletion_filter_push_up,average,4,1.5,833.3771228790283,1092.7276611328125,1948.9500522613525,3545.1390743255615
3,operator_deletion_filter_push_up,average,4,1.5,853.7616729736328,1077.0986080169678,1932.926893234253,3549.978733062744
4,operator_deletion_filter_push_up,average,4,1.5,835.2110385894775,1079.9527168273926,1936.7821216583252,3519.998550415039
5,operator_deletion_filter_push_up,average,4,1.5,828.0575275421143,1075.700283050537,1954.2419910430908,3501.4147758483887
6,operator_deletion_filter_push_up,average,4,1.5,824.4564533233643,1078.2537460327148,1953.6161422729492,3500.077486038208
