repetition,optimization,scenario,variant_counts,scale_factors,original_pipeline,analysis_result_with_opt_rule,analysis_result_without_opt_rule,analysis_result_without_any_opt
0,filter_addition_push_up,ideal,4,3.0,8010.211706161499,7862.3621463775635,30060.607194900513,30328.3908367157
1,filter_addition_push_up,ideal,4,3.0,8635.128259658813,8744.969844818115,34418.39957237244,34682.88612365723
2,filter_addition_push_up,ideal,4,3.0,8884.775400161743,8902.149438858032,35308.6473941803,35380.452156066895
3,filter_addition_push_up,ideal,4,3.0,8082.825660705566,8053.833723068237,32107.93161392212,32044.326543807983
4,filter_addition_push_up,ideal,4,3.0,8102.27632522583,8358.506917953491,32668.31636428833,32452.0206451416
5,filter_addition_push_up,ideal,4,3.0,8329.235553741455,8515.426397323608,33463.28091621399,33655.566453933716
6,filter_addition_push_up,ideal,4,3.0,8037.907838821411,8035.0987911224365,31820.356369018555,31960.564136505127
