repetition,optimization,scenario,variant_counts,scale_factors,original_pipeline,analysis_result_with_opt_rule,analysis_result_without_opt_rule,analysis_result_without_any_opt
0,filter_addition_push_up,average,4,2.0,1195.5986022949219,1585.0186347961426,2939.3703937530518,4922.582626342773
1,filter_addition_push_up,average,4,2.0,1219.8851108551025,1628.0460357666016,3035.48264503479,5051.931381225586
2,filter_addition_push_up,average,4,2.0,1230.4751873016357,1631.0698986053467,3033.841609954834,5053.130149841309
3,filter_addition_push_up,average,4,2.0,1222.3706245422363,1613.3711338043213,3023.1754779815674,4996.532917022705
4,filter_addition_push_up,average,4,2.0,1231.1046123504639,1636.263132095337,3027.4579524993896,5207.648277282715
5,filter_addition_push_up,average,4,2.0,1206.8390846252441,1612.4117374420166,3034.3074798583984,4967.110872268677
6,filter_addition_push_up,average,4,2.0,1201.3187408447266,1616.558313369751,3000.34236907959,4967.836618423462
