repetition,optimization,scenario,variant_counts,scale_factors,original_pipeline,analysis_result_with_reuse_opt_rule,analysis_result_with_push_up_opt_rule,analysis_result_without_opt_rule,analysis_result_without_any_opt
0,udf_split_and_reuse,worst_constant,4,1.0,351.2699604034424,738.011360168457,733.9234352111816,774.2502689361572,1652.9128551483154
1,udf_split_and_reuse,worst_constant,4,1.0,354.92658615112305,724.0369319915771,729.1111946105957,769.6449756622314,1647.1402645111084
2,udf_split_and_reuse,worst_constant,4,1.0,357.480525970459,729.546070098877,733.7241172790527,776.4949798583984,1625.9267330169678
3,udf_split_and_reuse,worst_constant,4,1.0,358.23583602905273,720.1745510101318,723.4890460968018,769.2742347717285,1625.5309581756592
4,udf_split_and_reuse,worst_constant,4,1.0,355.84425926208496,719.6614742279053,732.6192855834961,776.6048908233643,1632.2801113128662
5,udf_split_and_reuse,worst_constant,4,1.0,353.7745475769043,722.4996089935303,723.5550880432129,770.6687450408936,1624.7172355651855
6,udf_split_and_reuse,worst_constant,4,1.0,348.5598564147949,715.9888744354248,722.1274375915527,762.2253894805908,1618.9861297607422
