repetition,optimization,scenario,variant_counts,scale_factors,original_pipeline,analysis_result_with_opt_rule,analysis_result_without_opt_rule,analysis_result_without_any_opt
0,filter_addition_push_up,ideal,4,3.5,12616.59288406372,12130.361795425415,47664.249420166016,48197.144985198975
1,filter_addition_push_up,ideal,4,3.5,12075.830698013306,12273.958206176758,48693.91679763794,48098.24466705322
2,filter_addition_push_up,ideal,4,3.5,12123.746156692505,11962.358951568604,48849.23720359802,48372.32732772827
3,filter_addition_push_up,ideal,4,3.5,11871.525049209595,11941.392183303833,48687.83402442932,48263.803005218506
4,filter_addition_push_up,ideal,4,3.5,11792.853593826294,12062.75749206543,47690.37747383118,47278.36894989014
5,filter_addition_push_up,ideal,4,3.5,11569.441318511963,11721.41432762146,46910.1243019104,46572.171688079834
6,filter_addition_push_up,ideal,4,3.5,11674.617767333984,11508.925914764404,46116.54996871948,46552.40440368652
