repetition,optimization,scenario,variant_counts,scale_factors,original_pipeline,analysis_result_with_opt_rule,analysis_result_without_opt_rule,analysis_result_without_any_opt
0,filter_addition_push_up,average,8,1.0,555.548906326294,992.4066066741943,2271.9619274139404,4587.08119392395
1,filter_addition_push_up,average,8,1.0,564.6054744720459,1016.9010162353516,2318.6731338500977,4573.811292648315
2,filter_addition_push_up,average,8,1.0,564.6941661834717,1025.8054733276367,2353.4457683563232,4634.788036346436
3,filter_addition_push_up,average,8,1.0,565.239429473877,1034.4016551971436,2359.347343444824,4651.56626701355
4,filter_addition_push_up,average,8,1.0,560.302734375,1032.9639911651611,2344.3520069122314,4616.436958312988
5,filter_addition_push_up,average,8,1.0,555.9084415435791,1023.6022472381592,2347.771167755127,4573.807239532471
6,filter_addition_push_up,average,8,1.0,558.6671829223633,1025.6435871124268,2336.902141571045,4583.571195602417
