repetition,optimization,scenario,variant_counts,scale_factors,original_pipeline,analysis_result_with_opt_rule,analysis_result_without_opt_rule,analysis_result_without_any_opt
0,operator_deletion_filter_push_up,average,4,4.0,2457.3974609375,2970.5288410186768,6159.750699996948,10398.431777954102
1,operator_deletion_filter_push_up,average,4,4.0,2511.3840103149414,3124.2408752441406,6308.015584945679,10403.525829315186
2,operator_deletion_filter_push_up,average,4,4.0,2535.029172897339,3135.829210281372,6365.063190460205,10500.650405883789
3,operator_deletion_filter_push_up,average,4,4.0,2521.0161209106445,3148.7038135528564,6345.625162124634,10477.820873260498
4,operator_deletion_filter_push_up,average,4,4.0,2566.9658184051514,3194.0202713012695,6390.950918197632,10507.369995117188
5,operator_deletion_filter_push_up,average,4,4.0,2575.15025138855,3169.7235107421875,6399.096727371216,10596.867561340332
6,operator_deletion_filter_push_up,average,4,4.0,2562.7808570861816,3206.6776752471924,6409.263849258423,10693.028211593628
