repetition,optimization,scenario,variant_counts,scale_factors,original_pipeline,analysis_result_with_opt_rule,analysis_result_without_opt_rule,analysis_result_without_any_opt
0,projection_push_up,worst,4,2.5,1196.190357208252,5313.653945922852,4856.255769729614,5798.76971244812
1,projection_push_up,worst,4,2.5,1263.0627155303955,5112.327814102173,5505.437135696411,5298.330307006836
2,projection_push_up,worst,4,2.5,1225.459337234497,4802.0806312561035,4818.006753921509,5507.131338119507
3,projection_push_up,worst,4,2.5,1243.147373199463,5051.857471466064,5058.151721954346,5068.383455276489
4,projection_push_up,worst,4,2.5,1259.7167491912842,5161.778926849365,5071.503400802612,5273.027658462524
5,projection_push_up,worst,4,2.5,1280.7047367095947,6629.953384399414,5028.805255889893,5306.047677993774
6,projection_push_up,worst,4,2.5,1264.207124710083,4992.807626724243,5017.467975616455,5826.745510101318
