repetition,optimization,scenario,variant_counts,scale_factors,original_pipeline,analysis_result_with_opt_rule,analysis_result_without_opt_rule,analysis_result_without_any_opt
0,filter_addition_push_up,worst_w_original,4,4.0,16685.010194778442,16572.42178916931,19032.527208328247,18958.50396156311
1,filter_addition_push_up,worst_w_original,4,4.0,16305.04035949707,16223.663568496704,19418.065309524536,19527.74739265442
2,filter_addition_push_up,worst_w_original,4,4.0,16297.138214111328,16042.766571044922,18957.93843269348,19075.599431991577
3,filter_addition_push_up,worst_w_original,4,4.0,16147.89628982544,16080.014944076538,18809.926509857178,18746.191024780273
4,filter_addition_push_up,worst_w_original,4,4.0,16185.346364974976,16209.62381362915,19166.63885116577,18924.334049224854
5,filter_addition_push_up,worst_w_original,4,4.0,16227.994441986084,16043.215036392212,19228.069305419922,19378.806352615356
6,filter_addition_push_up,worst_w_original,4,4.0,16247.25604057312,16173.720121383667,19177.120447158813,19215.95335006714
