repetition,optimization,scenario,variant_counts,scale_factors,original_pipeline,analysis_result_with_opt_rule,analysis_result_without_opt_rule,analysis_result_without_any_opt
0,filter_addition_push_up,average,6,1.0,562.166690826416,877.3739337921143,1790.2324199676514,3404.6647548675537
1,filter_addition_push_up,average,6,1.0,559.0441226959229,884.8111629486084,1824.8941898345947,3441.3115978240967
2,filter_addition_push_up,average,6,1.0,556.5824508666992,889.4526958465576,1828.9222717285156,3446.211814880371
3,filter_addition_push_up,average,6,1.0,559.1750144958496,894.4940567016602,1835.822343826294,3471.3821411132812
4,filter_addition_push_up,average,6,1.0,556.6627979278564,907.2084426879883,1840.8653736114502,3451.796054840088
5,filter_addition_push_up,average,6,1.0,557.9326152801514,901.5436172485352,1832.0143222808838,3450.8166313171387
6,filter_addition_push_up,average,6,1.0,560.6772899627686,893.7714099884033,1837.3827934265137,3448.688507080078
