repetition,optimization,scenario,variant_counts,scale_factors,original_pipeline,analysis_result_with_opt_rule,analysis_result_without_opt_rule,analysis_result_without_any_opt
0,filter_addition_push_up,worst_wo_original,4,2.5,6402.254819869995,6221.137285232544,1442.5690174102783,1456.620216369629
1,filter_addition_push_up,worst_wo_original,4,2.5,6688.854455947876,6274.750471115112,1462.0542526245117,1491.1551475524902
2,filter_addition_push_up,worst_wo_original,4,2.5,6249.300241470337,6287.788391113281,1550.9700775146484,1576.4920711517334
3,filter_addition_push_up,worst_wo_original,4,2.5,6284.348726272583,6293.263673782349,1649.8217582702637,1652.6648998260498
4,filter_addition_push_up,worst_wo_original,4,2.5,6241.935014724731,6268.311500549316,1665.6126976013184,1508.2998275756836
5,filter_addition_push_up,worst_wo_original,4,2.5,6320.666551589966,6250.239610671997,1685.2281093597412,1708.1952095031738
6,filter_addition_push_up,worst_wo_original,4,2.5,6292.03200340271,6234.1649532318115,1565.2167797088623,1593.3725833892822
