repetition,optimization,scenario,variant_counts,scale_factors,original_pipeline,analysis_result_with_opt_rule,analysis_result_without_opt_rule,analysis_result_without_any_opt
0,filter_addition_push_up,ideal,4,1.5,2241.9416904449463,2246.798276901245,8635.843992233276,8579.936742782593
1,filter_addition_push_up,ideal,4,1.5,2239.6340370178223,2331.723928451538,8683.517932891846,8761.476039886475
2,filter_addition_push_up,ideal,4,1.5,2108.4017753601074,2223.728895187378,8321.717977523804,8457.779884338379
3,filter_addition_push_up,ideal,4,1.5,2157.8943729400635,2320.3628063201904,8426.274299621582,8552.207708358765
4,filter_addition_push_up,ideal,4,1.5,2188.7881755828857,2340.681552886963,8580.780982971191,8657.152652740479
5,filter_addition_push_up,ideal,4,1.5,2253.180503845215,2139.6007537841797,8267.8062915802,8421.854496002197
6,filter_addition_push_up,ideal,4,1.5,2147.972583770752,2188.8644695281982,8431.826829910278,8654.186010360718
