repetition,optimization,scenario,variant_counts,scale_factors,original_pipeline,analysis_result_with_reuse_opt_rule,analysis_result_with_push_up_opt_rule,analysis_result_without_opt_rule,analysis_result_without_any_opt
0,udf_split_and_reuse,average,4,2.5,1307.9676628112793,1680.044412612915,1808.295488357544,4136.807203292847,6317.713260650635
1,udf_split_and_reuse,average,4,2.5,1337.3804092407227,1710.1895809173584,1836.9474411010742,4260.163307189941,6311.797857284546
2,udf_split_and_reuse,average,4,2.5,1329.6945095062256,1709.0373039245605,1832.561731338501,4190.7384395599365,6277.231693267822
3,udf_split_and_reuse,average,4,2.5,1319.991111755371,1679.457426071167,1810.598373413086,4182.720899581909,6210.645914077759
4,udf_split_and_reuse,average,4,2.5,1315.955400466919,1693.5217380523682,1800.252914428711,4227.090358734131,6309.391975402832
5,udf_split_and_reuse,average,4,2.5,1336.6529941558838,1716.0694599151611,1821.49076461792,4224.136114120483,6305.145025253296
6,udf_split_and_reuse,average,4,2.5,1320.570707321167,1701.6937732696533,1806.9024085998535,4235.221862792969,6234.271287918091
