repetition,optimization,scenario,variant_counts,scale_factors,original_pipeline,analysis_result_with_reuse_opt_rule,analysis_result_with_push_up_opt_rule,analysis_result_without_opt_rule,analysis_result_without_any_opt
0,udf_split_and_reuse,worst_wo_safety,2,1.0,14.943599700927734,929.854154586792,109.38000679016113,124.27711486816406,130.32293319702148
1,udf_split_and_reuse,worst_wo_safety,2,1.0,14.780521392822266,939.0456676483154,110.54658889770508,125.23794174194336,134.9201202392578
2,udf_split_and_reuse,worst_wo_safety,2,1.0,14.830350875854492,942.7993297576904,111.4203929901123,126.18350982666016,133.26644897460938
3,udf_split_and_reuse,worst_wo_safety,2,1.0,15.320777893066406,939.2731189727783,111.30523681640625,125.48971176147461,136.8556022644043
4,udf_split_and_reuse,worst_wo_safety,2,1.0,14.427423477172852,981.7359447479248,110.43405532836914,127.98666954040527,131.73627853393555
5,udf_split_and_reuse,worst_wo_safety,2,1.0,14.450550079345703,940.3667449951172,116.80412292480469,126.0533332824707,134.27329063415527
6,udf_split_and_reuse,worst_wo_safety,2,1.0,14.38450813293457,985.7673645019531,111.92703247070312,129.94837760925293,133.32319259643555
