repetition,optimization,scenario,variant_counts,scale_factors,original_pipeline,analysis_result_with_opt_rule,analysis_result_without_opt_rule,analysis_result_without_any_opt
0,operator_deletion_filter_push_up,ideal,4,3.5,12561.14912033081,13130.675077438354,49641.9141292572,49765.16842842102
1,operator_deletion_filter_push_up,ideal,4,3.5,12237.218379974365,12570.87254524231,50008.92448425293,50795.063972473145
2,operator_deletion_filter_push_up,ideal,4,3.5,12278.64933013916,12687.918424606323,49905.328035354614,50161.35334968567
3,operator_deletion_filter_push_up,ideal,4,3.5,12345.038890838623,12751.272678375244,49968.679904937744,50054.60047721863
4,operator_deletion_filter_push_up,ideal,4,3.5,12322.01337814331,12856.091260910034,49743.38507652283,50285.62092781067
5,operator_deletion_filter_push_up,ideal,4,3.5,12360.941648483276,12922.082662582397,49513.65256309509,50047.18208312988
6,operator_deletion_filter_push_up,ideal,4,3.5,12389.636278152466,12841.323852539062,50058.640480041504,50352.57601737976
