repetition,optimization,scenario,variant_counts,scale_factors,original_pipeline,analysis_result_with_reuse_opt_rule,analysis_result_with_push_up_opt_rule,analysis_result_without_opt_rule,analysis_result_without_any_opt
0,udf_split_and_reuse,worst_constant,6,1.0,349.49302673339844,896.1448669433594,902.0588397979736,966.745138168335,2400.5720615386963
1,udf_split_and_reuse,worst_constant,6,1.0,348.62327575683594,885.9684467315674,890.5656337738037,955.9793472290039,2381.053686141968
2,udf_split_and_reuse,worst_constant,6,1.0,355.30924797058105,893.9507007598877,900.458812713623,964.465856552124,2387.5415325164795
3,udf_split_and_reuse,worst_constant,6,1.0,354.1829586029053,889.8279666900635,895.883321762085,960.3536128997803,2376.197338104248
4,udf_split_and_reuse,worst_constant,6,1.0,354.022741317749,887.8238201141357,893.4016227722168,958.3618640899658,2389.0984058380127
5,udf_split_and_reuse,worst_constant,6,1.0,350.9819507598877,885.5440616607666,898.8676071166992,961.7393016815186,2370.896100997925
6,udf_split_and_reuse,worst_constant,6,1.0,347.1348285675049,885.1974010467529,891.3204669952393,953.8974761962891,2372.3318576812744
