repetition,optimization,scenario,variant_counts,scale_factors,original_pipeline,analysis_result_with_opt_rule,analysis_result_without_opt_rule,analysis_result_without_any_opt
0,projection_push_up,worst,4,1.5,920.4566478729248,3983.086585998535,3523.784637451172,4543.323278427124
1,projection_push_up,worst,4,1.5,882.1475505828857,4353.264808654785,3427.635431289673,3487.6019954681396
2,projection_push_up,worst,4,1.5,861.483097076416,3504.6257972717285,3690.981864929199,3397.184133529663
3,projection_push_up,worst,4,1.5,833.1418037414551,3349.1437435150146,3371.4427947998047,3323.841333389282
4,projection_push_up,worst,4,1.5,822.6673603057861,3762.169361114502,3209.9967002868652,3609.0476512908936
5,projection_push_up,worst,4,1.5,837.1446132659912,3278.1238555908203,3291.269302368164,3423.631429672241
6,projection_push_up,worst,4,1.5,828.033447265625,3265.728235244751,3263.8020515441895,3300.4462718963623
