repetition,optimization,scenario,variant_counts,scale_factors,original_pipeline,analysis_result_with_reuse_opt_rule,analysis_result_with_push_up_opt_rule,analysis_result_without_opt_rule,analysis_result_without_any_opt
0,udf_split_and_reuse,worst_w_safety,4,3.0,120.42737007141113,2726.27854347229,2702.7618885040283,3050.770044326782,3236.084461212158
1,udf_split_and_reuse,worst_w_safety,4,3.0,119.19236183166504,2701.153039932251,2705.259084701538,3074.03564453125,3248.3248710632324
2,udf_split_and_reuse,worst_w_safety,4,3.0,117.24209785461426,2727.083921432495,2701.9736766815186,3082.759141921997,3254.4097900390625
3,udf_split_and_reuse,worst_w_safety,4,3.0,119.40407752990723,2724.503755569458,2728.604793548584,3088.6096954345703,3290.8031940460205
4,udf_split_and_reuse,worst_w_safety,4,3.0,124.77755546569824,2711.0321521759033,2697.5982189178467,3060.9989166259766,3260.122299194336
5,udf_split_and_reuse,worst_w_safety,4,3.0,117.8579330444336,2702.6526927948,2720.043182373047,3074.983835220337,3273.8656997680664
6,udf_split_and_reuse,worst_w_safety,4,3.0,119.04263496398926,2740.201234817505,2732.140302658081,3095.933437347412,3278.4461975097656
