repetition,optimization,scenario,variant_counts,scale_factors,original_pipeline,analysis_result_with_opt_rule,analysis_result_without_opt_rule,analysis_result_without_any_opt
0,projection_push_up,worst,4,3.0,1399.256706237793,5740.818023681641,5794.172048568726,5963.151931762695
1,projection_push_up,worst,4,3.0,1449.4237899780273,5972.8844165802,5722.333669662476,5956.84552192688
2,projection_push_up,worst,4,3.0,1478.9109230041504,5945.721387863159,5775.6805419921875,6020.35927772522
3,projection_push_up,worst,4,3.0,1424.9765872955322,5778.9154052734375,6008.3348751068115,5910.353899002075
4,projection_push_up,worst,4,3.0,1456.5958976745605,5672.514915466309,5815.7618045806885,5872.389316558838
5,projection_push_up,worst,4,3.0,1431.9877624511719,5781.870603561401,5717.888593673706,5910.070419311523
6,projection_push_up,worst,4,3.0,1446.3818073272705,6276.519536972046,5874.14026260376,5996.014833450317
