repetition,optimization,scenario,variant_counts,scale_factors,original_pipeline,analysis_result_with_reuse_opt_rule,analysis_result_with_push_up_opt_rule,analysis_result_without_opt_rule,analysis_result_without_any_opt
0,udf_split_and_reuse,worst_wo_safety,4,2.5,27.46295928955078,2377.875804901123,511.1696720123291,582.5889110565186,625.8862018585205
1,udf_split_and_reuse,worst_wo_safety,4,2.5,28.81336212158203,2359.886407852173,501.96266174316406,578.2802104949951,627.1545886993408
2,udf_split_and_reuse,worst_wo_safety,4,2.5,28.827905654907227,2366.8947219848633,506.8628787994385,582.7341079711914,634.1111660003662
3,udf_split_and_reuse,worst_wo_safety,4,2.5,28.73682975769043,2358.470678329468,509.28592681884766,585.1099491119385,633.0175399780273
4,udf_split_and_reuse,worst_wo_safety,4,2.5,28.9609432220459,2358.2894802093506,506.43324851989746,846.9316959381104,639.5695209503174
5,udf_split_and_reuse,worst_wo_safety,4,2.5,28.063535690307617,2362.4393939971924,512.9623413085938,582.374095916748,634.0415477752686
6,udf_split_and_reuse,worst_wo_safety,4,2.5,29.756546020507812,2372.7149963378906,507.16328620910645,582.000732421875,634.3200206756592
