repetition,optimization,scenario,variant_counts,scale_factors,original_pipeline,analysis_result_with_opt_rule,analysis_result_without_opt_rule,analysis_result_without_any_opt
0,filter_addition_push_up,worst_w_original,4,4.0,16624.793529510498,16489.453554153442,18998.63862991333,18967.206716537476
1,filter_addition_push_up,worst_w_original,4,4.0,16067.56615638733,16120.02420425415,19288.697004318237,20166.626930236816
2,filter_addition_push_up,worst_w_original,4,4.0,16012.998104095459,16053.25961112976,19754.12368774414,19503.56364250183
3,filter_addition_push_up,worst_w_original,4,4.0,16069.041967391968,16019.112348556519,18799.724817276,19165.80867767334
4,filter_addition_push_up,worst_w_original,4,4.0,16128.541707992554,16246.426343917847,18924.712896347046,19652.400016784668
5,filter_addition_push_up,worst_w_original,4,4.0,16026.355028152466,16148.583889007568,19995.890617370605,20092.140674591064
6,filter_addition_push_up,worst_w_original,4,4.0,16076.33924484253,15944.45013999939,18859.82346534729,19359.73572731018
