repetition,optimization,scenario,variant_counts,scale_factors,original_pipeline,analysis_result_with_opt_rule,analysis_result_without_opt_rule,analysis_result_without_any_opt
0,filter_addition_push_up,ideal,4,2.5,5692.963600158691,5778.891324996948,21075.10209083557,21470.503330230713
1,filter_addition_push_up,ideal,4,2.5,6302.312850952148,6198.810815811157,24443.199396133423,24771.104335784912
2,filter_addition_push_up,ideal,4,2.5,5581.808090209961,5579.02717590332,22059.688568115234,22258.22925567627
3,filter_addition_push_up,ideal,4,2.5,5978.4300327301025,6015.754222869873,23587.950706481934,23595.70837020874
4,filter_addition_push_up,ideal,4,2.5,5316.034317016602,5480.432033538818,21068.34077835083,21239.895820617676
5,filter_addition_push_up,ideal,4,2.5,6303.556680679321,6197.722911834717,24611.52410507202,24861.740589141846
6,filter_addition_push_up,ideal,4,2.5,5645.785331726074,5670.915365219116,22058.62545967102,22326.645374298096
