repetition,optimization,scenario,variant_counts,scale_factors,original_pipeline,analysis_result_with_reuse_opt_rule,analysis_result_with_push_up_opt_rule,analysis_result_without_opt_rule,analysis_result_without_any_opt
0,udf_split_and_reuse,worst_w_safety,4,2.0,83.20283889770508,1821.4571475982666,1816.9975280761719,2074.3868350982666,2208.949089050293
1,udf_split_and_reuse,worst_w_safety,4,2.0,85.72793006896973,1832.035779953003,1820.0454711914062,2057.675838470459,2201.8418312072754
2,udf_split_and_reuse,worst_w_safety,4,2.0,82.14306831359863,1850.2461910247803,1832.9823017120361,2099.449634552002,2235.98051071167
3,udf_split_and_reuse,worst_w_safety,4,2.0,85.51454544067383,1820.3022480010986,1816.460132598877,2050.892114639282,2200.7386684417725
4,udf_split_and_reuse,worst_w_safety,4,2.0,84.2142105102539,1809.659719467163,1816.8067932128906,2049.593925476074,2202.1121978759766
5,udf_split_and_reuse,worst_w_safety,4,2.0,85.2346420288086,1816.7710304260254,1826.7874717712402,2072.758197784424,2228.555202484131
6,udf_split_and_reuse,worst_w_safety,4,2.0,81.43091201782227,1852.7216911315918,1889.1127109527588,2088.1967544555664,2223.935127258301
