repetition,optimization,scenario,variant_counts,scale_factors,original_pipeline,analysis_result_with_reuse_opt_rule,analysis_result_with_push_up_opt_rule,analysis_result_without_opt_rule,analysis_result_without_any_opt
0,udf_split_and_reuse,worst_w_safety,10,1.0,45.70746421813965,2261.9805335998535,2297.0516681671143,2559.0808391571045,2766.9177055358887
1,udf_split_and_reuse,worst_w_safety,10,1.0,43.98465156555176,2292.574405670166,2300.7709980010986,2601.4175415039062,2814.725637435913
2,udf_split_and_reuse,worst_w_safety,10,1.0,44.49295997619629,2288.2819175720215,2311.7403984069824,2593.7743186950684,2795.287609100342
3,udf_split_and_reuse,worst_w_safety,10,1.0,44.74616050720215,2249.5038509368896,2277.437210083008,2567.542791366577,2777.951240539551
4,udf_split_and_reuse,worst_w_safety,10,1.0,44.60883140563965,2312.411308288574,2326.338052749634,2569.805860519409,2806.009531021118
5,udf_split_and_reuse,worst_w_safety,10,1.0,45.61114311218262,2256.173610687256,2258.4099769592285,2642.594337463379,2809.0059757232666
6,udf_split_and_reuse,worst_w_safety,10,1.0,43.72763633728027,2338.0565643310547,2302.7615547180176,2646.679401397705,2816.4901733398438
