repetition,optimization,scenario,variant_counts,scale_factors,original_pipeline,analysis_result_with_opt_rule,analysis_result_without_opt_rule,analysis_result_without_any_opt
0,projection_push_up,average,4,2.0,1130.5534839630127,1480.628252029419,3383.358955383301,5065.099716186523
1,projection_push_up,average,4,2.0,1131.8886280059814,1489.4282817840576,3412.5938415527344,5104.752779006958
2,projection_push_up,average,4,2.0,1130.859375,1473.6595153808594,3384.0861320495605,5024.072170257568
3,projection_push_up,average,4,2.0,1129.0299892425537,1479.4769287109375,3414.6382808685303,5035.401105880737
4,projection_push_up,average,4,2.0,1131.0744285583496,1472.9342460632324,3376.8579959869385,5089.8449420928955
5,projection_push_up,average,4,2.0,1137.3646259307861,1483.8840961456299,3368.399143218994,5105.042219161987
6,projection_push_up,average,4,2.0,1139.784812927246,1496.251106262207,3467.348098754883,5076.071739196777
