repetition,optimization,scenario,variant_counts,scale_factors,original_pipeline,analysis_result_with_opt_rule,analysis_result_without_opt_rule,analysis_result_without_any_opt
0,filter_addition_push_up,average,4,1.0,560.2917671203613,763.6780738830566,1319.7741508483887,2305.8950901031494
1,filter_addition_push_up,average,4,1.0,562.3002052307129,777.5681018829346,1343.550682067871,2316.239833831787
2,filter_addition_push_up,average,4,1.0,562.2539520263672,777.0657539367676,1350.0409126281738,2324.394464492798
3,filter_addition_push_up,average,4,1.0,563.5755062103271,797.5397109985352,1353.492021560669,2331.9220542907715
4,filter_addition_push_up,average,4,1.0,570.0066089630127,780.498743057251,1361.846923828125,2336.496114730835
5,filter_addition_push_up,average,4,1.0,558.307409286499,783.4329605102539,1371.0410594940186,2348.0746746063232
6,filter_addition_push_up,average,4,1.0,565.3514862060547,783.0793857574463,1365.7317161560059,2337.8775119781494
