repetition,optimization,scenario,variant_counts,scale_factors,original_pipeline,analysis_result_with_reuse_opt_rule,analysis_result_with_push_up_opt_rule,analysis_result_without_opt_rule,analysis_result_without_any_opt
0,udf_split_and_reuse,average,4,1.0,478.4252643585205,648.3800411224365,687.1023178100586,1471.4653491973877,2308.318853378296
1,udf_split_and_reuse,average,4,1.0,487.35809326171875,635.4646682739258,679.9018383026123,1502.1936893463135,2310.5905055999756
2,udf_split_and_reuse,average,4,1.0,486.39893531799316,638.8049125671387,681.1959743499756,1494.671106338501,2318.9377784729004
3,udf_split_and_reuse,average,4,1.0,493.53814125061035,644.2756652832031,690.9725666046143,1523.3116149902344,2334.8548412323
4,udf_split_and_reuse,average,4,1.0,493.15881729125977,643.0120468139648,692.3859119415283,1503.9982795715332,2349.2751121520996
5,udf_split_and_reuse,average,4,1.0,493.4659004211426,642.7841186523438,687.2236728668213,1507.950782775879,2330.8331966400146
6,udf_split_and_reuse,average,4,1.0,500.0724792480469,642.472505569458,685.8108043670654,1496.4540004730225,2324.941873550415
