repetition,optimization,scenario,variant_counts,scale_factors,original_pipeline,analysis_result_with_opt_rule,analysis_result_without_opt_rule,analysis_result_without_any_opt
0,filter_addition_push_up,average,10,1.0,561.4776611328125,1123.8181591033936,2757.4994564056396,5680.022239685059
1,filter_addition_push_up,average,10,1.0,556.9684505462646,1125.720500946045,2786.043167114258,5696.354389190674
2,filter_addition_push_up,average,10,1.0,567.6815509796143,1143.9483165740967,2821.558952331543,5777.722120285034
3,filter_addition_push_up,average,10,1.0,561.068058013916,1141.4098739624023,2823.634147644043,5697.940111160278
4,filter_addition_push_up,average,10,1.0,564.5782947540283,1143.39280128479,2829.4148445129395,5736.433267593384
5,filter_addition_push_up,average,10,1.0,565.5872821807861,1148.0343341827393,2835.883617401123,5729.021072387695
6,filter_addition_push_up,average,10,1.0,559.3266487121582,1140.5394077301025,2835.019588470459,5748.836517333984
