repetition,optimization,scenario,variant_counts,scale_factors,original_pipeline,analysis_result_with_opt_rule,analysis_result_without_opt_rule,analysis_result_without_any_opt
0,filter_addition_push_up,worst_w_original,4,3.5,12687.924861907959,12509.386777877808,14590.310335159302,14529.232740402222
1,filter_addition_push_up,worst_w_original,4,3.5,12467.096328735352,12428.531885147095,14794.057846069336,14921.237707138062
2,filter_addition_push_up,worst_w_original,4,3.5,12320.271492004395,12370.621919631958,14384.844779968262,14440.045595169067
3,filter_addition_push_up,worst_w_original,4,3.5,12316.02692604065,12363.635063171387,14491.202116012573,14470.62087059021
4,filter_addition_push_up,worst_w_original,4,3.5,12346.266508102417,12265.105247497559,14578.157901763916,14583.27317237854
5,filter_addition_push_up,worst_w_original,4,3.5,12529.25181388855,12392.316102981567,14704.533338546753,14777.071714401245
6,filter_addition_push_up,worst_w_original,4,3.5,12359.176635742188,12343.008041381836,14437.877893447876,14600.297689437866
