repetition,optimization,scenario,variant_counts,scale_factors,original_pipeline,analysis_result_with_reuse_opt_rule,analysis_result_with_push_up_opt_rule,analysis_result_without_opt_rule,analysis_result_without_any_opt
0,udf_split_and_reuse,worst_w_safety,4,2.5,99.19881820678711,2330.669641494751,2320.194959640503,2607.200860977173,2786.1576080322266
1,udf_split_and_reuse,worst_w_safety,4,2.5,98.39963912963867,2330.7483196258545,2325.984001159668,2600.7776260375977,2769.5319652557373
2,udf_split_and_reuse,worst_w_safety,4,2.5,98.7095832824707,2325.9315490722656,2327.963352203369,2600.499153137207,2772.688627243042
3,udf_split_and_reuse,worst_w_safety,4,2.5,98.33765029907227,2326.4973163604736,2327.455520629883,2597.238302230835,2747.8864192962646
4,udf_split_and_reuse,worst_w_safety,4,2.5,99.39956665039062,2323.0299949645996,2319.5602893829346,2611.8006706237793,2783.4506034851074
5,udf_split_and_reuse,worst_w_safety,4,2.5,99.03621673583984,2334.394693374634,2337.178945541382,2625.814199447632,2805.3300380706787
6,udf_split_and_reuse,worst_w_safety,4,2.5,98.9682674407959,2331.0437202453613,2330.1377296447754,2615.6487464904785,2765.6872272491455
