repetition,optimization,scenario,variant_counts,scale_factors,original_pipeline,analysis_result_with_opt_rule,analysis_result_without_opt_rule,analysis_result_without_any_opt
0,filter_addition_push_up,worst_w_original,2,1.0,1021.0075378417969,991.157054901123,1047.933578491211,1057.4090480804443
1,filter_addition_push_up,worst_w_original,2,1.0,976.4580726623535,986.2709045410156,1058.8607788085938,1063.188076019287
2,filter_addition_push_up,worst_w_original,2,1.0,983.2003116607666,985.1400852203369,1057.8763484954834,1076.5914916992188
3,filter_addition_push_up,worst_w_original,2,1.0,1170.4788208007812,968.8289165496826,1022.1619606018066,1031.7988395690918
4,filter_addition_push_up,worst_w_original,2,1.0,968.0776596069336,974.0121364593506,1025.080680847168,1030.2202701568604
5,filter_addition_push_up,worst_w_original,2,1.0,982.231855392456,967.9965972900391,1029.5422077178955,1031.1050415039062
6,filter_addition_push_up,worst_w_original,2,1.0,964.1954898834229,974.7569561004639,1026.0822772979736,1031.264066696167
