repetition,optimization,scenario,variant_counts,scale_factors,original_pipeline,analysis_result_with_opt_rule,analysis_result_without_opt_rule,analysis_result_without_any_opt
0,operator_deletion_filter_push_up,ideal,4,1.0,999.9666213989258,1010.0557804107666,3929.3746948242188,3856.5428256988525
1,operator_deletion_filter_push_up,ideal,4,1.0,953.6154270172119,1003.9336681365967,3757.667303085327,3831.904172897339
2,operator_deletion_filter_push_up,ideal,4,1.0,957.2346210479736,1003.648042678833,3855.4253578186035,3871.837377548218
3,operator_deletion_filter_push_up,ideal,4,1.0,956.505537033081,996.4799880981445,3797.6112365722656,3830.8944702148438
4,operator_deletion_filter_push_up,ideal,4,1.0,940.460205078125,1000.6809234619141,3832.88311958313,3867.2308921813965
5,operator_deletion_filter_push_up,ideal,4,1.0,946.6845989227295,998.2621669769287,3845.874547958374,4027.5821685791016
6,operator_deletion_filter_push_up,ideal,4,1.0,961.8489742279053,1001.8734931945801,3833.270788192749,3883.8155269622803
