repetition,optimization,scenario,variant_counts,scale_factors,original_pipeline,analysis_result_with_opt_rule,analysis_result_without_opt_rule,analysis_result_without_any_opt
0,filter_addition_push_up,average,4,3.5,2190.666913986206,2824.9998092651367,5422.754764556885,8781.202793121338
1,filter_addition_push_up,average,4,3.5,2203.956127166748,2858.611583709717,5495.444774627686,8811.643838882446
2,filter_addition_push_up,average,4,3.5,2186.626195907593,2856.104850769043,5516.432523727417,8802.206039428711
3,filter_addition_push_up,average,4,3.5,2181.3805103302,2858.0737113952637,5514.444351196289,8787.229776382446
4,filter_addition_push_up,average,4,3.5,2187.7708435058594,2853.410482406616,5510.692596435547,8784.14011001587
5,filter_addition_push_up,average,4,3.5,2179.697275161743,2872.3440170288086,5522.089958190918,8802.73985862732
6,filter_addition_push_up,average,4,3.5,2173.5076904296875,2864.3534183502197,5540.718078613281,8793.290376663208
