repetition,optimization,scenario,variant_counts,scale_factors,original_pipeline,analysis_result_with_opt_rule,analysis_result_without_opt_rule,analysis_result_without_any_opt
0,filter_addition_push_up,average,4,3.5,2216.979742050171,2807.1181774139404,5509.667158126831,8552.54077911377
1,filter_addition_push_up,average,4,3.5,2198.04310798645,2870.473623275757,5512.486934661865,8540.411710739136
2,filter_addition_push_up,average,4,3.5,2174.938201904297,2857.361316680908,5656.411647796631,8578.08232307434
3,filter_addition_push_up,average,4,3.5,2198.1887817382812,2815.62876701355,5515.120506286621,8519.548892974854
4,filter_addition_push_up,average,4,3.5,2174.147605895996,2851.8121242523193,5587.015628814697,8554.18086051941
5,filter_addition_push_up,average,4,3.5,2163.5568141937256,2809.077739715576,5509.21630859375,8494.507789611816
6,filter_addition_push_up,average,4,3.5,2148.568630218506,2840.9016132354736,5591.597080230713,8505.63645362854
