repetition,optimization,scenario,variant_counts,scale_factors,original_pipeline,analysis_result_with_opt_rule,analysis_result_without_opt_rule,analysis_result_without_any_opt
0,filter_addition_push_up,average,2,1.0,558.2618713378906,628.8702487945557,824.5172500610352,1154.9406051635742
1,filter_addition_push_up,average,2,1.0,558.7387084960938,635.3495121002197,830.211877822876,1164.9844646453857
2,filter_addition_push_up,average,2,1.0,554.7606945037842,641.1280632019043,835.5059623718262,1166.146993637085
3,filter_addition_push_up,average,2,1.0,559.9281787872314,642.9672241210938,839.6062850952148,1166.0044193267822
4,filter_addition_push_up,average,2,1.0,555.2937984466553,649.1549015045166,843.5206413269043,1169.2395210266113
5,filter_addition_push_up,average,2,1.0,566.6756629943848,641.552209854126,837.2316360473633,1175.9960651397705
6,filter_addition_push_up,average,2,1.0,561.1844062805176,651.4935493469238,848.0281829833984,1175.8434772491455
