repetition,optimization,scenario,variant_counts,scale_factors,original_pipeline,analysis_result_with_opt_rule,analysis_result_without_opt_rule,analysis_result_without_any_opt
0,operator_deletion_filter_push_up,average,4,2.5,1378.98850440979,1732.1851253509521,3238.741397857666,5829.81538772583
1,operator_deletion_filter_push_up,average,4,2.5,1426.2096881866455,1807.511329650879,3342.250347137451,6028.356075286865
2,operator_deletion_filter_push_up,average,4,2.5,1450.667381286621,1865.9706115722656,3422.6741790771484,6081.494092941284
3,operator_deletion_filter_push_up,average,4,2.5,1402.8165340423584,1822.7179050445557,3365.548610687256,5925.23455619812
4,operator_deletion_filter_push_up,average,4,2.5,1404.6740531921387,1810.0717067718506,3358.011245727539,5901.474237442017
5,operator_deletion_filter_push_up,average,4,2.5,1412.226676940918,1807.7483177185059,3351.2258529663086,5911.65828704834
6,operator_deletion_filter_push_up,average,4,2.5,1419.100284576416,1827.7099132537842,3378.0767917633057,5905.011177062988
