repetition,optimization,scenario,variant_counts,scale_factors,original_pipeline,analysis_result_with_opt_rule,analysis_result_without_opt_rule,analysis_result_without_any_opt
0,operator_deletion_filter_push_up,average,4,1.5,765.7127380371094,982.2814464569092,1759.0036392211914,3124.6495246887207
1,operator_deletion_filter_push_up,average,4,1.5,766.2029266357422,985.750675201416,1768.6123847961426,3157.116413116455
2,operator_deletion_filter_push_up,average,4,1.5,769.2179679870605,1007.1063041687012,1814.3584728240967,3163.30885887146
3,operator_deletion_filter_push_up,average,4,1.5,770.5459594726562,1001.9629001617432,1792.8314208984375,3170.574188232422
4,operator_deletion_filter_push_up,average,4,1.5,769.3607807159424,997.6856708526611,1818.664789199829,3165.332317352295
5,operator_deletion_filter_push_up,average,4,1.5,780.5066108703613,1014.4670009613037,1837.336540222168,3185.3158473968506
6,operator_deletion_filter_push_up,average,4,1.5,784.9249839782715,1008.608341217041,1833.1098556518555,3163.8431549072266
