repetition,optimization,scenario,variant_counts,scale_factors,original_pipeline,analysis_result_with_opt_rule,analysis_result_without_opt_rule,analysis_result_without_any_opt
0,projection_push_up,average,10,1.0,546.0340976715088,999.7544288635254,3500.9093284606934,6294.5520877838135
1,projection_push_up,average,10,1.0,554.2635917663574,1011.7826461791992,3576.540470123291,6396.716833114624
2,projection_push_up,average,10,1.0,557.0864677429199,1018.3124542236328,3639.8775577545166,6542.680501937866
3,projection_push_up,average,10,1.0,556.3642978668213,1030.3306579589844,3636.507511138916,6561.8531703948975
4,projection_push_up,average,10,1.0,560.3950023651123,1028.1283855438232,3656.5792560577393,6497.39670753479
5,projection_push_up,average,10,1.0,553.6015033721924,1011.7197036743164,3624.8207092285156,6475.4931926727295
6,projection_push_up,average,10,1.0,557.6813220977783,1028.9528369903564,3640.1329040527344,6508.746862411499
