repetition,optimization,scenario,variant_counts,scale_factors,original_pipeline,analysis_result_with_opt_rule,analysis_result_without_opt_rule,analysis_result_without_any_opt
0,operator_deletion_filter_push_up,ideal,4,3.0,8731.703281402588,8827.98457145691,34314.27311897278,34142.34161376953
1,operator_deletion_filter_push_up,ideal,4,3.0,8404.848575592041,8795.192241668701,34093.271255493164,34110.73875427246
2,operator_deletion_filter_push_up,ideal,4,3.0,8438.442945480347,8745.866060256958,34011.66296005249,34356.656551361084
3,operator_deletion_filter_push_up,ideal,4,3.0,8585.614204406738,8812.4418258667,34195.24335861206,34452.672719955444
4,operator_deletion_filter_push_up,ideal,4,3.0,8473.302125930786,8865.16284942627,34333.25171470642,34268.41640472412
5,operator_deletion_filter_push_up,ideal,4,3.0,8649.606466293335,9035.858392715454,34831.982135772705,34759.369134902954
6,operator_deletion_filter_push_up,ideal,4,3.0,8823.693752288818,8975.022554397583,35080.15775680542,34946.812868118286
