repetition,optimization,scenario,variant_counts,scale_factors,original_pipeline,analysis_result_with_reuse_opt_rule,analysis_result_with_push_up_opt_rule,analysis_result_without_opt_rule,analysis_result_without_any_opt
0,udf_split_and_reuse,worst_constant,4,2.0,715.3747081756592,1517.2042846679688,1514.657974243164,1625.450849533081,3386.6257667541504
1,udf_split_and_reuse,worst_constant,4,2.0,712.7954959869385,1499.269723892212,1511.4240646362305,1600.6994247436523,3376.260280609131
2,udf_split_and_reuse,worst_constant,4,2.0,720.771074295044,1502.8884410858154,1503.1695365905762,1612.0662689208984,3341.348171234131
3,udf_split_and_reuse,worst_constant,4,2.0,711.353063583374,1514.4877433776855,1513.7660503387451,1607.271671295166,3357.0473194122314
4,udf_split_and_reuse,worst_constant,4,2.0,711.2231254577637,1515.6464576721191,1509.1702938079834,1606.2395572662354,3342.947006225586
5,udf_split_and_reuse,worst_constant,4,2.0,709.8212242126465,1497.7095127105713,1499.1827011108398,1588.6650085449219,3326.7462253570557
6,udf_split_and_reuse,worst_constant,4,2.0,707.7877521514893,1509.6969604492188,1514.571189880371,1607.8622341156006,3347.578525543213
