repetition,optimization,scenario,variant_counts,scale_factors,original_pipeline,analysis_result_with_opt_rule,analysis_result_without_opt_rule,analysis_result_without_any_opt
0,filter_addition_push_up,worst_w_original,6,1.0,1016.5317058563232,987.0343208312988,1301.3255596160889,1330.9102058410645
1,filter_addition_push_up,worst_w_original,6,1.0,1001.605749130249,967.7770137786865,1322.296142578125,1390.007734298706
2,filter_addition_push_up,worst_w_original,6,1.0,988.4471893310547,995.4814910888672,1433.1018924713135,1297.4634170532227
3,filter_addition_push_up,worst_w_original,6,1.0,971.6975688934326,981.334924697876,1279.780387878418,1306.0541152954102
4,filter_addition_push_up,worst_w_original,6,1.0,968.3520793914795,976.2709140777588,1245.0017929077148,1270.0309753417969
5,filter_addition_push_up,worst_w_original,6,1.0,972.8410243988037,979.952335357666,1252.8924942016602,1281.7468643188477
6,filter_addition_push_up,worst_w_original,6,1.0,967.6549434661865,986.3579273223877,1262.1991634368896,1296.3759899139404
