repetition,optimization,scenario,variant_counts,scale_factors,original_pipeline,analysis_result_with_opt_rule,analysis_result_without_opt_rule,analysis_result_without_any_opt
0,operator_deletion_filter_push_up,average,10,1.0,653.9664268493652,1497.6835250854492,3239.30287361145,6979.248762130737
1,operator_deletion_filter_push_up,average,10,1.0,655.8001041412354,1525.357961654663,3271.245002746582,7006.777763366699
2,operator_deletion_filter_push_up,average,10,1.0,647.4301815032959,1577.6522159576416,3341.2742614746094,7030.138969421387
3,operator_deletion_filter_push_up,average,10,1.0,640.4809951782227,1547.7650165557861,3355.069160461426,7006.723165512085
4,operator_deletion_filter_push_up,average,10,1.0,640.1035785675049,1546.3449954986572,3317.432403564453,6991.3811683654785
5,operator_deletion_filter_push_up,average,10,1.0,641.5679454803467,1563.932180404663,3357.6810359954834,7019.325256347656
6,operator_deletion_filter_push_up,average,10,1.0,639.6400928497314,1551.8746376037598,3351.7818450927734,7011.843204498291
