repetition,optimization,scenario,variant_counts,scale_factors,original_pipeline,analysis_result_with_opt_rule,analysis_result_without_opt_rule,analysis_result_without_any_opt
0,projection_push_up,average,6,1.0,544.879674911499,805.5665493011475,2201.5128135681152,3764.691114425659
1,projection_push_up,average,6,1.0,547.1692085266113,818.9492225646973,2218.9226150512695,3768.3913707733154
2,projection_push_up,average,6,1.0,548.0043888092041,814.089298248291,2255.675792694092,3803.1129837036133
3,projection_push_up,average,6,1.0,550.2383708953857,819.8540210723877,2256.4070224761963,3776.850461959839
4,projection_push_up,average,6,1.0,551.4006614685059,816.8962001800537,2240.7474517822266,3769.862174987793
5,projection_push_up,average,6,1.0,550.3177642822266,811.7079734802246,2232.7535152435303,3769.9203491210938
6,projection_push_up,average,6,1.0,542.7031517028809,813.7187957763672,2247.591257095337,3782.5894355773926
