repetition,optimization,scenario,variant_counts,scale_factors,original_pipeline,analysis_result_with_opt_rule,analysis_result_without_opt_rule,analysis_result_without_any_opt
0,projection_push_up,ideal,4,3.0,7917.048454284668,7776.889324188232,30319.6542263031,30431.77103996277
1,projection_push_up,ideal,4,3.0,8383.834838867188,8387.622117996216,34138.654708862305,33978.593826293945
2,projection_push_up,ideal,4,3.0,8656.522274017334,8500.993251800537,34697.16024398804,33880.04231452942
3,projection_push_up,ideal,4,3.0,7643.508434295654,7843.003034591675,31150.82597732544,30957.973957061768
4,projection_push_up,ideal,4,3.0,7817.046403884888,7806.236028671265,31884.174585342407,32138.078689575195
5,projection_push_up,ideal,4,3.0,8364.062786102295,8131.355762481689,32770.76840400696,32815.54698944092
6,projection_push_up,ideal,4,3.0,7761.723756790161,7852.472543716431,31345.293760299683,31082.398891448975
