repetition,optimization,scenario,variant_counts,scale_factors,original_pipeline,analysis_result_with_reuse_opt_rule,analysis_result_with_push_up_opt_rule,analysis_result_without_opt_rule,analysis_result_without_any_opt
0,udf_split_and_reuse,worst_w_safety,4,1.5,66.97392463684082,1398.3807563781738,1399.5599746704102,1559.4923496246338,1661.262035369873
1,udf_split_and_reuse,worst_w_safety,4,1.5,64.04232978820801,1379.4941902160645,1376.9433498382568,1542.0746803283691,1651.033639907837
2,udf_split_and_reuse,worst_w_safety,4,1.5,63.79580497741699,1384.9871158599854,1387.200117111206,1545.7587242126465,1663.4495258331299
3,udf_split_and_reuse,worst_w_safety,4,1.5,62.76130676269531,1408.3762168884277,1402.2116661071777,1562.2305870056152,1677.7939796447754
4,udf_split_and_reuse,worst_w_safety,4,1.5,66.27297401428223,1399.296760559082,1390.512466430664,1545.6726551055908,1663.6126041412354
5,udf_split_and_reuse,worst_w_safety,4,1.5,63.794612884521484,1383.7738037109375,1373.6937046051025,1540.9417152404785,1671.6489791870117
6,udf_split_and_reuse,worst_w_safety,4,1.5,63.933372497558594,1413.0125045776367,1414.3168926239014,1563.399076461792,1675.9660243988037
