repetition,optimization,scenario,variant_counts,scale_factors,original_pipeline,analysis_result_with_reuse_opt_rule,analysis_result_with_push_up_opt_rule,analysis_result_without_opt_rule,analysis_result_without_any_opt
0,udf_split_and_reuse,worst_constant,4,2.5,889.9788856506348,1925.6618022918701,1952.3382186889648,2070.3463554382324,4243.974685668945
1,udf_split_and_reuse,worst_constant,4,2.5,884.8285675048828,1907.4981212615967,1930.7405948638916,2051.5544414520264,4223.241567611694
2,udf_split_and_reuse,worst_constant,4,2.5,886.9447708129883,1932.917833328247,1932.9326152801514,2065.809488296509,4224.4203090667725
3,udf_split_and_reuse,worst_constant,4,2.5,892.1833038330078,1950.5574703216553,1974.560260772705,2054.887533187866,4238.860130310059
4,udf_split_and_reuse,worst_constant,4,2.5,891.6749954223633,1933.3009719848633,1937.8056526184082,2050.642728805542,4244.598388671875
5,udf_split_and_reuse,worst_constant,4,2.5,883.5203647613525,1881.065845489502,1919.4159507751465,2022.9761600494385,4195.348501205444
6,udf_split_and_reuse,worst_constant,4,2.5,886.5516185760498,1892.1606540679932,1914.7059917449951,2031.2097072601318,4188.273668289185
