repetition,optimization,scenario,variant_counts,scale_factors,original_pipeline,analysis_result_with_opt_rule,analysis_result_without_opt_rule,analysis_result_without_any_opt
0,filter_addition_push_up,worst_wo_original,4,1.5,2353.093385696411,2214.402437210083,561.0795021057129,576.4546394348145
1,filter_addition_push_up,worst_wo_original,4,1.5,2237.990617752075,2297.327756881714,617.9521083831787,638.5583877563477
2,filter_addition_push_up,worst_wo_original,4,1.5,2404.1237831115723,2252.7406215667725,482.78188705444336,499.1116523742676
3,filter_addition_push_up,worst_wo_original,4,1.5,2280.9364795684814,2272.7651596069336,416.45097732543945,433.05420875549316
4,filter_addition_push_up,worst_wo_original,4,1.5,2263.822078704834,2261.291980743408,655.0290584564209,670.1109409332275
5,filter_addition_push_up,worst_wo_original,4,1.5,2227.80704498291,2248.6588954925537,616.7385578155518,634.6180438995361
6,filter_addition_push_up,worst_wo_original,4,1.5,2257.5106620788574,2264.6749019622803,622.8208541870117,642.0767307281494
