repetition,optimization,scenario,variant_counts,scale_factors,original_pipeline,analysis_result_with_opt_rule,analysis_result_without_opt_rule,analysis_result_without_any_opt
0,filter_addition_push_up,average,4,3.0,1682.6262474060059,2210.273265838623,3924.44109916687,6591.0844802856445
1,filter_addition_push_up,average,4,3.0,1675.7090091705322,2237.6348972320557,3991.6207790374756,6552.321672439575
2,filter_addition_push_up,average,4,3.0,1659.458875656128,2233.079195022583,3970.722198486328,6567.827224731445
3,filter_addition_push_up,average,4,3.0,1654.64448928833,2222.4414348602295,3954.911470413208,6550.645351409912
4,filter_addition_push_up,average,4,3.0,1650.9439945220947,2226.963996887207,3946.6915130615234,6556.606292724609
5,filter_addition_push_up,average,4,3.0,1643.9132690429688,2230.916976928711,3942.646026611328,6766.600847244263
6,filter_addition_push_up,average,4,3.0,1655.6861400604248,2227.356433868408,3955.963611602783,6534.665107727051
