repetition,optimization,scenario,variant_counts,scale_factors,original_pipeline,analysis_result_with_opt_rule,analysis_result_without_opt_rule,analysis_result_without_any_opt
0,filter_addition_push_up,ideal,8,1.0,1143.3863639831543,992.8491115570068,7379.558324813843,7530.745029449463
1,filter_addition_push_up,ideal,8,1.0,1031.5558910369873,1052.5438785552979,7995.173931121826,8346.50468826294
2,filter_addition_push_up,ideal,8,1.0,985.8605861663818,1010.6744766235352,7426.37038230896,7633.850336074829
3,filter_addition_push_up,ideal,8,1.0,999.61256980896,1018.8360214233398,7774.581432342529,7853.068113327026
4,filter_addition_push_up,ideal,8,1.0,1104.0091514587402,1128.2882690429688,8425.408601760864,8785.306930541992
5,filter_addition_push_up,ideal,8,1.0,768.1317329406738,783.7815284729004,5754.160165786743,6158.787965774536
6,filter_addition_push_up,ideal,8,1.0,883.5699558258057,891.7481899261475,6658.900737762451,7090.746879577637
