repetition,optimization,scenario,variant_counts,scale_factors,original_pipeline,analysis_result_with_opt_rule,analysis_result_without_opt_rule,analysis_result_without_any_opt
0,filter_addition_push_up,worst_w_original,10,1.0,1025.0074863433838,1017.3890590667725,1562.5200271606445,1588.4740352630615
1,filter_addition_push_up,worst_w_original,10,1.0,1000.1168251037598,986.7942333221436,1638.1499767303467,1667.0417785644531
2,filter_addition_push_up,worst_w_original,10,1.0,994.3356513977051,1154.3633937835693,1520.9441184997559,1566.8447017669678
3,filter_addition_push_up,worst_w_original,10,1.0,965.9132957458496,979.9144268035889,1558.2208633422852,1587.4662399291992
4,filter_addition_push_up,worst_w_original,10,1.0,967.2095775604248,987.0486259460449,1470.3567028045654,1513.4334564208984
5,filter_addition_push_up,worst_w_original,10,1.0,966.4480686187744,992.7747249603271,1479.9888134002686,1529.2296409606934
6,filter_addition_push_up,worst_w_original,10,1.0,968.0018424987793,986.1319065093994,1502.4969577789307,1556.6356182098389
