repetition,optimization,scenario,variant_counts,scale_factors,original_pipeline,analysis_result_with_reuse_opt_rule,analysis_result_with_push_up_opt_rule,analysis_result_without_opt_rule,analysis_result_without_any_opt
0,udf_split_and_reuse,worst_constant,10,1.0,351.9713878631592,1236.5386486053467,1245.9220886230469,1357.8734397888184,3976.0775566101074
1,udf_split_and_reuse,worst_constant,10,1.0,348.30355644226074,1218.982458114624,1230.5305004119873,1330.4650783538818,3903.125762939453
2,udf_split_and_reuse,worst_constant,10,1.0,353.17540168762207,1227.9584407806396,1232.6984405517578,1343.7845706939697,3899.974584579468
3,udf_split_and_reuse,worst_constant,10,1.0,348.5534191131592,1231.2705516815186,1238.9538288116455,1347.398281097412,3899.02663230896
4,udf_split_and_reuse,worst_constant,10,1.0,348.4811782836914,1222.6932048797607,1234.7495555877686,1338.03129196167,3895.752191543579
5,udf_split_and_reuse,worst_constant,10,1.0,351.3526916503906,1234.6522808074951,1240.0932312011719,1338.6540412902832,3909.553050994873
6,udf_split_and_reuse,worst_constant,10,1.0,352.83708572387695,1225.9037494659424,1231.1139106750488,1338.3965492248535,3874.9637603759766
