repetition,optimization,scenario,variant_counts,scale_factors,original_pipeline,analysis_result_with_opt_rule,analysis_result_without_opt_rule,analysis_result_without_any_opt
0,filter_addition_push_up,worst_wo_original,4,1.0,1028.6462306976318,991.3713932037354,255.79071044921875,274.2125988006592
1,filter_addition_push_up,worst_wo_original,4,1.0,983.3686351776123,968.4815406799316,291.2914752960205,306.17594718933105
2,filter_addition_push_up,worst_wo_original,4,1.0,979.5176982879639,979.407787322998,250.44894218444824,264.51683044433594
3,filter_addition_push_up,worst_wo_original,4,1.0,979.8669815063477,972.7027416229248,255.0680637359619,427.86169052124023
4,filter_addition_push_up,worst_wo_original,4,1.0,956.6028118133545,966.7599201202393,223.0854034423828,240.23723602294922
5,filter_addition_push_up,worst_wo_original,4,1.0,964.8160934448242,960.6447219848633,227.34928131103516,244.99917030334473
6,filter_addition_push_up,worst_wo_original,4,1.0,963.0110263824463,967.81325340271,239.64405059814453,256.78563117980957
