repetition,optimization,scenario,variant_counts,scale_factors,original_pipeline,analysis_result_with_opt_rule,analysis_result_without_opt_rule,analysis_result_without_any_opt
0,filter_addition_push_up,ideal,4,2.5,5751.258373260498,5818.05944442749,21473.37317466736,22027.977228164673
1,filter_addition_push_up,ideal,4,2.5,6293.97988319397,6502.918243408203,24807.555437088013,25163.251876831055
2,filter_addition_push_up,ideal,4,2.5,5639.56618309021,5912.862062454224,22426.29909515381,22609.960794448853
3,filter_addition_push_up,ideal,4,2.5,6256.158351898193,6132.603406906128,23868.672847747803,24239.704608917236
4,filter_addition_push_up,ideal,4,2.5,5570.616245269775,5428.846120834351,21584.068059921265,21589.397430419922
5,filter_addition_push_up,ideal,4,2.5,6355.963945388794,6425.537824630737,25363.32106590271,25615.732192993164
6,filter_addition_push_up,ideal,4,2.5,5672.22785949707,6072.075605392456,22329.401969909668,22799.38316345215
