repetition,optimization,scenario,variant_counts,scale_factors,original_pipeline,analysis_result_with_opt_rule,analysis_result_without_opt_rule,analysis_result_without_any_opt
0,filter_addition_push_up,worst_wo_original,4,2.5,6629.333972930908,6390.0299072265625,1679.2206764221191,1470.7050323486328
1,filter_addition_push_up,worst_wo_original,4,2.5,6355.476856231689,6403.5961627960205,1474.327564239502,1502.4011135101318
2,filter_addition_push_up,worst_wo_original,4,2.5,6333.806037902832,6405.28416633606,1579.482078552246,1596.7063903808594
3,filter_addition_push_up,worst_wo_original,4,2.5,6368.144512176514,6337.1546268463135,1662.7368927001953,1687.0064735412598
4,filter_addition_push_up,worst_wo_original,4,2.5,6332.846879959106,6368.9916133880615,1725.7001399993896,1529.2069911956787
5,filter_addition_push_up,worst_wo_original,4,2.5,6345.912218093872,6391.345500946045,1721.3339805603027,1731.9984436035156
6,filter_addition_push_up,worst_wo_original,4,2.5,6374.4001388549805,6426.553964614868,1619.0111637115479,1633.887529373169
