repetition,optimization,scenario,variant_counts,scale_factors,original_pipeline,analysis_result_with_opt_rule,analysis_result_without_opt_rule,analysis_result_without_any_opt
0,filter_addition_push_up,worst_w_original,4,4.0,17167.317628860474,17310.198068618774,19181.58459663391,19376.51515007019
1,filter_addition_push_up,worst_w_original,4,4.0,16494.759798049927,16422.850608825684,19690.4776096344,20100.608110427856
2,filter_addition_push_up,worst_w_original,4,4.0,16566.328525543213,16554.826974868774,19596.174716949463,19619.256734848022
3,filter_addition_push_up,worst_w_original,4,4.0,16436.784267425537,16557.727336883545,19276.853322982788,19220.482349395752
4,filter_addition_push_up,worst_w_original,4,4.0,16462.984323501587,16495.854139328003,19902.104139328003,19446.014404296875
5,filter_addition_push_up,worst_w_original,4,4.0,16439.199209213257,16416.797399520874,19841.95065498352,19897.929430007935
6,filter_addition_push_up,worst_w_original,4,4.0,16413.89775276184,16582.668781280518,19562.095165252686,19502.554893493652
