repetition,optimization,scenario,variant_counts,scale_factors,original_pipeline,analysis_result_with_opt_rule,analysis_result_without_opt_rule,analysis_result_without_any_opt
0,operator_deletion_filter_push_up,ideal,2,1.0,994.1384792327881,994.3568706512451,1947.1993446350098,1970.2503681182861
1,operator_deletion_filter_push_up,ideal,2,1.0,967.933177947998,976.0639667510986,1933.9244365692139,1936.8236064910889
2,operator_deletion_filter_push_up,ideal,2,1.0,961.4377021789551,981.224775314331,1948.7333297729492,1945.7335472106934
3,operator_deletion_filter_push_up,ideal,2,1.0,962.0192050933838,1105.041742324829,1915.5404567718506,1890.7570838928223
4,operator_deletion_filter_push_up,ideal,2,1.0,945.7027912139893,967.7577018737793,1897.1641063690186,1917.86789894104
5,operator_deletion_filter_push_up,ideal,2,1.0,950.8318901062012,966.8729305267334,1910.6566905975342,1930.2465915679932
6,operator_deletion_filter_push_up,ideal,2,1.0,944.9753761291504,968.0283069610596,1881.7765712738037,1938.523530960083
