repetition,optimization,scenario,variant_counts,scale_factors,original_pipeline,analysis_result_with_opt_rule,analysis_result_without_opt_rule,analysis_result_without_any_opt
0,operator_deletion_filter_push_up,ideal,4,1.5,2225.795269012451,2245.9018230438232,8771.024465560913,8736.154317855835
1,operator_deletion_filter_push_up,ideal,4,1.5,2117.125988006592,2231.8592071533203,8520.591735839844,8583.863258361816
2,operator_deletion_filter_push_up,ideal,4,1.5,2117.253541946411,2237.072229385376,8569.578886032104,8452.976942062378
3,operator_deletion_filter_push_up,ideal,4,1.5,2105.851650238037,2233.2763671875,8541.04208946228,8608.768224716187
4,operator_deletion_filter_push_up,ideal,4,1.5,2099.625587463379,2371.377468109131,8515.722274780273,8665.351867675781
5,operator_deletion_filter_push_up,ideal,4,1.5,2161.2954139709473,2266.758918762207,8752.251863479614,8879.005432128906
6,operator_deletion_filter_push_up,ideal,4,1.5,2168.8833236694336,2272.981643676758,8701.050281524658,8733.777284622192
