repetition,optimization,scenario,variant_counts,scale_factors,original_pipeline,analysis_result_with_opt_rule,analysis_result_without_opt_rule,analysis_result_without_any_opt
0,operator_deletion_filter_push_up,average,2,1.0,529.9975872039795,551.5055656433105,751.2218952178955,1074.2168426513672
1,operator_deletion_filter_push_up,average,2,1.0,525.6004333496094,566.2631988525391,769.7131633758545,1102.4634838104248
2,operator_deletion_filter_push_up,average,2,1.0,521.2578773498535,562.0021820068359,760.2813243865967,1090.5330181121826
3,operator_deletion_filter_push_up,average,2,1.0,518.1288719177246,570.084810256958,759.4759464263916,1104.464054107666
4,operator_deletion_filter_push_up,average,2,1.0,522.1035480499268,581.9008350372314,762.0337009429932,1103.4533977508545
5,operator_deletion_filter_push_up,average,2,1.0,528.3236503601074,585.2422714233398,769.9620723724365,1100.1224517822266
6,operator_deletion_filter_push_up,average,2,1.0,530.9343338012695,576.3838291168213,770.0567245483398,1097.9642868041992
