repetition,optimization,scenario,variant_counts,scale_factors,original_pipeline,analysis_result_with_reuse_opt_rule,analysis_result_with_push_up_opt_rule,analysis_result_without_opt_rule,analysis_result_without_any_opt
0,udf_split_and_reuse,worst_w_safety,4,4.0,153.44619750976562,3549.481153488159,3568.209171295166,4007.422924041748,4267.901420593262
1,udf_split_and_reuse,worst_w_safety,4,4.0,153.7642478942871,3573.7667083740234,3571.840763092041,4021.5628147125244,4285.992622375488
2,udf_split_and_reuse,worst_w_safety,4,4.0,152.77767181396484,3572.7908611297607,3559.0195655822754,4004.197120666504,4268.735408782959
3,udf_split_and_reuse,worst_w_safety,4,4.0,154.3416976928711,3587.4946117401123,3570.2223777770996,4019.67191696167,4287.314176559448
4,udf_split_and_reuse,worst_w_safety,4,4.0,151.19552612304688,3575.457811355591,3553.414821624756,3993.6952590942383,4255.513429641724
5,udf_split_and_reuse,worst_w_safety,4,4.0,150.78020095825195,3558.809757232666,3574.634552001953,4001.3513565063477,4251.572847366333
6,udf_split_and_reuse,worst_w_safety,4,4.0,150.76303482055664,3591.6998386383057,3574.2053985595703,4002.29811668396,4277.380704879761
