repetition,optimization,scenario,variant_counts,scale_factors,original_pipeline,analysis_result_with_opt_rule,analysis_result_without_opt_rule,analysis_result_without_any_opt
0,projection_push_up,worst,4,3.5,1634.0513229370117,6574.125289916992,6687.977075576782,7065.171480178833
1,projection_push_up,worst,4,3.5,1665.717363357544,6599.602937698364,9206.013917922974,7283.734321594238
2,projection_push_up,worst,4,3.5,1685.929775238037,6636.337757110596,6867.401361465454,6843.551397323608
3,projection_push_up,worst,4,3.5,1829.1435241699219,7866.4391040802,9399.10888671875,6956.508636474609
4,projection_push_up,worst,4,3.5,1862.076759338379,7298.676490783691,6926.565885543823,7102.1788120269775
5,projection_push_up,worst,4,3.5,1712.557315826416,6825.200319290161,7569.2150592803955,7753.503322601318
6,projection_push_up,worst,4,3.5,1767.3850059509277,7020.461082458496,7171.6930866241455,7225.7819175720215
