repetition,optimization,scenario,variant_counts,scale_factors,original_pipeline,analysis_result_with_opt_rule,analysis_result_without_opt_rule,analysis_result_without_any_opt
0,filter_addition_push_up,worst_wo_original,4,4.0,16744.571685791016,16598.49524497986,3966.153144836426,3815.049648284912
1,filter_addition_push_up,worst_wo_original,4,4.0,16379.197597503662,16307.515382766724,4261.781454086304,4296.9770431518555
2,filter_addition_push_up,worst_wo_original,4,4.0,16336.138248443604,16385.172605514526,4005.4097175598145,3865.2279376983643
3,filter_addition_push_up,worst_wo_original,4,4.0,16289.29090499878,16337.114095687866,3646.188497543335,3659.0240001678467
4,filter_addition_push_up,worst_wo_original,4,4.0,16381.669044494629,16487.855911254883,3903.881311416626,3882.8940391540527
5,filter_addition_push_up,worst_wo_original,4,4.0,16391.89863204956,16287.817478179932,4214.656114578247,4232.107877731323
6,filter_addition_push_up,worst_wo_original,4,4.0,16246.21605873108,16477.77271270752,3918.043375015259,3922.6725101470947
