repetition,optimization,scenario,variant_counts,scale_factors,original_pipeline,analysis_result_with_opt_rule,analysis_result_without_opt_rule,analysis_result_without_any_opt
0,filter_addition_push_up,worst_w_original,4,3.5,12659.17181968689,12512.195825576782,14536.436796188354,14685.158729553223
1,filter_addition_push_up,worst_w_original,4,3.5,12301.681280136108,12377.071857452393,14874.591827392578,15223.695755004883
2,filter_addition_push_up,worst_w_original,4,3.5,12441.035509109497,12325.674295425415,14326.460123062134,14919.310331344604
3,filter_addition_push_up,worst_w_original,4,3.5,12342.30899810791,12385.510683059692,14530.921459197998,14994.903564453125
4,filter_addition_push_up,worst_w_original,4,3.5,12382.425785064697,12403.603553771973,14464.452266693115,14957.354068756104
5,filter_addition_push_up,worst_w_original,4,3.5,12304.717302322388,12538.086891174316,14870.660305023193,15266.48998260498
6,filter_addition_push_up,worst_w_original,4,3.5,12390.471458435059,12472.72777557373,14785.041809082031,15227.60009765625
