repetition,optimization,scenario,variant_counts,scale_factors,original_pipeline,analysis_result_with_opt_rule,analysis_result_without_opt_rule,analysis_result_without_any_opt
0,filter_addition_push_up,ideal,4,2.0,3625.8115768432617,3718.374490737915,13719.33364868164,13869.285821914673
1,filter_addition_push_up,ideal,4,2.0,3896.7745304107666,3899.176597595215,15354.354858398438,15659.149169921875
2,filter_addition_push_up,ideal,4,2.0,3642.122268676758,3786.6227626800537,14491.482734680176,14618.754148483276
3,filter_addition_push_up,ideal,4,2.0,3799.497604370117,3804.7266006469727,15328.737258911133,15073.75979423523
4,filter_addition_push_up,ideal,4,2.0,3745.4605102539062,3559.5932006835938,14027.030229568481,14277.750968933105
5,filter_addition_push_up,ideal,4,2.0,3995.276689529419,4147.833824157715,15847.783327102661,15987.287998199463
6,filter_addition_push_up,ideal,4,2.0,3762.815475463867,3711.019277572632,14870.856761932373,14843.540668487549
