repetition,optimization,scenario,variant_counts,scale_factors,original_pipeline,analysis_result_with_opt_rule,analysis_result_without_opt_rule,analysis_result_without_any_opt
0,filter_addition_push_up,worst_wo_original,8,1.0,988.917350769043,966.3715362548828,505.7811737060547,545.7296371459961
1,filter_addition_push_up,worst_wo_original,8,1.0,972.5058078765869,963.8371467590332,574.0485191345215,608.74342918396
2,filter_addition_push_up,worst_wo_original,8,1.0,967.6215648651123,965.6128883361816,494.20857429504395,530.1353931427002
3,filter_addition_push_up,worst_wo_original,8,1.0,1106.5673828125,965.3656482696533,499.27592277526855,537.2560024261475
4,filter_addition_push_up,worst_wo_original,8,1.0,949.5351314544678,965.6832218170166,439.6378993988037,476.29237174987793
5,filter_addition_push_up,worst_wo_original,8,1.0,958.096981048584,971.2021350860596,452.7089595794678,488.39592933654785
6,filter_addition_push_up,worst_wo_original,8,1.0,954.1635513305664,963.679313659668,471.50206565856934,515.1965618133545
