repetition,optimization,scenario,variant_counts,scale_factors,original_pipeline,analysis_result_with_opt_rule,analysis_result_without_opt_rule,analysis_result_without_any_opt
0,operator_deletion_filter_push_up,ideal,4,4.0,16037.086486816406,16548.388242721558,63332.36289024353,63814.64648246765
1,operator_deletion_filter_push_up,ideal,4,4.0,15839.389562606812,16399.83892440796,63530.80248832703,64385.85114479065
2,operator_deletion_filter_push_up,ideal,4,4.0,15765.432834625244,16549.919605255127,64675.278425216675,64007.692098617554
3,operator_deletion_filter_push_up,ideal,4,4.0,15698.368072509766,16415.377378463745,64648.032665252686,63590.996980667114
4,operator_deletion_filter_push_up,ideal,4,4.0,15783.775329589844,16555.685997009277,65220.775842666626,65574.16200637817
5,operator_deletion_filter_push_up,ideal,4,4.0,15948.394060134888,16780.04264831543,65175.74954032898,66308.59613418579
6,operator_deletion_filter_push_up,ideal,4,4.0,16192.960262298584,16673.84123802185,65406.553983688354,64817.97695159912
