repetition,optimization,scenario,variant_counts,scale_factors,original_pipeline,analysis_result_with_opt_rule,analysis_result_without_opt_rule,analysis_result_without_any_opt
0,filter_addition_push_up,average,4,2.0,1141.2274837493896,1513.4401321411133,2819.249153137207,4687.93797492981
1,filter_addition_push_up,average,4,2.0,1161.534070968628,1544.7542667388916,2852.0352840423584,4741.2567138671875
2,filter_addition_push_up,average,4,2.0,1164.5870208740234,1542.2170162200928,2858.963966369629,4738.200902938843
3,filter_addition_push_up,average,4,2.0,1168.9479351043701,1548.2473373413086,2863.4378910064697,4739.3364906311035
4,filter_addition_push_up,average,4,2.0,1159.8198413848877,1542.186975479126,2871.448755264282,4733.827114105225
5,filter_addition_push_up,average,4,2.0,1160.104751586914,1541.2356853485107,2849.797487258911,4715.380430221558
6,filter_addition_push_up,average,4,2.0,1156.5513610839844,1541.731357574463,2869.527816772461,4716.874599456787
