repetition,optimization,scenario,variant_counts,scale_factors,original_pipeline,analysis_result_with_reuse_opt_rule,analysis_result_with_push_up_opt_rule,analysis_result_without_opt_rule,analysis_result_without_any_opt
0,udf_split_and_reuse,worst_wo_safety,10,1.0,14.954805374145508,978.642463684082,515.1703357696533,605.8492660522461,678.9567470550537
1,udf_split_and_reuse,worst_wo_safety,10,1.0,14.590740203857422,959.639310836792,502.95400619506836,595.4077243804932,662.7843379974365
2,udf_split_and_reuse,worst_wo_safety,10,1.0,14.343976974487305,988.3930683135986,509.474515914917,598.9961624145508,663.4097099304199
3,udf_split_and_reuse,worst_wo_safety,10,1.0,14.756917953491211,981.3408851623535,511.7931365966797,607.8987121582031,668.2400703430176
4,udf_split_and_reuse,worst_wo_safety,10,1.0,14.532327651977539,969.6636199951172,505.74254989624023,602.1683216094971,664.5357608795166
5,udf_split_and_reuse,worst_wo_safety,10,1.0,14.81318473815918,978.0492782592773,508.5179805755615,608.3793640136719,668.3735847473145
6,udf_split_and_reuse,worst_wo_safety,10,1.0,14.380931854248047,966.4247035980225,500.3936290740967,601.9771099090576,658.9431762695312
