repetition,optimization,scenario,variant_counts,scale_factors,original_pipeline,analysis_result_with_opt_rule,analysis_result_without_opt_rule,analysis_result_without_any_opt
0,filter_addition_push_up,worst_w_original,4,3.5,12967.88215637207,12821.196556091309,14924.96919631958,15002.280950546265
1,filter_addition_push_up,worst_w_original,4,3.5,12720.677852630615,12686.18655204773,15081.276655197144,15376.285552978516
2,filter_addition_push_up,worst_w_original,4,3.5,12604.415893554688,12688.109636306763,14835.105657577515,14782.07778930664
3,filter_addition_push_up,worst_w_original,4,3.5,12698.75431060791,12734.575033187866,14964.923858642578,14835.02459526062
4,filter_addition_push_up,worst_w_original,4,3.5,12671.58317565918,12862.807750701904,15049.737453460693,15081.621408462524
5,filter_addition_push_up,worst_w_original,4,3.5,12702.258825302124,12855.49545288086,15151.566743850708,15165.250539779663
6,filter_addition_push_up,worst_w_original,4,3.5,12675.086259841919,12759.132385253906,14922.752857208252,14878.894805908203
