repetition,optimization,scenario,variant_counts,scale_factors,original_pipeline,analysis_result_with_reuse_opt_rule,analysis_result_with_push_up_opt_rule,analysis_result_without_opt_rule,analysis_result_without_any_opt
0,udf_split_and_reuse,ideal,8,1.0,13.20648193359375,945.3787803649902,6813.1043910980225,6897.2063064575195,6916.476726531982
1,udf_split_and_reuse,ideal,8,1.0,13.16976547241211,950.7534503936768,6836.153030395508,6958.702087402344,6932.556390762329
2,udf_split_and_reuse,ideal,8,1.0,12.920379638671875,955.1429748535156,6982.534170150757,7058.32576751709,7038.776397705078
3,udf_split_and_reuse,ideal,8,1.0,13.253450393676758,951.8766403198242,6848.544597625732,6944.313049316406,6950.363874435425
4,udf_split_and_reuse,ideal,8,1.0,13.391971588134766,954.8959732055664,6885.787487030029,6956.032276153564,7021.726846694946
5,udf_split_and_reuse,ideal,8,1.0,13.374805450439453,957.2157859802246,6880.94162940979,7000.754833221436,7029.249429702759
6,udf_split_and_reuse,ideal,8,1.0,13.336181640625,950.2615928649902,6909.954071044922,7049.025774002075,7025.481700897217
