repetition,optimization,scenario,variant_counts,scale_factors,original_pipeline,analysis_result_with_reuse_opt_rule,analysis_result_with_push_up_opt_rule,analysis_result_without_opt_rule,analysis_result_without_any_opt
0,udf_split_and_reuse,ideal,8,1.0,15.417814254760742,1164.0629768371582,6932.06000328064,7149.899959564209,7234.551191329956
1,udf_split_and_reuse,ideal,8,1.0,14.385700225830078,976.1133193969727,6985.867023468018,7125.701189041138,7293.343067169189
2,udf_split_and_reuse,ideal,8,1.0,14.856100082397461,972.1372127532959,7120.214939117432,7121.753215789795,7167.811155319214
3,udf_split_and_reuse,ideal,8,1.0,14.692068099975586,967.198371887207,7112.332344055176,7203.256845474243,7160.182237625122
4,udf_split_and_reuse,ideal,8,1.0,14.519214630126953,987.0309829711914,7158.409118652344,7270.395517349243,7255.601644515991
5,udf_split_and_reuse,ideal,8,1.0,14.418363571166992,1005.7353973388672,7038.18416595459,7106.01282119751,7176.843166351318
6,udf_split_and_reuse,ideal,8,1.0,17.391204833984375,985.3575229644775,7106.77433013916,7165.652513504028,7173.813343048096
