repetition,optimization,scenario,variant_counts,scale_factors,original_pipeline,analysis_result_with_opt_rule,analysis_result_without_opt_rule,analysis_result_without_any_opt
0,filter_addition_push_up,average,8,1.0,537.0578765869141,979.325532913208,2168.365478515625,4246.268749237061
1,filter_addition_push_up,average,8,1.0,529.3765068054199,969.0244197845459,2162.4956130981445,4254.3933391571045
2,filter_addition_push_up,average,8,1.0,533.6148738861084,979.9878597259521,2190.028667449951,4288.849115371704
3,filter_addition_push_up,average,8,1.0,539.4864082336426,984.647274017334,2197.113275527954,4295.330286026001
4,filter_addition_push_up,average,8,1.0,533.411979675293,993.1931495666504,2232.0210933685303,4292.163848876953
5,filter_addition_push_up,average,8,1.0,539.6730899810791,993.9732551574707,2246.5014457702637,4307.394027709961
6,filter_addition_push_up,average,8,1.0,545.2451705932617,993.5004711151123,2257.396459579468,4294.615745544434
