repetition,optimization,scenario,variant_counts,scale_factors,original_pipeline,analysis_result_with_opt_rule,analysis_result_without_opt_rule,analysis_result_without_any_opt
0,projection_push_up,ideal,4,4.0,15806.642770767212,15161.499738693237,60197.715282440186,60645.087003707886
1,projection_push_up,ideal,4,4.0,14425.842761993408,14402.037620544434,58903.03993225098,57916.579484939575
2,projection_push_up,ideal,4,4.0,14817.155361175537,14723.082542419434,58013.622522354126,58110.522747039795
3,projection_push_up,ideal,4,4.0,14305.431842803955,14540.56978225708,57385.76245307922,57270.214557647705
4,projection_push_up,ideal,4,4.0,14722.459077835083,14719.989776611328,58724.9915599823,58085.97135543823
5,projection_push_up,ideal,4,4.0,13912.649154663086,14471.718549728394,57238.3348941803,57375.42676925659
6,projection_push_up,ideal,4,4.0,14462.693691253662,14504.815340042114,57974.597454071045,57868.924617767334
