repetition,optimization,scenario,variant_counts,scale_factors,original_pipeline,analysis_result_with_opt_rule,analysis_result_without_opt_rule,analysis_result_without_any_opt
0,filter_addition_push_up,average,4,1.0,558.8288307189941,752.2082328796387,1314.1694068908691,2294.442892074585
1,filter_addition_push_up,average,4,1.0,561.2008571624756,763.2501125335693,1333.1804275512695,2306.2829971313477
2,filter_addition_push_up,average,4,1.0,556.5071105957031,769.9368000030518,1336.6374969482422,2319.2074298858643
3,filter_addition_push_up,average,4,1.0,553.6737442016602,786.151647567749,1343.9254760742188,2334.7556591033936
4,filter_addition_push_up,average,4,1.0,558.9714050292969,773.1032371520996,1350.928544998169,2301.9046783447266
5,filter_addition_push_up,average,4,1.0,558.8915348052979,776.4532566070557,1341.804027557373,2334.5603942871094
6,filter_addition_push_up,average,4,1.0,557.6944351196289,776.939868927002,1338.716983795166,2315.777540206909
