repetition,optimization,scenario,variant_counts,scale_factors,original_pipeline,analysis_result_with_opt_rule,analysis_result_without_opt_rule,analysis_result_without_any_opt
0,filter_addition_push_up,worst_wo_original,4,2.0,4284.035444259644,4149.53351020813,916.8493747711182,939.5666122436523
1,filter_addition_push_up,worst_wo_original,4,2.0,4163.559198379517,4255.916357040405,1101.1688709259033,1117.6731586456299
2,filter_addition_push_up,worst_wo_original,4,2.0,4091.0701751708984,4116.313457489014,1083.4763050079346,1105.069637298584
3,filter_addition_push_up,worst_wo_original,4,2.0,4106.1131954193115,4130.892038345337,948.9321708679199,965.3420448303223
4,filter_addition_push_up,worst_wo_original,4,2.0,4122.337579727173,4113.832712173462,929.1455745697021,947.4589824676514
5,filter_addition_push_up,worst_wo_original,4,2.0,4097.761154174805,4125.027656555176,1090.9907817840576,1113.356590270996
6,filter_addition_push_up,worst_wo_original,4,2.0,4108.970642089844,4306.028127670288,1028.0702114105225,1041.2828922271729
