repetition,optimization,scenario,variant_counts,scale_factors,original_pipeline,analysis_result_with_reuse_opt_rule,analysis_result_with_push_up_opt_rule,analysis_result_without_opt_rule,analysis_result_without_any_opt
0,udf_split_and_reuse,ideal,2,1.0,14.786243438720703,931.931734085083,1713.1147384643555,1749.845027923584,1778.698444366455
1,udf_split_and_reuse,ideal,2,1.0,14.201879501342773,937.4289512634277,1759.5548629760742,1770.2019214630127,1789.1550064086914
2,udf_split_and_reuse,ideal,2,1.0,14.19210433959961,917.626142501831,1765.4831409454346,1796.2100505828857,1786.5240573883057
3,udf_split_and_reuse,ideal,2,1.0,14.798402786254883,913.5427474975586,1765.1445865631104,1813.2457733154297,1779.6814441680908
4,udf_split_and_reuse,ideal,2,1.0,14.212369918823242,917.1807765960693,1739.3643856048584,1807.1279525756836,1820.9481239318848
5,udf_split_and_reuse,ideal,2,1.0,14.916658401489258,924.1034984588623,1743.818759918213,1785.8741283416748,1819.7948932647705
6,udf_split_and_reuse,ideal,2,1.0,14.055252075195312,921.1533069610596,1785.66312789917,1802.9649257659912,1814.6264553070068
