repetition,optimization,scenario,variant_counts,scale_factors,original_pipeline,analysis_result_with_opt_rule,analysis_result_without_opt_rule,analysis_result_without_any_opt
0,filter_addition_push_up,worst_w_original,8,1.0,1005.316972732544,978.0373573303223,1396.470069885254,1417.1903133392334
1,filter_addition_push_up,worst_w_original,8,1.0,962.9952907562256,977.9741764068604,1453.0320167541504,1486.4978790283203
2,filter_addition_push_up,worst_w_original,8,1.0,958.3287239074707,982.7399253845215,1381.5152645111084,1578.5348415374756
3,filter_addition_push_up,worst_w_original,8,1.0,941.9863224029541,957.625150680542,1386.7511749267578,1415.5540466308594
4,filter_addition_push_up,worst_w_original,8,1.0,947.4329948425293,964.728593826294,1324.1870403289795,1369.05837059021
5,filter_addition_push_up,worst_w_original,8,1.0,942.3568248748779,961.1783027648926,1338.0725383758545,1383.9645385742188
6,filter_addition_push_up,worst_w_original,8,1.0,944.6337223052979,960.4084491729736,1359.45463180542,1402.56929397583
