repetition,optimization,scenario,variant_counts,scale_factors,original_pipeline,analysis_result_with_opt_rule,analysis_result_without_opt_rule,analysis_result_without_any_opt
0,filter_addition_push_up,average,6,1.0,536.5815162658691,861.4535331726074,1721.5266227722168,3193.786144256592
1,filter_addition_push_up,average,6,1.0,531.3053131103516,846.6801643371582,1716.6211605072021,3194.5598125457764
2,filter_addition_push_up,average,6,1.0,533.5197448730469,856.2271595001221,1731.4212322235107,3229.376792907715
3,filter_addition_push_up,average,6,1.0,538.0551815032959,857.9943180084229,1723.67262840271,3239.0592098236084
4,filter_addition_push_up,average,6,1.0,534.900426864624,870.9943294525146,1770.5936431884766,3249.879837036133
5,filter_addition_push_up,average,6,1.0,534.9912643432617,874.025821685791,1771.458625793457,3233.2229614257812
6,filter_addition_push_up,average,6,1.0,547.0101833343506,874.8264312744141,1774.0991115570068,3246.38295173645
