repetition,optimization,scenario,variant_counts,scale_factors,original_pipeline,analysis_result_with_opt_rule,analysis_result_without_opt_rule,analysis_result_without_any_opt
0,filter_addition_push_up,worst_w_original,4,1.5,2339.803695678711,2271.2738513946533,2679.086208343506,2683.3577156066895
1,filter_addition_push_up,worst_w_original,4,1.5,2300.3902435302734,2240.997314453125,2719.4769382476807,2976.651430130005
2,filter_addition_push_up,worst_w_original,4,1.5,2236.7897033691406,2249.420166015625,2603.4414768218994,2607.9840660095215
3,filter_addition_push_up,worst_w_original,4,1.5,2234.4398498535156,2250.865697860718,2559.1495037078857,2578.0768394470215
4,filter_addition_push_up,worst_w_original,4,1.5,2259.812593460083,2250.864267349243,2717.829942703247,2727.837085723877
5,filter_addition_push_up,worst_w_original,4,1.5,2259.6850395202637,2260.343551635742,2708.3287239074707,2718.1291580200195
6,filter_addition_push_up,worst_w_original,4,1.5,2235.422134399414,2265.650987625122,2708.261489868164,2723.9651679992676
