repetition,optimization,scenario,variant_counts,scale_factors,original_pipeline,analysis_result_with_opt_rule,analysis_result_without_opt_rule,analysis_result_without_any_opt
0,filter_addition_push_up,worst_wo_original,4,3.5,12491.168737411499,12469.8805809021,3131.211042404175,2958.1594467163086
1,filter_addition_push_up,worst_wo_original,4,3.5,12423.860788345337,12386.893272399902,3183.2058429718018,3242.130756378174
2,filter_addition_push_up,worst_wo_original,4,3.5,12235.882043838501,12362.881183624268,2770.7364559173584,2980.095624923706
3,filter_addition_push_up,worst_wo_original,4,3.5,12239.545583724976,12354.70199584961,2821.0296630859375,2852.757215499878
4,filter_addition_push_up,worst_wo_original,4,3.5,12254.380464553833,12330.543518066406,2950.1750469207764,3150.359869003296
5,filter_addition_push_up,worst_wo_original,4,3.5,12187.51049041748,12304.819345474243,3188.491106033325,3220.174551010132
6,filter_addition_push_up,worst_wo_original,4,3.5,12217.74172782898,12309.042692184448,2825.6146907806396,2883.168935775757
