repetition,optimization,scenario,variant_counts,scale_factors,original_pipeline,analysis_result_with_reuse_opt_rule,analysis_result_with_push_up_opt_rule,analysis_result_without_opt_rule,analysis_result_without_any_opt
0,udf_split_and_reuse,worst_constant,4,3.0,1080.6210041046143,2366.044759750366,2400.869846343994,2549.647092819214,5119.415044784546
1,udf_split_and_reuse,worst_constant,4,3.0,1064.9559497833252,2315.7193660736084,2372.634172439575,2518.4550285339355,5068.690776824951
2,udf_split_and_reuse,worst_constant,4,3.0,1066.3626194000244,2318.0618286132812,2349.774122238159,2492.703437805176,5052.656650543213
3,udf_split_and_reuse,worst_constant,4,3.0,1060.3437423706055,2315.5975341796875,2353.217124938965,2496.112823486328,5090.938091278076
4,udf_split_and_reuse,worst_constant,4,3.0,1055.236577987671,2315.18816947937,2358.9706420898438,2482.276201248169,5034.395933151245
5,udf_split_and_reuse,worst_constant,4,3.0,1056.25319480896,2327.9101848602295,2352.689027786255,2506.349802017212,5023.140668869019
6,udf_split_and_reuse,worst_constant,4,3.0,1057.1248531341553,2335.099458694458,2356.086015701294,2511.939525604248,5084.017753601074
