repetition,optimization,scenario,variant_counts,scale_factors,original_pipeline,analysis_result_with_opt_rule,analysis_result_without_opt_rule,analysis_result_without_any_opt
0,projection_push_up,average,4,4.0,2450.2573013305664,3219.237804412842,7862.707138061523,11047.127962112427
1,projection_push_up,average,4,4.0,2453.510522842407,3186.035633087158,7545.184373855591,10790.954113006592
2,projection_push_up,average,4,4.0,2440.0575160980225,3197.845458984375,7532.583475112915,10786.060571670532
3,projection_push_up,average,4,4.0,2427.7331829071045,3158.9009761810303,7453.16481590271,10717.280626296997
4,projection_push_up,average,4,4.0,2448.9152431488037,3151.7391204833984,7417.956590652466,10751.836776733398
5,projection_push_up,average,4,4.0,2437.1583461761475,3175.3244400024414,7407.888412475586,10716.493606567383
6,projection_push_up,average,4,4.0,2408.292055130005,3142.6403522491455,7470.732927322388,10703.846216201782
