repetition,optimization,scenario,variant_counts,scale_factors,original_pipeline,analysis_result_with_reuse_opt_rule,analysis_result_with_push_up_opt_rule,analysis_result_without_opt_rule,analysis_result_without_any_opt
0,udf_split_and_reuse,worst_w_safety,4,4.0,160.10141372680664,3685.3246688842773,3697.580337524414,4208.712100982666,4447.500228881836
1,udf_split_and_reuse,worst_w_safety,4,4.0,155.8375358581543,3692.523717880249,3695.6191062927246,4180.936813354492,4452.122449874878
2,udf_split_and_reuse,worst_w_safety,4,4.0,155.72881698608398,3695.3370571136475,3696.2790489196777,4166.4392948150635,4431.041479110718
3,udf_split_and_reuse,worst_w_safety,4,4.0,156.2519073486328,3702.2154331207275,3690.3438568115234,4184.869289398193,4437.493801116943
4,udf_split_and_reuse,worst_w_safety,4,4.0,153.28335762023926,3702.610492706299,3695.723533630371,4160.824537277222,4401.535511016846
5,udf_split_and_reuse,worst_w_safety,4,4.0,154.32000160217285,3768.982410430908,3746.6747760772705,4227.092742919922,4491.92214012146
6,udf_split_and_reuse,worst_w_safety,4,4.0,156.43000602722168,3719.1946506500244,3717.247724533081,4227.442741394043,4457.162141799927
