repetition,optimization,scenario,variant_counts,scale_factors,original_pipeline,analysis_result_with_opt_rule,analysis_result_without_opt_rule,analysis_result_without_any_opt
0,operator_deletion_filter_push_up,worst_safety_too_defensive,4,2.5,779.8359394073486,6091.999053955078,6015.970945358276,5934.128999710083
1,operator_deletion_filter_push_up,worst_safety_too_defensive,4,2.5,914.2475128173828,5996.189594268799,5955.967664718628,5979.236841201782
2,operator_deletion_filter_push_up,worst_safety_too_defensive,4,2.5,713.8526439666748,5875.18310546875,5960.1380825042725,5915.479898452759
3,operator_deletion_filter_push_up,worst_safety_too_defensive,4,2.5,741.9173717498779,5953.442573547363,6017.703533172607,6099.543571472168
4,operator_deletion_filter_push_up,worst_safety_too_defensive,4,2.5,696.1884498596191,5827.28123664856,5806.612014770508,5806.936740875244
5,operator_deletion_filter_push_up,worst_safety_too_defensive,4,2.5,671.3640689849854,5823.529243469238,5824.161052703857,5845.685243606567
6,operator_deletion_filter_push_up,worst_safety_too_defensive,4,2.5,690.2375221252441,5895.460605621338,5840.813636779785,5865.0221824646
