repetition,optimization,scenario,variant_counts,scale_factors,original_pipeline,analysis_result_with_reuse_opt_rule,analysis_result_with_push_up_opt_rule,analysis_result_without_opt_rule,analysis_result_without_any_opt
0,udf_split_and_reuse,worst_wo_safety,4,3.0,32.14836120605469,2823.186159133911,608.7472438812256,694.6151256561279,747.1325397491455
1,udf_split_and_reuse,worst_wo_safety,4,3.0,32.49859809875488,2825.9129524230957,605.9226989746094,688.7614727020264,746.7246055603027
2,udf_split_and_reuse,worst_wo_safety,4,3.0,33.240556716918945,2838.5660648345947,607.9089641571045,689.2850399017334,754.8167705535889
3,udf_split_and_reuse,worst_wo_safety,4,3.0,31.340360641479492,2826.5058994293213,607.3596477508545,691.0009384155273,752.4006366729736
4,udf_split_and_reuse,worst_wo_safety,4,3.0,32.73320198059082,2840.5466079711914,611.5961074829102,696.631669998169,753.3385753631592
5,udf_split_and_reuse,worst_wo_safety,4,3.0,32.38725662231445,2851.806163787842,611.3145351409912,704.7500610351562,755.500078201294
6,udf_split_and_reuse,worst_wo_safety,4,3.0,33.721208572387695,2857.19895362854,606.8911552429199,692.7464008331299,759.5441341400146
