repetition,optimization,scenario,variant_counts,scale_factors,original_pipeline,analysis_result_with_opt_rule,analysis_result_without_opt_rule,analysis_result_without_any_opt
0,filter_addition_push_up,ideal,4,4.0,16135.256052017212,15798.412322998047,62215.68942070007,62944.64635848999
1,filter_addition_push_up,ideal,4,4.0,14805.213689804077,15046.776056289673,59000.50663948059,59653.905153274536
2,filter_addition_push_up,ideal,4,4.0,15077.078819274902,15319.74983215332,59415.16447067261,60151.124477386475
3,filter_addition_push_up,ideal,4,4.0,15220.477819442749,15171.928405761719,60940.23036956787,60993.17216873169
4,filter_addition_push_up,ideal,4,4.0,15566.04266166687,15451.272249221802,61704.158782958984,62028.6705493927
5,filter_addition_push_up,ideal,4,4.0,15226.038694381714,15146.840333938599,60160.23755073547,60082.8378200531
6,filter_addition_push_up,ideal,4,4.0,15014.370203018188,15006.044864654541,60289.3807888031,60626.596450805664
