repetition,optimization,scenario,variant_counts,scale_factors,original_pipeline,analysis_result_with_opt_rule,analysis_result_without_opt_rule,analysis_result_without_any_opt
0,filter_addition_push_up,worst_w_original,4,2.5,6489.9256229400635,6375.435352325439,7369.962215423584,7672.311067581177
1,filter_addition_push_up,worst_w_original,4,2.5,6269.772052764893,6270.218849182129,7372.999668121338,7373.0926513671875
2,filter_addition_push_up,worst_w_original,4,2.5,6289.942741394043,6252.691984176636,7456.621170043945,7455.23476600647
3,filter_addition_push_up,worst_w_original,4,2.5,6294.176340103149,6298.256158828735,7599.45011138916,7505.715847015381
4,filter_addition_push_up,worst_w_original,4,2.5,6287.471055984497,6275.552749633789,7413.463354110718,7414.34907913208
5,filter_addition_push_up,worst_w_original,4,2.5,6243.09229850769,6255.234003067017,7570.285081863403,7601.830005645752
6,filter_addition_push_up,worst_w_original,4,2.5,6269.625425338745,6336.806297302246,7431.1535358428955,7508.180379867554
