repetition,optimization,scenario,variant_counts,scale_factors,original_pipeline,analysis_result_with_reuse_opt_rule,analysis_result_with_push_up_opt_rule,analysis_result_without_opt_rule,analysis_result_without_any_opt
0,udf_split_and_reuse,average,8,1.0,498.7800121307373,787.0869636535645,883.5752010345459,2705.5397033691406,4488.002300262451
1,udf_split_and_reuse,average,8,1.0,482.7744960784912,771.2686061859131,875.5495548248291,2621.5388774871826,4494.135856628418
2,udf_split_and_reuse,average,8,1.0,496.87910079956055,806.2293529510498,896.1672782897949,2692.3446655273438,4498.697519302368
3,udf_split_and_reuse,average,8,1.0,503.1850337982178,795.8977222442627,902.2665023803711,2818.3491230010986,4591.827630996704
4,udf_split_and_reuse,average,8,1.0,488.2321357727051,783.8339805603027,884.4418525695801,2728.316307067871,4533.724784851074
5,udf_split_and_reuse,average,8,1.0,490.9234046936035,790.2040481567383,890.946626663208,2709.9838256835938,4564.286470413208
6,udf_split_and_reuse,average,8,1.0,500.7798671722412,787.8799438476562,886.8365287780762,2740.051507949829,4547.530889511108
