repetition,optimization,scenario,variant_counts,scale_factors,original_pipeline,analysis_result_with_opt_rule,analysis_result_without_opt_rule,analysis_result_without_any_opt
0,operator_deletion_filter_push_up,ideal,4,3.5,12011.350870132446,12052.75821685791,47173.03133010864,47366.217613220215
1,operator_deletion_filter_push_up,ideal,4,3.5,11821.42949104309,12281.206130981445,47263.28539848328,47343.1921005249
2,operator_deletion_filter_push_up,ideal,4,3.5,11643.31603050232,12195.158243179321,47973.11997413635,47621.7885017395
3,operator_deletion_filter_push_up,ideal,4,3.5,11707.765340805054,12169.528007507324,48028.88798713684,47085.8108997345
4,operator_deletion_filter_push_up,ideal,4,3.5,11735.48698425293,12203.14073562622,48058.09760093689,47746.27590179443
5,operator_deletion_filter_push_up,ideal,4,3.5,11793.694734573364,12279.349327087402,47625.76913833618,47604.023456573486
6,operator_deletion_filter_push_up,ideal,4,3.5,11722.936153411865,12391.034841537476,48004.026889801025,47611.0680103302
