repetition,optimization,scenario,variant_counts,scale_factors,original_pipeline,analysis_result_with_opt_rule,analysis_result_without_opt_rule,analysis_result_without_any_opt
0,projection_push_up,ideal,10,1.0,935.4779720306396,1148.1029987335205,8762.379169464111,8949.32508468628
1,projection_push_up,ideal,10,1.0,983.0551147460938,1008.0904960632324,9742.91443824768,9758.015871047974
2,projection_push_up,ideal,10,1.0,936.809778213501,961.8666172027588,9254.531145095825,9356.719255447388
3,projection_push_up,ideal,10,1.0,940.93918800354,966.6769504547119,9465.412378311157,9460.259675979614
4,projection_push_up,ideal,10,1.0,1007.5745582580566,1029.0477275848389,9957.8218460083,10046.786069869995
5,projection_push_up,ideal,10,1.0,741.4782047271729,780.1084518432617,7167.467355728149,7686.118364334106
6,projection_push_up,ideal,10,1.0,845.4728126525879,870.091438293457,8189.265727996826,8649.43528175354
