repetition,optimization,scenario,variant_counts,scale_factors,original_pipeline,analysis_result_with_opt_rule,analysis_result_without_opt_rule,analysis_result_without_any_opt
0,filter_addition_push_up,ideal,4,1.0,1124.0053176879883,1000.7655620574951,3843.3353900909424,3764.781951904297
1,filter_addition_push_up,ideal,4,1.0,1028.381109237671,1029.6518802642822,4047.9962825775146,4232.6977252960205
2,filter_addition_push_up,ideal,4,1.0,981.778621673584,985.7490062713623,3811.5549087524414,3890.9943103790283
3,filter_addition_push_up,ideal,4,1.0,996.6495037078857,1010.4086399078369,3918.9538955688477,3963.773488998413
4,filter_addition_push_up,ideal,4,1.0,1084.9456787109375,1100.9712219238281,4326.322317123413,4293.966293334961
5,filter_addition_push_up,ideal,4,1.0,759.8717212677002,774.9824523925781,2962.1880054473877,3049.529552459717
6,filter_addition_push_up,ideal,4,1.0,876.739501953125,887.5911235809326,3416.7754650115967,3646.6431617736816
