repetition,optimization,scenario,variant_counts,scale_factors,original_pipeline,analysis_result_with_opt_rule,analysis_result_without_opt_rule,analysis_result_without_any_opt
0,filter_addition_push_up,worst_w_original,4,3.0,9404.455423355103,9277.081489562988,10911.549091339111,10673.580408096313
1,filter_addition_push_up,worst_w_original,4,3.0,9049.744129180908,9182.674884796143,10766.908407211304,10738.62600326538
2,filter_addition_push_up,worst_w_original,4,3.0,9099.554538726807,9068.819761276245,10848.114728927612,10559.297800064087
3,filter_addition_push_up,worst_w_original,4,3.0,9060.89162826538,9071.747303009033,10752.939224243164,10805.342674255371
4,filter_addition_push_up,worst_w_original,4,3.0,9028.723239898682,9219.127416610718,10717.319011688232,10943.40968132019
5,filter_addition_push_up,worst_w_original,4,3.0,9031.669616699219,9056.246042251587,10870.619535446167,10817.28219985962
6,filter_addition_push_up,worst_w_original,4,3.0,9113.757133483887,9086.144924163818,10750.081062316895,11044.674396514893
