repetition,optimization,scenario,variant_counts,scale_factors,original_pipeline,analysis_result_with_reuse_opt_rule,analysis_result_with_push_up_opt_rule,analysis_result_without_opt_rule,analysis_result_without_any_opt
0,udf_split_and_reuse,worst_constant,4,3.5,1240.5285835266113,2760.483503341675,2818.03035736084,3024.951696395874,5974.220752716064
1,udf_split_and_reuse,worst_constant,4,3.5,1231.5928936004639,2743.288040161133,2798.6223697662354,2964.5938873291016,5941.272020339966
2,udf_split_and_reuse,worst_constant,4,3.5,1238.7661933898926,2803.2076358795166,2813.2638931274414,2984.821081161499,5968.1556224823
3,udf_split_and_reuse,worst_constant,4,3.5,1243.6857223510742,2720.1600074768066,2753.1216144561768,2933.471441268921,5900.209188461304
4,udf_split_and_reuse,worst_constant,4,3.5,1237.8206253051758,2778.7678241729736,2785.454511642456,2957.6048851013184,5909.666061401367
5,udf_split_and_reuse,worst_constant,4,3.5,1232.8190803527832,2784.5044136047363,2804.1744232177734,2978.5780906677246,5947.883605957031
6,udf_split_and_reuse,worst_constant,4,3.5,1234.6546649932861,2756.3185691833496,2783.9930057525635,2945.905923843384,5868.453025817871
