repetition,optimization,scenario,variant_counts,scale_factors,original_pipeline,analysis_result_with_opt_rule,analysis_result_without_opt_rule,analysis_result_without_any_opt
0,filter_addition_push_up,average,4,3.5,2195.699453353882,2836.8794918060303,5419.510841369629,8478.472471237183
1,filter_addition_push_up,average,4,3.5,2137.720823287964,2812.225103378296,5421.852350234985,8532.553672790527
2,filter_addition_push_up,average,4,3.5,2157.7131748199463,2826.681613922119,5421.477794647217,8470.633745193481
3,filter_addition_push_up,average,4,3.5,2163.486957550049,2816.7455196380615,5436.642408370972,8456.711053848267
4,filter_addition_push_up,average,4,3.5,2151.935338973999,2829.071044921875,5301.982164382935,8419.514894485474
5,filter_addition_push_up,average,4,3.5,2155.647039413452,2826.6775608062744,5388.191938400269,8465.22569656372
6,filter_addition_push_up,average,4,3.5,2143.9623832702637,2780.9665203094482,5385.374546051025,8454.95343208313
