repetition,optimization,scenario,variant_counts,scale_factors,original_pipeline,analysis_result_with_reuse_opt_rule,analysis_result_with_push_up_opt_rule,analysis_result_without_opt_rule,analysis_result_without_any_opt
0,udf_split_and_reuse,average,4,3.0,1487.147569656372,1925.3334999084473,2059.805154800415,4634.771347045898,7131.093978881836
1,udf_split_and_reuse,average,4,3.0,1516.4709091186523,1985.1036071777344,2134.1347694396973,4737.213850021362,7199.337005615234
2,udf_split_and_reuse,average,4,3.0,1520.0591087341309,1963.592529296875,2111.886501312256,4693.598747253418,7203.265905380249
3,udf_split_and_reuse,average,4,3.0,1505.8720111846924,1939.65744972229,2091.6099548339844,4673.486948013306,7170.624494552612
4,udf_split_and_reuse,average,4,3.0,1525.6059169769287,1981.9049835205078,2135.7641220092773,4730.538368225098,7193.751811981201
5,udf_split_and_reuse,average,4,3.0,1542.309284210205,1987.5683784484863,2143.0976390838623,4713.865518569946,7247.052907943726
6,udf_split_and_reuse,average,4,3.0,1515.772819519043,1973.118543624878,2129.9078464508057,4757.801532745361,7221.009969711304
