repetition,optimization,scenario,variant_counts,scale_factors,original_pipeline,analysis_result_with_reuse_opt_rule,analysis_result_with_push_up_opt_rule,analysis_result_without_opt_rule,analysis_result_without_any_opt
0,udf_split_and_reuse,average,4,1.5,730.9422492980957,949.7554302215576,1019.0675258636475,2242.307424545288,3486.821174621582
1,udf_split_and_reuse,average,4,1.5,734.7273826599121,954.209566116333,1023.8075256347656,2261.4355087280273,3508.9268684387207
2,udf_split_and_reuse,average,4,1.5,735.3706359863281,965.2128219604492,1039.7634506225586,2262.4566555023193,3491.199254989624
3,udf_split_and_reuse,average,4,1.5,730.2980422973633,955.2798271179199,1041.5174961090088,2238.7022972106934,3744.1325187683105
4,udf_split_and_reuse,average,4,1.5,748.8486766815186,954.3502330780029,1022.0067501068115,2248.509645462036,3485.183000564575
5,udf_split_and_reuse,average,4,1.5,732.8653335571289,973.8454818725586,1040.4682159423828,2269.8261737823486,3507.0714950561523
6,udf_split_and_reuse,average,4,1.5,731.7395210266113,955.7492733001709,1021.2116241455078,2231.794834136963,3483.7307929992676
