repetition,optimization,scenario,variant_counts,scale_factors,original_pipeline,analysis_result_with_opt_rule,analysis_result_without_opt_rule,analysis_result_without_any_opt
0,operator_deletion_filter_push_up,ideal,8,1.0,951.74241065979,1028.5675525665283,7320.65486907959,7266.535997390747
1,operator_deletion_filter_push_up,ideal,8,1.0,884.4823837280273,1011.2276077270508,7176.072120666504,7135.1587772369385
2,operator_deletion_filter_push_up,ideal,8,1.0,908.9279174804688,1000.8556842803955,7284.010410308838,7324.634790420532
3,operator_deletion_filter_push_up,ideal,8,1.0,905.3187370300293,1019.5627212524414,7291.888475418091,7417.833566665649
4,operator_deletion_filter_push_up,ideal,8,1.0,910.3801250457764,1014.8148536682129,7364.001035690308,7293.760776519775
5,operator_deletion_filter_push_up,ideal,8,1.0,903.6123752593994,1021.021842956543,7366.351366043091,7229.639053344727
6,operator_deletion_filter_push_up,ideal,8,1.0,916.8860912322998,1024.0821838378906,7494.694709777832,7283.835172653198
