repetition,optimization,scenario,variant_counts,scale_factors,original_pipeline,analysis_result_with_opt_rule,analysis_result_without_opt_rule,analysis_result_without_any_opt
0,operator_deletion_filter_push_up,ideal,4,2.5,6208.637475967407,6473.768472671509,24760.578632354736,24672.80673980713
1,operator_deletion_filter_push_up,ideal,4,2.5,6010.989189147949,6334.566116333008,24355.31449317932,24662.83082962036
2,operator_deletion_filter_push_up,ideal,4,2.5,6034.842729568481,6359.161376953125,24448.877573013306,24250.54955482483
3,operator_deletion_filter_push_up,ideal,4,2.5,6248.173236846924,6354.399681091309,24738.961458206177,24493.355989456177
4,operator_deletion_filter_push_up,ideal,4,2.5,6016.477108001709,6305.616855621338,24650.84958076477,24544.176816940308
5,operator_deletion_filter_push_up,ideal,4,2.5,6136.79051399231,6422.796726226807,25125.43225288391,25069.035053253174
6,operator_deletion_filter_push_up,ideal,4,2.5,6129.850387573242,6529.479742050171,24705.6245803833,24765.212535858154
