repetition,optimization,scenario,variant_counts,scale_factors,original_pipeline,analysis_result_with_reuse_opt_rule,analysis_result_with_push_up_opt_rule,analysis_result_without_opt_rule,analysis_result_without_any_opt
0,udf_split_and_reuse,ideal,4,1.0,13.941526412963867,927.6163578033447,3428.389549255371,3460.0272178649902,3491.131067276001
1,udf_split_and_reuse,ideal,4,1.0,12.73798942565918,921.3812351226807,3401.639938354492,3442.2607421875,3475.02064704895
2,udf_split_and_reuse,ideal,4,1.0,13.486385345458984,918.5662269592285,3412.4631881713867,3471.425771713257,3479.078531265259
3,udf_split_and_reuse,ideal,4,1.0,12.781858444213867,923.4395027160645,3399.9006748199463,3453.1261920928955,3449.237823486328
4,udf_split_and_reuse,ideal,4,1.0,12.818336486816406,920.6428527832031,3407.9577922821045,3457.7910900115967,3472.99861907959
5,udf_split_and_reuse,ideal,4,1.0,12.929916381835938,917.259931564331,3399.3067741394043,3435.7941150665283,3462.437868118286
6,udf_split_and_reuse,ideal,4,1.0,12.755632400512695,922.985315322876,3421.105146408081,3457.822561264038,3471.37451171875
