repetition,optimization,scenario,variant_counts,scale_factors,original_pipeline,analysis_result_with_opt_rule,analysis_result_without_opt_rule,analysis_result_without_any_opt
0,filter_addition_push_up,ideal,8,1.0,947.5727081298828,974.7607707977295,7422.290325164795,7258.57949256897
1,filter_addition_push_up,ideal,8,1.0,990.9815788269043,1023.5254764556885,7937.263965606689,7946.01845741272
2,filter_addition_push_up,ideal,8,1.0,950.4320621490479,972.3503589630127,7157.387495040894,7688.037395477295
3,filter_addition_push_up,ideal,8,1.0,961.0700607299805,991.6672706604004,7537.35876083374,7572.57866859436
4,filter_addition_push_up,ideal,8,1.0,1053.513765335083,1077.1431922912598,8170.874118804932,8682.245254516602
5,filter_addition_push_up,ideal,8,1.0,742.5901889801025,761.0654830932617,5811.133623123169,5828.387022018433
6,filter_addition_push_up,ideal,8,1.0,841.8805599212646,865.506649017334,6490.224123001099,6976.970911026001
