repetition,optimization,scenario,variant_counts,scale_factors,original_pipeline,analysis_result_with_opt_rule,analysis_result_without_opt_rule,analysis_result_without_any_opt
0,filter_addition_push_up,worst_wo_original,4,2.5,6474.524021148682,6391.873598098755,1454.9930095672607,1465.6531810760498
1,filter_addition_push_up,worst_wo_original,4,2.5,6317.944049835205,6272.69983291626,1459.0978622436523,1474.8806953430176
2,filter_addition_push_up,worst_wo_original,4,2.5,6300.557374954224,6271.113395690918,1571.6712474822998,1572.948694229126
3,filter_addition_push_up,worst_wo_original,4,2.5,6294.401407241821,6222.248315811157,1682.5666427612305,1653.1925201416016
4,filter_addition_push_up,worst_wo_original,4,2.5,6269.72222328186,6286.995649337769,1516.672134399414,1496.4885711669922
5,filter_addition_push_up,worst_wo_original,4,2.5,6274.806499481201,6439.884185791016,1735.4583740234375,1699.711561203003
6,filter_addition_push_up,worst_wo_original,4,2.5,6296.360731124878,6304.922819137573,1604.806661605835,1581.2549591064453
