repetition,optimization,scenario,variant_counts,scale_factors,original_pipeline,analysis_result_with_opt_rule,analysis_result_without_opt_rule,analysis_result_without_any_opt
0,projection_push_up,ideal,4,1.0,944.4911479949951,1114.9001121520996,3651.256799697876,3602.1134853363037
1,projection_push_up,ideal,4,1.0,982.9168319702148,990.1871681213379,3861.053943634033,4108.937501907349
2,projection_push_up,ideal,4,1.0,944.0591335296631,953.620433807373,3701.850414276123,3781.0394763946533
3,projection_push_up,ideal,4,1.0,943.4845447540283,960.4220390319824,3722.9764461517334,3961.880922317505
4,projection_push_up,ideal,4,1.0,996.7641830444336,1014.6551132202148,3936.9776248931885,4018.9526081085205
5,projection_push_up,ideal,4,1.0,742.1960830688477,767.8396701812744,3069.261074066162,3036.3757610321045
6,projection_push_up,ideal,4,1.0,847.1219539642334,870.4683780670166,3348.4137058258057,3444.6663856506348
