repetition,optimization,scenario,variant_counts,scale_factors,original_pipeline,analysis_result_with_reuse_opt_rule,analysis_result_with_push_up_opt_rule,analysis_result_without_opt_rule,analysis_result_without_any_opt
0,udf_split_and_reuse,ideal,6,1.0,14.705419540405273,960.7193470001221,5205.377817153931,5314.183473587036,5393.894195556641
1,udf_split_and_reuse,ideal,6,1.0,13.861656188964844,960.3893756866455,5442.286252975464,5386.637210845947,5440.800905227661
2,udf_split_and_reuse,ideal,6,1.0,14.43791389465332,986.5732192993164,5341.5045738220215,5404.46138381958,5410.909652709961
3,udf_split_and_reuse,ideal,6,1.0,15.730142593383789,972.6521968841553,5341.4812088012695,5432.675838470459,5397.741317749023
4,udf_split_and_reuse,ideal,6,1.0,13.959884643554688,981.2772274017334,5285.120010375977,5418.246269226074,5431.951999664307
5,udf_split_and_reuse,ideal,6,1.0,13.949155807495117,992.3124313354492,5384.487152099609,5472.203731536865,5412.597417831421
6,udf_split_and_reuse,ideal,6,1.0,13.628959655761719,989.882230758667,5337.732315063477,5454.1380405426025,5379.448652267456
