repetition,optimization,scenario,variant_counts,scale_factors,original_pipeline,analysis_result_with_reuse_opt_rule,analysis_result_with_push_up_opt_rule,analysis_result_without_opt_rule,analysis_result_without_any_opt
0,udf_split_and_reuse,worst_wo_safety,4,3.0,30.542850494384766,2803.8201332092285,600.01540184021,673.1307506561279,727.144718170166
1,udf_split_and_reuse,worst_wo_safety,4,3.0,30.272722244262695,2781.3844680786133,598.609209060669,680.8285713195801,730.8175563812256
2,udf_split_and_reuse,worst_wo_safety,4,3.0,30.85184097290039,2846.6856479644775,596.7833995819092,671.6649532318115,728.1720638275146
3,udf_split_and_reuse,worst_wo_safety,4,3.0,30.080556869506836,2848.4652042388916,596.9798564910889,676.5656471252441,725.56471824646
4,udf_split_and_reuse,worst_wo_safety,4,3.0,30.097484588623047,2795.9792613983154,601.5815734863281,673.0740070343018,723.4888076782227
5,udf_split_and_reuse,worst_wo_safety,4,3.0,30.022859573364258,2777.2834300994873,595.2718257904053,674.2279529571533,720.984697341919
6,udf_split_and_reuse,worst_wo_safety,4,3.0,29.618024826049805,2780.535936355591,596.5571403503418,677.0272254943848,725.5501747131348
