repetition,optimization,scenario,variant_counts,scale_factors,original_pipeline,analysis_result_with_opt_rule,analysis_result_without_opt_rule,analysis_result_without_any_opt
0,filter_addition_push_up,ideal,4,3.5,12159.585237503052,11987.098693847656,45504.20784950256,46346.67253494263
1,filter_addition_push_up,ideal,4,3.5,11726.675510406494,11803.200006484985,46011.83819770813,46518.301248550415
2,filter_addition_push_up,ideal,4,3.5,11536.06390953064,11625.794887542725,46179.66985702515,46927.54125595093
3,filter_addition_push_up,ideal,4,3.5,11462.254524230957,11599.591732025146,46018.54848861694,46187.586307525635
4,filter_addition_push_up,ideal,4,3.5,11571.00224494934,11401.349306106567,45608.076333999634,45898.97274971008
5,filter_addition_push_up,ideal,4,3.5,11150.468587875366,11149.226903915405,44594.961643218994,45097.60403633118
6,filter_addition_push_up,ideal,4,3.5,11022.68385887146,11267.815351486206,43948.484659194946,44271.74377441406
