repetition,optimization,scenario,variant_counts,scale_factors,original_pipeline,analysis_result_with_opt_rule,analysis_result_without_opt_rule,analysis_result_without_any_opt
0,filter_addition_push_up,average,4,1.5,791.6948795318604,1076.2503147125244,1845.3490734100342,3284.698963165283
1,filter_addition_push_up,average,4,1.5,816.4668083190918,1096.8282222747803,1867.037057876587,3300.288200378418
2,filter_addition_push_up,average,4,1.5,809.8273277282715,1112.7891540527344,1894.0112590789795,3338.7136459350586
3,filter_addition_push_up,average,4,1.5,812.2518062591553,1106.384515762329,1866.654396057129,3289.9861335754395
4,filter_addition_push_up,average,4,1.5,816.1554336547852,1105.9823036193848,1882.7564716339111,3307.523012161255
5,filter_addition_push_up,average,4,1.5,810.187578201294,1111.4249229431152,1879.0853023529053,3315.457820892334
6,filter_addition_push_up,average,4,1.5,820.0743198394775,1098.3681678771973,1883.4047317504883,3298.092842102051
