repetition,optimization,scenario,variant_counts,scale_factors,original_pipeline,analysis_result_with_reuse_opt_rule,analysis_result_with_push_up_opt_rule,analysis_result_without_opt_rule,analysis_result_without_any_opt
0,udf_split_and_reuse,worst_w_safety,4,2.5,100.31628608703613,2317.1682357788086,2308.238744735718,2592.1454429626465,2761.371850967407
1,udf_split_and_reuse,worst_w_safety,4,2.5,96.89068794250488,2283.1196784973145,2293.9016819000244,2571.3651180267334,2744.084358215332
2,udf_split_and_reuse,worst_w_safety,4,2.5,98.02794456481934,2284.7466468811035,2273.3521461486816,2569.9236392974854,2753.6191940307617
3,udf_split_and_reuse,worst_w_safety,4,2.5,96.62175178527832,2278.85365486145,2267.8322792053223,2569.1521167755127,2747.277021408081
4,udf_split_and_reuse,worst_w_safety,4,2.5,97.44477272033691,2292.304277420044,2291.9013500213623,2575.7627487182617,2757.575750350952
5,udf_split_and_reuse,worst_w_safety,4,2.5,96.5430736541748,2294.509172439575,2292.923927307129,2582.0958614349365,2757.65061378479
6,udf_split_and_reuse,worst_w_safety,4,2.5,96.53401374816895,2267.9216861724854,2271.0471153259277,2568.429708480835,2739.149570465088
