repetition,optimization,scenario,variant_counts,scale_factors,original_pipeline,analysis_result_with_opt_rule,analysis_result_without_opt_rule,analysis_result_without_any_opt
0,filter_addition_push_up,ideal,4,2.0,3744.0576553344727,3946.06876373291,14194.111585617065,14464.23625946045
1,filter_addition_push_up,ideal,4,2.0,4037.938117980957,4040.781021118164,16049.455881118774,16062.708139419556
2,filter_addition_push_up,ideal,4,2.0,3777.6145935058594,3961.4830017089844,14781.226873397827,15166.41616821289
3,filter_addition_push_up,ideal,4,2.0,3962.5465869903564,3954.383611679077,15712.512493133545,15933.56728553772
4,filter_addition_push_up,ideal,4,2.0,3686.7947578430176,3685.4493618011475,14647.222995758057,14774.820566177368
5,filter_addition_push_up,ideal,4,2.0,4060.136079788208,4101.600885391235,16154.52766418457,16520.832300186157
6,filter_addition_push_up,ideal,4,2.0,3785.529375076294,3758.564233779907,15205.23715019226,15390.703439712524
