repetition,optimization,scenario,variant_counts,scale_factors,original_pipeline,analysis_result_with_opt_rule,analysis_result_without_opt_rule,analysis_result_without_any_opt
0,filter_addition_push_up,worst_w_original,4,3.0,9407.198429107666,9320.19853591919,10918.132781982422,11066.695928573608
1,filter_addition_push_up,worst_w_original,4,3.0,9124.366998672485,9063.493251800537,10812.196969985962,10792.912483215332
2,filter_addition_push_up,worst_w_original,4,3.0,9122.618675231934,9137.030839920044,10664.385795593262,10754.613161087036
3,filter_addition_push_up,worst_w_original,4,3.0,9078.009605407715,9160.208463668823,10906.759977340698,10857.273817062378
4,filter_addition_push_up,worst_w_original,4,3.0,9089.67924118042,9117.00987815857,10867.057800292969,11001.034498214722
5,filter_addition_push_up,worst_w_original,4,3.0,9145.20239830017,9091.58730506897,10906.21018409729,10905.851364135742
6,filter_addition_push_up,worst_w_original,4,3.0,9168.330430984497,9163.078784942627,10889.926433563232,11082.416772842407
