repetition,optimization,scenario,variant_counts,scale_factors,original_pipeline,analysis_result_with_opt_rule,analysis_result_without_opt_rule,analysis_result_without_any_opt
0,projection_push_up,ideal,6,1.0,930.1848411560059,952.5332450866699,5639.891862869263,5381.067514419556
1,projection_push_up,ideal,6,1.0,972.6927280426025,999.7100830078125,5715.262651443481,5907.77850151062
2,projection_push_up,ideal,6,1.0,941.7922496795654,957.897424697876,5732.224702835083,5649.458408355713
3,projection_push_up,ideal,6,1.0,943.2389736175537,964.1380310058594,5603.149175643921,5947.020769119263
4,projection_push_up,ideal,6,1.0,1000.2386569976807,1015.3062343597412,5839.441537857056,6001.393795013428
5,projection_push_up,ideal,6,1.0,732.0823669433594,763.5250091552734,4566.156387329102,4524.303674697876
6,projection_push_up,ideal,6,1.0,853.187084197998,870.9201812744141,4969.232559204102,5127.678155899048
