repetition,optimization,scenario,variant_counts,scale_factors,original_pipeline,analysis_result_with_opt_rule,analysis_result_without_opt_rule,analysis_result_without_any_opt
0,filter_addition_push_up,worst_w_original,4,2.0,4153.10525894165,4071.5293884277344,4723.755836486816,4745.884895324707
1,filter_addition_push_up,worst_w_original,4,2.0,3995.7969188690186,4031.116724014282,4944.631814956665,4844.0101146698
2,filter_addition_push_up,worst_w_original,4,2.0,3991.1651611328125,3984.6348762512207,4781.0657024383545,4965.411424636841
3,filter_addition_push_up,worst_w_original,4,2.0,4003.6728382110596,4040.0636196136475,4648.8847732543945,4808.110237121582
4,filter_addition_push_up,worst_w_original,4,2.0,4004.831314086914,4027.0769596099854,4674.380540847778,4819.978475570679
5,filter_addition_push_up,worst_w_original,4,2.0,4004.8258304595947,4054.723024368286,5015.969514846802,4965.075492858887
6,filter_addition_push_up,worst_w_original,4,2.0,4014.3744945526123,4033.5514545440674,4759.582996368408,4878.8251876831055
