repetition,optimization,scenario,variant_counts,scale_factors,original_pipeline,analysis_result_with_reuse_opt_rule,analysis_result_with_push_up_opt_rule,analysis_result_without_opt_rule,analysis_result_without_any_opt
0,udf_split_and_reuse,worst_w_safety,4,2.0,81.88772201538086,1826.8187046051025,1816.3566589355469,2042.7823066711426,2200.9196281433105
1,udf_split_and_reuse,worst_w_safety,4,2.0,82.36455917358398,1821.5227127075195,1816.6773319244385,2060.514211654663,2197.4785327911377
2,udf_split_and_reuse,worst_w_safety,4,2.0,80.00421524047852,1822.1492767333984,1822.657823562622,2063.4095668792725,2197.889566421509
3,udf_split_and_reuse,worst_w_safety,4,2.0,79.68401908874512,1824.897050857544,1825.469732284546,2066.922187805176,2210.0422382354736
4,udf_split_and_reuse,worst_w_safety,4,2.0,82.5960636138916,1824.5630264282227,1818.0832862854004,2058.2315921783447,2202.643632888794
5,udf_split_and_reuse,worst_w_safety,4,2.0,80.0790786743164,1830.1610946655273,1827.840805053711,2043.1625843048096,2204.484701156616
6,udf_split_and_reuse,worst_w_safety,4,2.0,82.794189453125,1833.0841064453125,1828.5865783691406,2062.943458557129,2203.237295150757
