repetition,optimization,scenario,variant_counts,scale_factors,original_pipeline,analysis_result_with_reuse_opt_rule,analysis_result_with_push_up_opt_rule,analysis_result_without_opt_rule,analysis_result_without_any_opt
0,udf_split_and_reuse,ideal,4,4.0,40.374755859375,3706.11310005188,13827.805995941162,14005.447387695312,14065.17744064331
1,udf_split_and_reuse,ideal,4,4.0,40.762901306152344,3726.3195514678955,13970.038175582886,14060.475826263428,14093.33610534668
2,udf_split_and_reuse,ideal,4,4.0,37.32180595397949,3741.377115249634,13881.302833557129,14087.121725082397,14067.171573638916
3,udf_split_and_reuse,ideal,4,4.0,37.82296180725098,3728.6155223846436,13884.926795959473,14048.57873916626,14012.453079223633
4,udf_split_and_reuse,ideal,4,4.0,39.92295265197754,3753.533363342285,13810.386419296265,14022.25637435913,13991.953611373901
5,udf_split_and_reuse,ideal,4,4.0,39.34764862060547,3753.1373500823975,13857.820749282837,14102.128028869629,14137.787103652954
6,udf_split_and_reuse,ideal,4,4.0,40.51685333251953,3755.4333209991455,13922.070741653442,14081.862449645996,14234.441757202148
