repetition,optimization,scenario,variant_counts,scale_factors,original_pipeline,analysis_result_with_opt_rule,analysis_result_without_opt_rule,analysis_result_without_any_opt
0,filter_addition_push_up,worst_wo_original,4,4.0,16811.31386756897,16773.276567459106,3778.165817260742,3795.846462249756
1,filter_addition_push_up,worst_wo_original,4,4.0,16281.981468200684,16339.816331863403,4302.348852157593,4317.943572998047
2,filter_addition_push_up,worst_wo_original,4,4.0,16195.080280303955,16411.617040634155,3962.409496307373,3986.7281913757324
3,filter_addition_push_up,worst_wo_original,4,4.0,16275.314092636108,16307.613134384155,3719.855308532715,3902.228832244873
4,filter_addition_push_up,worst_wo_original,4,4.0,16258.751392364502,16361.060857772827,3985.625743865967,4023.0209827423096
5,filter_addition_push_up,worst_wo_original,4,4.0,16387.494325637817,16321.98452949524,4338.038921356201,4360.979080200195
6,filter_addition_push_up,worst_wo_original,4,4.0,16578.770637512207,16384.948015213013,3997.9405403137207,4041.5711402893066
