repetition,optimization,scenario,variant_counts,scale_factors,original_pipeline,analysis_result_with_reuse_opt_rule,analysis_result_with_push_up_opt_rule,analysis_result_without_opt_rule,analysis_result_without_any_opt
0,udf_split_and_reuse,worst_constant,4,1.5,539.4892692565918,1144.8194980621338,1153.5634994506836,1215.559720993042,2525.038957595825
1,udf_split_and_reuse,worst_constant,4,1.5,535.0368022918701,1114.9630546569824,1123.6510276794434,1186.5713596343994,2505.7079792022705
2,udf_split_and_reuse,worst_constant,4,1.5,544.4202423095703,1129.1232109069824,1132.356882095337,1198.2107162475586,2515.990734100342
3,udf_split_and_reuse,worst_constant,4,1.5,536.9884967803955,1127.0570755004883,1126.2714862823486,1189.9409294128418,2489.8972511291504
4,udf_split_and_reuse,worst_constant,4,1.5,539.135217666626,1130.7907104492188,1135.7190608978271,1202.3534774780273,2497.1959590911865
5,udf_split_and_reuse,worst_constant,4,1.5,542.8438186645508,1138.6020183563232,1139.3218040466309,1205.0788402557373,2509.3421936035156
6,udf_split_and_reuse,worst_constant,4,1.5,540.4260158538818,1130.75590133667,1131.1280727386475,1207.4456214904785,2513.310432434082
