repetition,optimization,scenario,variant_counts,scale_factors,original_pipeline,analysis_result_with_reuse_opt_rule,analysis_result_with_push_up_opt_rule,analysis_result_without_opt_rule,analysis_result_without_any_opt
0,udf_split_and_reuse,average,2,1.0,481.7819595336914,570.3353881835938,578.7782669067383,895.7383632659912,1159.7199440002441
1,udf_split_and_reuse,average,2,1.0,487.68138885498047,572.9045867919922,591.6581153869629,900.7129669189453,1178.3812046051025
2,udf_split_and_reuse,average,2,1.0,486.1741065979004,568.7973499298096,584.5675468444824,903.1624794006348,1169.7907447814941
3,udf_split_and_reuse,average,2,1.0,488.8119697570801,577.3069858551025,590.9051895141602,909.0564250946045,1179.3909072875977
4,udf_split_and_reuse,average,2,1.0,490.7505512237549,571.195125579834,584.0299129486084,914.7591590881348,1170.6676483154297
5,udf_split_and_reuse,average,2,1.0,484.33780670166016,571.9044208526611,588.2189273834229,915.032148361206,1173.1457710266113
6,udf_split_and_reuse,average,2,1.0,488.4634017944336,574.9814510345459,591.4080142974854,904.5207500457764,1200.3493309020996
