repetition,optimization,scenario,variant_counts,scale_factors,original_pipeline,analysis_result_with_opt_rule,analysis_result_without_opt_rule,analysis_result_without_any_opt
0,filter_addition_push_up,average,4,4.0,2468.8189029693604,3171.962261199951,6149.756908416748,9970.977067947388
1,filter_addition_push_up,average,4,4.0,2482.18035697937,3189.8415088653564,6241.0736083984375,9956.600189208984
2,filter_addition_push_up,average,4,4.0,2470.850944519043,3196.608304977417,6213.164329528809,9905.848264694214
3,filter_addition_push_up,average,4,4.0,2467.473030090332,3201.228618621826,6204.481363296509,9883.72254371643
4,filter_addition_push_up,average,4,4.0,2446.4471340179443,3194.965600967407,6148.890256881714,9927.296876907349
5,filter_addition_push_up,average,4,4.0,2448.807716369629,3207.153797149658,6236.947298049927,9956.2246799469
6,filter_addition_push_up,average,4,4.0,2451.9128799438477,3215.5959606170654,6227.947950363159,9944.700717926025
