repetition,optimization,scenario,variant_counts,scale_factors,original_pipeline,analysis_result_with_opt_rule,analysis_result_without_opt_rule,analysis_result_without_any_opt
0,filter_addition_push_up,average,4,3.0,1691.143274307251,2213.866710662842,3969.672679901123,6783.313989639282
1,filter_addition_push_up,average,4,3.0,1712.1407985687256,2243.2475090026855,4034.6179008483887,6847.958564758301
2,filter_addition_push_up,average,4,3.0,1701.0860443115234,2236.097812652588,3990.9048080444336,6786.548614501953
3,filter_addition_push_up,average,4,3.0,1694.4994926452637,2239.6633625030518,4021.5370655059814,6818.12310218811
4,filter_addition_push_up,average,4,3.0,1696.749210357666,2253.448247909546,4022.564172744751,6843.064308166504
5,filter_addition_push_up,average,4,3.0,1701.0855674743652,2253.898859024048,4041.003704071045,6897.064924240112
6,filter_addition_push_up,average,4,3.0,1701.0092735290527,2258.4431171417236,4029.400110244751,6856.77170753479
