repetition,optimization,scenario,variant_counts,scale_factors,original_pipeline,analysis_result_with_opt_rule,analysis_result_without_opt_rule,analysis_result_without_any_opt
0,filter_addition_push_up,worst_wo_original,8,1.0,1008.1982612609863,1152.306079864502,502.6588439941406,544.8615550994873
1,filter_addition_push_up,worst_wo_original,8,1.0,951.3599872589111,974.1690158843994,572.0388889312744,608.1845760345459
2,filter_addition_push_up,worst_wo_original,8,1.0,944.0627098083496,973.1309413909912,489.32409286499023,528.5811424255371
3,filter_addition_push_up,worst_wo_original,8,1.0,963.4096622467041,975.0418663024902,503.399133682251,543.4973239898682
4,filter_addition_push_up,worst_wo_original,8,1.0,954.2407989501953,973.2158184051514,440.4332637786865,481.45174980163574
5,filter_addition_push_up,worst_wo_original,8,1.0,949.7590065002441,971.8902111053467,456.6314220428467,494.79222297668457
6,filter_addition_push_up,worst_wo_original,8,1.0,956.6254615783691,971.2448120117188,480.20076751708984,519.4382667541504
