repetition,optimization,scenario,variant_counts,scale_factors,original_pipeline,analysis_result_with_opt_rule,analysis_result_without_opt_rule,analysis_result_without_any_opt
0,operator_deletion_filter_push_up,average,8,1.0,590.1856422424316,1120.8343505859375,2423.4883785247803,5151.234149932861
1,operator_deletion_filter_push_up,average,8,1.0,600.0418663024902,1149.9919891357422,2502.185821533203,5183.601140975952
2,operator_deletion_filter_push_up,average,8,1.0,606.9929599761963,1174.1750240325928,2534.740209579468,5220.03436088562
3,operator_deletion_filter_push_up,average,8,1.0,603.583574295044,1176.2750148773193,2536.419630050659,5204.9880027771
4,operator_deletion_filter_push_up,average,8,1.0,603.783369064331,1174.6001243591309,2535.1643562316895,5193.58229637146
5,operator_deletion_filter_push_up,average,8,1.0,592.7386283874512,1179.9776554107666,2539.316415786743,5183.62283706665
6,operator_deletion_filter_push_up,average,8,1.0,592.7505493164062,1171.9474792480469,2529.569625854492,5197.652101516724
