repetition,optimization,scenario,variant_counts,scale_factors,original_pipeline,analysis_result_with_opt_rule,analysis_result_without_opt_rule,analysis_result_without_any_opt
0,filter_addition_push_up,worst_w_original,4,1.0,1031.2440395355225,991.7540550231934,1179.1763305664062,1353.686809539795
1,filter_addition_push_up,worst_w_original,4,1.0,972.7320671081543,979.1126251220703,1171.8740463256836,1199.9568939208984
2,filter_addition_push_up,worst_w_original,4,1.0,968.4939384460449,979.4888496398926,1156.8999290466309,1167.8826808929443
3,filter_addition_push_up,worst_w_original,4,1.0,975.0053882598877,979.2325496673584,1161.3967418670654,1171.3838577270508
4,filter_addition_push_up,worst_w_original,4,1.0,973.891019821167,974.7028350830078,1136.1744403839111,1155.9851169586182
5,filter_addition_push_up,worst_w_original,4,1.0,974.8671054840088,979.1824817657471,1141.6809558868408,1162.2285842895508
6,filter_addition_push_up,worst_w_original,4,1.0,967.6365852355957,974.89333152771,1149.4004726409912,1161.9336605072021
