repetition,optimization,scenario,variant_counts,scale_factors,original_pipeline,analysis_result_with_opt_rule,analysis_result_without_opt_rule,analysis_result_without_any_opt
0,filter_addition_push_up,average,4,2.5,1426.8953800201416,1876.3346672058105,3291.9883728027344,5762.582063674927
1,filter_addition_push_up,average,4,2.5,1433.0952167510986,1918.9035892486572,3391.7250633239746,5846.80438041687
2,filter_addition_push_up,average,4,2.5,1441.9219493865967,1915.8289432525635,3437.92986869812,5854.462146759033
3,filter_addition_push_up,average,4,2.5,1464.195728302002,1935.093879699707,3432.9147338867188,5925.5218505859375
4,filter_addition_push_up,average,4,2.5,1439.4891262054443,1916.0411357879639,3396.782159805298,5840.280294418335
5,filter_addition_push_up,average,4,2.5,1431.328296661377,1938.844919204712,3416.1853790283203,5907.493352890015
6,filter_addition_push_up,average,4,2.5,1457.6258659362793,1937.7617835998535,3395.716667175293,5867.75541305542
