repetition,optimization,scenario,variant_counts,scale_factors,original_pipeline,analysis_result_with_opt_rule,analysis_result_without_opt_rule,analysis_result_without_any_opt
0,filter_addition_push_up,ideal,10,1.0,1178.2779693603516,999.0463256835938,9036.793231964111,9381.630659103394
1,filter_addition_push_up,ideal,10,1.0,1037.6222133636475,1052.0834922790527,9836.184978485107,10287.198066711426
2,filter_addition_push_up,ideal,10,1.0,982.0058345794678,997.9796409606934,9103.755712509155,9321.948051452637
3,filter_addition_push_up,ideal,10,1.0,988.4157180786133,1214.6871089935303,9362.619400024414,9623.259782791138
4,filter_addition_push_up,ideal,10,1.0,1095.7443714141846,1115.9923076629639,10608.631610870361,10688.514709472656
5,filter_addition_push_up,ideal,10,1.0,755.422830581665,786.1511707305908,7237.893104553223,7613.478422164917
6,filter_addition_push_up,ideal,10,1.0,867.5143718719482,889.6484375,8225.103616714478,8522.424936294556
