repetition,optimization,scenario,variant_counts,scale_factors,original_pipeline,analysis_result_with_opt_rule,analysis_result_without_opt_rule,analysis_result_without_any_opt
0,filter_addition_push_up,worst_w_original,4,2.0,4180.817365646362,4053.5552501678467,4722.726583480835,4954.842329025269
1,filter_addition_push_up,worst_w_original,4,2.0,3976.0680198669434,4004.256010055542,4791.27836227417,4850.367307662964
2,filter_addition_push_up,worst_w_original,4,2.0,3990.8652305603027,3993.500232696533,4786.707401275635,4801.767349243164
3,filter_addition_push_up,worst_w_original,4,2.0,4004.7860145568848,4024.317979812622,4780.714273452759,4712.942361831665
4,filter_addition_push_up,worst_w_original,4,2.0,3991.6582107543945,4190.96302986145,4687.40177154541,4704.092025756836
5,filter_addition_push_up,worst_w_original,4,2.0,4000.218629837036,4013.584613800049,4808.249711990356,4818.137407302856
6,filter_addition_push_up,worst_w_original,4,2.0,4004.385232925415,4021.663188934326,4806.839466094971,4772.825241088867
