repetition,optimization,scenario,variant_counts,scale_factors,original_pipeline,analysis_result_with_reuse_opt_rule,analysis_result_with_push_up_opt_rule,analysis_result_without_opt_rule,analysis_result_without_any_opt
0,udf_split_and_reuse,ideal,10,1.0,14.56594467163086,990.5784130096436,8723.26397895813,8812.013149261475,8994.417905807495
1,udf_split_and_reuse,ideal,10,1.0,14.754295349121094,1005.385160446167,8807.12103843689,8878.288984298706,8971.56572341919
2,udf_split_and_reuse,ideal,10,1.0,14.377593994140625,1002.0310878753662,8837.202787399292,8967.01717376709,9042.163848876953
3,udf_split_and_reuse,ideal,10,1.0,14.037132263183594,1013.9529705047607,8843.713521957397,9040.266513824463,8989.68243598938
4,udf_split_and_reuse,ideal,10,1.0,13.875961303710938,1032.7374935150146,8937.644243240356,9031.346559524536,9030.490159988403
5,udf_split_and_reuse,ideal,10,1.0,13.987064361572266,1010.2753639221191,9012.20154762268,9047.166585922241,9047.899723052979
6,udf_split_and_reuse,ideal,10,1.0,13.973474502563477,1011.6100311279297,8975.773572921753,9075.293064117432,9086.266279220581
