repetition,optimization,scenario,variant_counts,scale_factors,original_pipeline,analysis_result_with_opt_rule,analysis_result_without_opt_rule,analysis_result_without_any_opt
0,operator_deletion_filter_push_up,ideal,6,1.0,980.5018901824951,1006.3893795013428,5539.935350418091,5608.738899230957
1,operator_deletion_filter_push_up,ideal,6,1.0,909.8072052001953,1002.6803016662598,5520.585060119629,5529.369115829468
2,operator_deletion_filter_push_up,ideal,6,1.0,934.5803260803223,1001.0592937469482,5619.790554046631,5635.895013809204
3,operator_deletion_filter_push_up,ideal,6,1.0,922.4789142608643,1011.9516849517822,5713.542222976685,5692.7032470703125
4,operator_deletion_filter_push_up,ideal,6,1.0,931.657075881958,1015.0411128997803,5611.984014511108,5640.220403671265
5,operator_deletion_filter_push_up,ideal,6,1.0,918.2138442993164,1001.025915145874,5607.134819030762,5602.4956703186035
6,operator_deletion_filter_push_up,ideal,6,1.0,932.640552520752,1011.5127563476562,5682.751417160034,5643.487215042114
