repetition,optimization,scenario,variant_counts,scale_factors,original_pipeline,analysis_result_with_reuse_opt_rule,analysis_result_with_push_up_opt_rule,analysis_result_without_opt_rule,analysis_result_without_any_opt
0,udf_split_and_reuse,ideal,4,2.0,24.197816848754883,1874.176025390625,6999.657154083252,7057.378530502319,7091.081142425537
1,udf_split_and_reuse,ideal,4,2.0,23.587465286254883,1895.763635635376,7047.500371932983,7124.1209506988525,7146.950721740723
2,udf_split_and_reuse,ideal,4,2.0,23.85711669921875,1912.5471115112305,7032.9179763793945,7056.463003158569,7117.850542068481
3,udf_split_and_reuse,ideal,4,2.0,23.054122924804688,1911.210060119629,7071.836471557617,7110.749006271362,7162.196397781372
4,udf_split_and_reuse,ideal,4,2.0,23.546218872070312,1885.2276802062988,6981.700658798218,7044.407844543457,7114.306211471558
5,udf_split_and_reuse,ideal,4,2.0,23.711204528808594,1913.139820098877,7116.749048233032,7140.501022338867,7157.471418380737
6,udf_split_and_reuse,ideal,4,2.0,23.659467697143555,1896.3534832000732,7056.459665298462,7139.093399047852,7166.672706604004
