repetition,optimization,scenario,variant_counts,scale_factors,original_pipeline,analysis_result_with_opt_rule,analysis_result_without_opt_rule,analysis_result_without_any_opt
0,operator_deletion_filter_push_up,ideal,8,1.0,960.4182243347168,1029.5841693878174,7240.021467208862,7403.882026672363
1,operator_deletion_filter_push_up,ideal,8,1.0,898.9379405975342,1022.8426456451416,7282.214641571045,7303.262948989868
2,operator_deletion_filter_push_up,ideal,8,1.0,922.407865524292,1028.2337665557861,7581.742525100708,7406.163692474365
3,operator_deletion_filter_push_up,ideal,8,1.0,925.983190536499,1030.590534210205,7567.976951599121,7413.7818813323975
4,operator_deletion_filter_push_up,ideal,8,1.0,922.3754405975342,1033.0393314361572,7558.969259262085,7587.977170944214
5,operator_deletion_filter_push_up,ideal,8,1.0,911.9207859039307,1026.7655849456787,7470.670700073242,7302.555322647095
6,operator_deletion_filter_push_up,ideal,8,1.0,926.8167018890381,1036.4129543304443,7579.908132553101,7493.139743804932
