repetition,optimization,scenario,variant_counts,scale_factors,original_pipeline,analysis_result_with_opt_rule,analysis_result_without_opt_rule,analysis_result_without_any_opt
0,projection_push_up,average,4,4.0,2471.961498260498,3204.8494815826416,7581.395626068115,11309.486389160156
1,projection_push_up,average,4,4.0,2533.7564945220947,3219.9723720550537,7672.2211837768555,11433.37082862854
2,projection_push_up,average,4,4.0,2527.174949645996,3237.314462661743,7685.88662147522,11353.660106658936
3,projection_push_up,average,4,4.0,2500.777244567871,3233.7353229522705,7644.86289024353,11371.049404144287
4,projection_push_up,average,4,4.0,2497.5757598876953,3552.9301166534424,7741.968870162964,11426.416635513306
5,projection_push_up,average,4,4.0,2533.259630203247,3259.1350078582764,7826.781988143921,11493.048191070557
6,projection_push_up,average,4,4.0,2515.104293823242,3236.0711097717285,7667.157888412476,11495.541095733643
