repetition,optimization,scenario,variant_counts,scale_factors,original_pipeline,analysis_result_with_opt_rule,analysis_result_without_opt_rule,analysis_result_without_any_opt
0,filter_addition_push_up,average,4,2.5,1408.3189964294434,1890.5365467071533,3283.1833362579346,5531.471252441406
1,filter_addition_push_up,average,4,2.5,1406.097412109375,1896.3639736175537,3374.4122982025146,5551.219701766968
2,filter_addition_push_up,average,4,2.5,1426.5871047973633,1894.8369026184082,3335.3233337402344,5526.2346267700195
3,filter_addition_push_up,average,4,2.5,1395.416498184204,1882.716178894043,3294.020175933838,5512.703895568848
4,filter_addition_push_up,average,4,2.5,1396.296739578247,1888.061285018921,3310.865640640259,5489.19939994812
5,filter_addition_push_up,average,4,2.5,1377.758502960205,1876.007080078125,3312.3111724853516,5764.480829238892
6,filter_addition_push_up,average,4,2.5,1385.002613067627,1888.4289264678955,3331.099510192871,5485.820531845093
