repetition,optimization,scenario,variant_counts,scale_factors,original_pipeline,analysis_result_with_opt_rule,analysis_result_without_opt_rule,analysis_result_without_any_opt
0,projection_push_up,ideal,4,2.0,3553.7233352661133,3756.9475173950195,13463.275909423828,13796.051979064941
1,projection_push_up,ideal,4,2.0,3775.7606506347656,3824.305534362793,15262.202262878418,15242.078065872192
2,projection_push_up,ideal,4,2.0,3709.301233291626,3506.1261653900146,13863.44289779663,14276.808261871338
3,projection_push_up,ideal,4,2.0,3600.4276275634766,3641.796588897705,14681.547403335571,14555.100917816162
4,projection_push_up,ideal,4,2.0,3751.768112182617,3585.644006729126,14162.636995315552,14502.437829971313
5,projection_push_up,ideal,4,2.0,3797.142505645752,3832.313299179077,15293.814659118652,15444.236040115356
6,projection_push_up,ideal,4,2.0,3662.999391555786,3908.952236175537,14484.832763671875,14855.957984924316
