repetition,optimization,scenario,variant_counts,scale_factors,original_pipeline,analysis_result_with_opt_rule,analysis_result_without_opt_rule,analysis_result_without_any_opt
0,operator_deletion_filter_push_up,average,6,1.0,573.9202499389648,879.6024322509766,1808.9094161987305,3643.502950668335
1,operator_deletion_filter_push_up,average,6,1.0,573.2357501983643,897.4430561065674,1842.6871299743652,3668.494939804077
2,operator_deletion_filter_push_up,average,6,1.0,573.6432075500488,916.8169498443604,1861.9935512542725,3714.0326499938965
3,operator_deletion_filter_push_up,average,6,1.0,583.5881233215332,917.8173542022705,1869.9555397033691,3718.437433242798
4,operator_deletion_filter_push_up,average,6,1.0,585.4852199554443,915.8337116241455,1882.1144104003906,3697.0877647399902
5,operator_deletion_filter_push_up,average,6,1.0,579.9248218536377,910.8779430389404,1858.4165573120117,3674.408197402954
6,operator_deletion_filter_push_up,average,6,1.0,571.8538761138916,918.96653175354,1879.7752857208252,3714.015245437622
