repetition,optimization,scenario,variant_counts,scale_factors,original_pipeline,analysis_result_with_reuse_opt_rule,analysis_result_with_push_up_opt_rule,analysis_result_without_opt_rule,analysis_result_without_any_opt
0,udf_split_and_reuse,ideal,4,3.5,34.81602668762207,3275.566816329956,12210.06989479065,12415.611505508423,12485.245943069458
1,udf_split_and_reuse,ideal,4,3.5,34.836530685424805,3284.1269969940186,12217.680931091309,12361.373901367188,12429.0292263031
2,udf_split_and_reuse,ideal,4,3.5,33.887624740600586,3281.874656677246,12262.066841125488,12394.907474517822,12401.971817016602
3,udf_split_and_reuse,ideal,4,3.5,33.1881046295166,3304.2285442352295,12245.581150054932,12428.151845932007,12441.2260055542
4,udf_split_and_reuse,ideal,4,3.5,35.41755676269531,3315.9961700439453,12299.267530441284,12485.681295394897,12495.254039764404
5,udf_split_and_reuse,ideal,4,3.5,34.70110893249512,3302.9463291168213,12284.71040725708,12474.25103187561,12494.374513626099
6,udf_split_and_reuse,ideal,4,3.5,33.85353088378906,3293.9958572387695,12208.508491516113,12403.85365486145,12446.001768112183
