repetition,optimization,scenario,variant_counts,scale_factors,original_pipeline,analysis_result_with_opt_rule,analysis_result_without_opt_rule,analysis_result_without_any_opt
0,projection_push_up,worst,10,1.0,507.4138641357422,4878.326654434204,4918.31636428833,5196.841478347778
1,projection_push_up,worst,10,1.0,501.4028549194336,4924.621820449829,5008.511304855347,5263.949155807495
2,projection_push_up,worst,10,1.0,514.2471790313721,5001.379013061523,5032.613515853882,5307.471036911011
3,projection_push_up,worst,10,1.0,510.32042503356934,4997.4565505981445,5024.451494216919,5323.537826538086
4,projection_push_up,worst,10,1.0,505.9535503387451,4958.759546279907,4989.98498916626,5297.163009643555
5,projection_push_up,worst,10,1.0,507.4048042297363,4890.097379684448,4909.864902496338,5120.96381187439
6,projection_push_up,worst,10,1.0,500.873327255249,4873.839855194092,4911.928653717041,5152.233839035034
