repetition,optimization,scenario,variant_counts,scale_factors,original_pipeline,analysis_result_with_opt_rule,analysis_result_without_opt_rule,analysis_result_without_any_opt
0,projection_push_up,worst,8,1.0,507.0321559906006,3935.3461265563965,4003.641366958618,4192.078351974487
1,projection_push_up,worst,8,1.0,501.0197162628174,3954.1499614715576,3983.872413635254,4219.641447067261
2,projection_push_up,worst,8,1.0,516.4377689361572,3990.51833152771,4000.070810317993,4274.005651473999
3,projection_push_up,worst,8,1.0,515.0914192199707,4004.044532775879,4014.847755432129,4571.070432662964
4,projection_push_up,worst,8,1.0,503.97372245788574,3952.754020690918,4016.2856578826904,4231.1155796051025
5,projection_push_up,worst,8,1.0,516.2668228149414,3975.7938385009766,4000.227451324463,4211.263418197632
6,projection_push_up,worst,8,1.0,504.2543411254883,3962.127685546875,3954.274892807007,4147.20606803894
