repetition,optimization,scenario,variant_counts,scale_factors,original_pipeline,analysis_result_with_opt_rule,analysis_result_without_opt_rule,analysis_result_without_any_opt
0,projection_push_up,ideal,4,1.5,2181.3201904296875,2195.1889991760254,8452.292203903198,8234.151124954224
1,projection_push_up,ideal,4,1.5,2113.116502761841,2144.4926261901855,8461.645603179932,8534.693479537964
2,projection_push_up,ideal,4,1.5,2081.160545349121,2098.680257797241,8372.88498878479,8336.806297302246
3,projection_push_up,ideal,4,1.5,2053.3952713012695,2084.9082469940186,7994.585275650024,8436.315298080444
4,projection_push_up,ideal,4,1.5,2147.3441123962402,2160.2795124053955,8507.75146484375,8815.342903137207
5,projection_push_up,ideal,4,1.5,2038.5692119598389,2054.1839599609375,8063.827276229858,8150.6171226501465
6,projection_push_up,ideal,4,1.5,2256.704330444336,2141.726016998291,8334.851026535034,8421.971559524536
