repetition,optimization,scenario,variant_counts,scale_factors,original_pipeline,analysis_result_with_opt_rule,analysis_result_without_opt_rule,analysis_result_without_any_opt
0,filter_addition_push_up,average,2,1.0,536.1292362213135,605.0009727478027,785.3000164031982,1077.054500579834
1,filter_addition_push_up,average,2,1.0,535.5651378631592,611.5646362304688,794.2335605621338,1088.3398056030273
2,filter_addition_push_up,average,2,1.0,529.1180610656738,609.9815368652344,782.2751998901367,1075.3138065338135
3,filter_addition_push_up,average,2,1.0,528.1634330749512,617.3350811004639,793.7231063842773,1092.5438404083252
4,filter_addition_push_up,average,2,1.0,527.580738067627,613.0256652832031,783.8106155395508,1098.215103149414
5,filter_addition_push_up,average,2,1.0,536.592960357666,614.2497062683105,790.283203125,1094.813585281372
6,filter_addition_push_up,average,2,1.0,533.135175704956,615.7593727111816,797.2064018249512,1095.5631732940674
