repetition,optimization,scenario,variant_counts,scale_factors,original_pipeline,analysis_result_with_opt_rule,analysis_result_without_opt_rule,analysis_result_without_any_opt
0,filter_addition_push_up,ideal,10,1.0,980.4527759552002,1001.4419555664062,9148.503541946411,9279.867887496948
1,filter_addition_push_up,ideal,10,1.0,1014.4460201263428,1045.9387302398682,9695.07908821106,9988.111972808838
2,filter_addition_push_up,ideal,10,1.0,986.1986637115479,995.7475662231445,9183.25686454773,9270.037412643433
3,filter_addition_push_up,ideal,10,1.0,996.6766834259033,1019.0231800079346,9353.232622146606,9519.856929779053
4,filter_addition_push_up,ideal,10,1.0,1082.793951034546,1118.8812255859375,10535.817623138428,10640.132665634155
5,filter_addition_push_up,ideal,10,1.0,924.1781234741211,785.4676246643066,7151.463508605957,7403.819561004639
6,filter_addition_push_up,ideal,10,1.0,864.457368850708,891.5309906005859,8404.11400794983,8535.947561264038
