repetition,optimization,scenario,variant_counts,scale_factors,original_pipeline,analysis_result_with_opt_rule,analysis_result_without_opt_rule,analysis_result_without_any_opt
0,filter_addition_push_up,worst_wo_original,4,2.5,6260.270833969116,6190.432548522949,1396.4481353759766,1424.9372482299805
1,filter_addition_push_up,worst_wo_original,4,2.5,6468.618154525757,6055.697917938232,1407.6151847839355,1460.5536460876465
2,filter_addition_push_up,worst_wo_original,4,2.5,6056.505918502808,6071.580171585083,1508.9685916900635,1536.9288921356201
3,filter_addition_push_up,worst_wo_original,4,2.5,6059.576511383057,6102.778434753418,1586.3888263702393,1617.6977157592773
4,filter_addition_push_up,worst_wo_original,4,2.5,6079.264163970947,6072.970867156982,1671.7948913574219,1463.4454250335693
5,filter_addition_push_up,worst_wo_original,4,2.5,6081.303596496582,6114.977121353149,1632.6096057891846,1657.1500301361084
6,filter_addition_push_up,worst_wo_original,4,2.5,6089.11395072937,6071.545600891113,1521.1553573608398,1554.4793605804443
