repetition,optimization,scenario,variant_counts,scale_factors,original_pipeline,analysis_result_with_opt_rule,analysis_result_without_opt_rule,analysis_result_without_any_opt
0,filter_addition_push_up,ideal,4,1.0,956.0284614562988,963.3629322052002,3709.7926139831543,3807.0058822631836
1,filter_addition_push_up,ideal,4,1.0,992.3794269561768,993.8175678253174,3853.9633750915527,3965.212106704712
2,filter_addition_push_up,ideal,4,1.0,938.0254745483398,952.2445201873779,3803.328514099121,3779.4768810272217
3,filter_addition_push_up,ideal,4,1.0,959.3071937561035,970.1545238494873,3764.7223472595215,3822.6654529571533
4,filter_addition_push_up,ideal,4,1.0,1050.1008033752441,1063.1046295166016,4236.858367919922,4171.062707901001
5,filter_addition_push_up,ideal,4,1.0,731.1339378356934,740.7650947570801,2843.0042266845703,3078.630208969116
6,filter_addition_push_up,ideal,4,1.0,848.914623260498,859.8473072052002,3283.158540725708,3395.148515701294
