repetition,optimization,scenario,variant_counts,scale_factors,original_pipeline,analysis_result_with_opt_rule,analysis_result_without_opt_rule,analysis_result_without_any_opt
0,filter_addition_push_up,worst_w_original,8,1.0,1036.6730690002441,1003.0910968780518,1451.1351585388184,1475.1312732696533
1,filter_addition_push_up,worst_w_original,8,1.0,1143.9194679260254,997.8172779083252,1485.4419231414795,1539.0326976776123
2,filter_addition_push_up,worst_w_original,8,1.0,984.3082427978516,990.0290966033936,1411.4937782287598,1452.2154331207275
3,filter_addition_push_up,worst_w_original,8,1.0,978.5213470458984,994.4133758544922,1432.4843883514404,1468.8100814819336
4,filter_addition_push_up,worst_w_original,8,1.0,986.7138862609863,1008.1744194030762,1379.5974254608154,1412.940263748169
5,filter_addition_push_up,worst_w_original,8,1.0,983.6809635162354,996.8557357788086,1382.5600147247314,1427.5844097137451
6,filter_addition_push_up,worst_w_original,8,1.0,1001.0762214660645,992.7635192871094,1402.3113250732422,1443.4878826141357
