repetition,optimization,scenario,variant_counts,scale_factors,original_pipeline,analysis_result_with_opt_rule,analysis_result_without_opt_rule,analysis_result_without_any_opt
0,operator_deletion_filter_push_up,average,4,3.0,1647.9167938232422,2066.5879249572754,3875.18048286438,6641.920566558838
1,operator_deletion_filter_push_up,average,4,3.0,1622.9424476623535,2078.157901763916,3941.925525665283,6688.061475753784
2,operator_deletion_filter_push_up,average,4,3.0,1639.30344581604,2085.963249206543,3948.4164714813232,6678.696393966675
3,operator_deletion_filter_push_up,average,4,3.0,1603.5964488983154,2076.9400596618652,3957.294225692749,6653.231382369995
4,operator_deletion_filter_push_up,average,4,3.0,1633.9197158813477,2063.664436340332,3911.4110469818115,6634.043455123901
5,operator_deletion_filter_push_up,average,4,3.0,1620.4736232757568,2068.446159362793,3930.2244186401367,6643.375396728516
6,operator_deletion_filter_push_up,average,4,3.0,1632.824420928955,2069.796562194824,3952.5012969970703,6660.797595977783
