repetition,optimization,scenario,variant_counts,scale_factors,original_pipeline,analysis_result_with_opt_rule,analysis_result_without_opt_rule,analysis_result_without_any_opt
0,projection_push_up,worst,4,3.0,1392.7106857299805,5846.7419147491455,6070.044994354248,6312.60085105896
1,projection_push_up,worst,4,3.0,1534.562587738037,5997.466564178467,6051.882028579712,6065.2971267700195
2,projection_push_up,worst,4,3.0,1457.74507522583,5965.513706207275,6034.643888473511,6303.908348083496
3,projection_push_up,worst,4,3.0,1496.7477321624756,6162.925004959106,6102.478504180908,6182.69419670105
4,projection_push_up,worst,4,3.0,1511.6055011749268,6152.951717376709,5963.9270305633545,6246.5245723724365
5,projection_push_up,worst,4,3.0,1433.2301616668701,5947.523355484009,5746.13356590271,5981.955051422119
6,projection_push_up,worst,4,3.0,1459.7055912017822,5944.604158401489,5960.896730422974,6130.324602127075
