repetition,optimization,scenario,variant_counts,scale_factors,original_pipeline,analysis_result_with_opt_rule,analysis_result_without_opt_rule,analysis_result_without_any_opt
0,operator_deletion_filter_push_up,average,10,1.0,779.5515060424805,1417.107105255127,3079.6151161193848,6677.086353302002
1,operator_deletion_filter_push_up,average,10,1.0,630.2058696746826,1477.2820472717285,3161.5848541259766,6759.929418563843
2,operator_deletion_filter_push_up,average,10,1.0,630.601167678833,1481.2629222869873,3183.4847927093506,6920.192003250122
3,operator_deletion_filter_push_up,average,10,1.0,623.8348484039307,1475.8999347686768,3172.76930809021,6699.776649475098
4,operator_deletion_filter_push_up,average,10,1.0,620.5978393554688,1479.1529178619385,3203.1779289245605,6764.584302902222
5,operator_deletion_filter_push_up,average,10,1.0,620.114803314209,1471.1577892303467,3195.9762573242188,6695.759057998657
6,operator_deletion_filter_push_up,average,10,1.0,774.122953414917,1478.2617092132568,3194.1466331481934,6689.996242523193
