repetition,optimization,scenario,variant_counts,scale_factors,original_pipeline,analysis_result_with_opt_rule,analysis_result_without_opt_rule,analysis_result_without_any_opt
0,filter_addition_push_up,average,4,3.5,2299.628496170044,2976.6414165496826,5734.039545059204,9355.791807174683
1,filter_addition_push_up,average,4,3.5,2304.112672805786,2964.6401405334473,5785.348415374756,9182.13415145874
2,filter_addition_push_up,average,4,3.5,2282.593011856079,2960.24751663208,5750.071048736572,9194.8082447052
3,filter_addition_push_up,average,4,3.5,2310.7011318206787,2993.551015853882,5786.534070968628,9284.00731086731
4,filter_addition_push_up,average,4,3.5,2298.757791519165,2985.69393157959,5749.211072921753,9198.789596557617
5,filter_addition_push_up,average,4,3.5,2273.3705043792725,3002.777099609375,5798.619747161865,9243.879318237305
6,filter_addition_push_up,average,4,3.5,2278.630256652832,2961.207151412964,5768.88632774353,9174.599409103394
