repetition,optimization,scenario,variant_counts,scale_factors,original_pipeline,analysis_result_with_reuse_opt_rule,analysis_result_with_push_up_opt_rule,analysis_result_without_opt_rule,analysis_result_without_any_opt
0,udf_split_and_reuse,average,4,2.0,1054.2736053466797,1342.5371646881104,1434.8952770233154,3342.9384231567383,4966.906547546387
1,udf_split_and_reuse,average,4,2.0,1058.8452816009521,1351.670742034912,1450.472354888916,3356.3973903656006,5039.043188095093
2,udf_split_and_reuse,average,4,2.0,1061.6941452026367,1361.2499237060547,1460.1390361785889,3392.698049545288,4984.895706176758
3,udf_split_and_reuse,average,4,2.0,1078.6991119384766,1354.5925617218018,1439.950704574585,3389.6102905273438,5018.845796585083
4,udf_split_and_reuse,average,4,2.0,1065.3350353240967,1346.921682357788,1451.502799987793,3350.428342819214,4965.20733833313
5,udf_split_and_reuse,average,4,2.0,1056.1411380767822,1342.1790599822998,1433.0177307128906,3378.88240814209,4969.364643096924
6,udf_split_and_reuse,average,4,2.0,1060.0123405456543,1358.6061000823975,1426.1248111724854,3377.5086402893066,4978.5730838775635
