repetition,optimization,scenario,variant_counts,scale_factors,original_pipeline,analysis_result_with_opt_rule,analysis_result_without_opt_rule,analysis_result_without_any_opt
0,filter_addition_push_up,worst_wo_original,2,1.0,1025.7723331451416,1147.0940113067627,131.61993026733398,136.67535781860352
1,filter_addition_push_up,worst_wo_original,2,1.0,979.8417091369629,977.1499633789062,148.1187343597412,153.58209609985352
2,filter_addition_push_up,worst_wo_original,2,1.0,979.5970916748047,978.9459705352783,128.81064414978027,134.78875160217285
3,filter_addition_push_up,worst_wo_original,2,1.0,979.3946743011475,984.9734306335449,131.17623329162598,136.80672645568848
4,filter_addition_push_up,worst_wo_original,2,1.0,972.766637802124,981.1832904815674,116.65892601013184,120.72086334228516
5,filter_addition_push_up,worst_wo_original,2,1.0,975.1348495483398,992.4716949462891,118.66092681884766,124.35173988342285
6,filter_addition_push_up,worst_wo_original,2,1.0,987.1878623962402,983.7093353271484,123.94523620605469,130.3551197052002
