repetition,optimization,scenario,variant_counts,scale_factors,original_pipeline,analysis_result_with_opt_rule,analysis_result_without_opt_rule,analysis_result_without_any_opt
0,filter_addition_push_up,worst_wo_original,4,3.0,9489.253997802734,9276.328325271606,2354.0499210357666,2151.9036293029785
1,filter_addition_push_up,worst_wo_original,4,3.0,9171.319007873535,9117.375612258911,2190.253257751465,2207.214593887329
2,filter_addition_push_up,worst_wo_original,4,3.0,9194.634199142456,9198.278188705444,1992.8627014160156,2010.4246139526367
3,filter_addition_push_up,worst_wo_original,4,3.0,9240.066289901733,9105.551719665527,2500.645160675049,2297.3170280456543
4,filter_addition_push_up,worst_wo_original,4,3.0,9273.230075836182,9399.36900138855,2295.3691482543945,2320.8703994750977
5,filter_addition_push_up,worst_wo_original,4,3.0,9172.711849212646,9157.94825553894,2372.8630542755127,2391.434669494629
6,filter_addition_push_up,worst_wo_original,4,3.0,9138.52334022522,9106.13489151001,2193.369150161743,2429.485082626343
