repetition,optimization,scenario,variant_counts,scale_factors,original_pipeline,analysis_result_with_opt_rule,analysis_result_without_opt_rule,analysis_result_without_any_opt
0,filter_addition_push_up,worst_w_original,4,2.0,4144.810199737549,3984.264850616455,4644.3188190460205,4751.032114028931
1,filter_addition_push_up,worst_w_original,4,2.0,4059.0620040893555,3972.593069076538,4747.955560684204,4757.87091255188
2,filter_addition_push_up,worst_w_original,4,2.0,3976.120710372925,3963.012218475342,4727.427959442139,4779.729127883911
3,filter_addition_push_up,worst_w_original,4,2.0,3994.142770767212,3961.8818759918213,4618.234157562256,4645.796298980713
4,filter_addition_push_up,worst_w_original,4,2.0,3953.716278076172,3959.2905044555664,4621.444463729858,4632.942199707031
5,filter_addition_push_up,worst_w_original,4,2.0,4129.439115524292,3975.687265396118,4800.341844558716,4765.6097412109375
6,filter_addition_push_up,worst_w_original,4,2.0,3986.8991374969482,3994.629383087158,4711.052417755127,4729.652166366577
