repetition,optimization,scenario,variant_counts,scale_factors,original_pipeline,analysis_result_with_opt_rule,analysis_result_without_opt_rule,analysis_result_without_any_opt
0,filter_addition_push_up,average,4,1.0,544.2442893981934,743.3381080627441,1256.638765335083,2151.804208755493
1,filter_addition_push_up,average,4,1.0,533.0190658569336,730.7999134063721,1256.1933994293213,2149.714946746826
2,filter_addition_push_up,average,4,1.0,533.4372520446777,732.3548793792725,1252.178430557251,2147.7296352386475
3,filter_addition_push_up,average,4,1.0,538.8743877410889,742.9323196411133,1260.9553337097168,2152.958393096924
4,filter_addition_push_up,average,4,1.0,541.5234565734863,750.9424686431885,1269.3681716918945,2177.509546279907
5,filter_addition_push_up,average,4,1.0,534.517765045166,743.8340187072754,1277.3246765136719,2168.626070022583
6,filter_addition_push_up,average,4,1.0,543.0841445922852,749.903678894043,1283.0023765563965,2172.194004058838
