repetition,optimization,scenario,variant_counts,scale_factors,original_pipeline,analysis_result_with_reuse_opt_rule,analysis_result_with_push_up_opt_rule,analysis_result_without_opt_rule,analysis_result_without_any_opt
0,udf_split_and_reuse,worst_constant,2,1.0,348.679780960083,550.1394271850586,549.2334365844727,578.8543224334717,869.0435886383057
1,udf_split_and_reuse,worst_constant,2,1.0,348.7997055053711,538.977861404419,540.374755859375,564.9173259735107,852.1311283111572
2,udf_split_and_reuse,worst_constant,2,1.0,349.76696968078613,552.2520542144775,553.6289215087891,573.9269256591797,856.6327095031738
3,udf_split_and_reuse,worst_constant,2,1.0,351.53865814208984,545.3789234161377,546.684980392456,565.9420490264893,850.0158786773682
4,udf_split_and_reuse,worst_constant,2,1.0,350.4948616027832,542.3004627227783,548.0022430419922,568.0181980133057,853.4600734710693
5,udf_split_and_reuse,worst_constant,2,1.0,351.63044929504395,544.5797443389893,543.6913967132568,565.7413005828857,849.1175174713135
6,udf_split_and_reuse,worst_constant,2,1.0,347.4140167236328,541.205644607544,541.0637855529785,569.591760635376,849.1933345794678
