repetition,optimization,scenario,variant_counts,scale_factors,original_pipeline,analysis_result_with_opt_rule,analysis_result_without_opt_rule,analysis_result_without_any_opt
0,projection_push_up,ideal,2,1.0,923.8879680633545,1075.3374099731445,1824.6300220489502,1836.1735343933105
1,projection_push_up,ideal,2,1.0,971.7879295349121,981.9083213806152,1894.4942951202393,1951.9355297088623
2,projection_push_up,ideal,2,1.0,928.5814762115479,935.5950355529785,1868.24631690979,2075.6449699401855
3,projection_push_up,ideal,2,1.0,931.779146194458,944.7445869445801,1902.9600620269775,1909.5654487609863
4,projection_push_up,ideal,2,1.0,981.9397926330566,996.0885047912598,1980.1428318023682,2017.6329612731934
5,projection_push_up,ideal,2,1.0,734.3032360076904,735.7723712921143,1460.3593349456787,1699.5525360107422
6,projection_push_up,ideal,2,1.0,848.1800556182861,848.8194942474365,1676.0902404785156,1730.3056716918945
