repetition,optimization,scenario,variant_counts,scale_factors,original_pipeline,analysis_result_with_opt_rule,analysis_result_without_opt_rule,analysis_result_without_any_opt
0,operator_deletion_filter_push_up,ideal,6,1.0,959.3675136566162,1014.007568359375,5567.294359207153,5626.789808273315
1,operator_deletion_filter_push_up,ideal,6,1.0,927.5600910186768,992.5944805145264,5414.6459102630615,5469.602584838867
2,operator_deletion_filter_push_up,ideal,6,1.0,922.1310615539551,994.2710399627686,5493.894577026367,5572.293043136597
3,operator_deletion_filter_push_up,ideal,6,1.0,915.1468276977539,986.4981174468994,5536.853790283203,5523.9691734313965
4,operator_deletion_filter_push_up,ideal,6,1.0,911.1731052398682,987.6618385314941,5463.902235031128,5510.338306427002
5,operator_deletion_filter_push_up,ideal,6,1.0,897.6233005523682,1018.9893245697021,5470.48807144165,5529.0632247924805
6,operator_deletion_filter_push_up,ideal,6,1.0,931.2894344329834,995.0053691864014,5561.426639556885,5632.619619369507
