repetition,optimization,scenario,variant_counts,scale_factors,original_pipeline,analysis_result_with_opt_rule,analysis_result_without_opt_rule,analysis_result_without_any_opt
0,filter_addition_push_up,worst_w_original,2,1.0,1006.3927173614502,984.8072528839111,1050.119400024414,1054.1272163391113
1,filter_addition_push_up,worst_w_original,2,1.0,983.9210510253906,991.7337894439697,1043.8380241394043,1067.15989112854
2,filter_addition_push_up,worst_w_original,2,1.0,988.7709617614746,987.8904819488525,1050.8697032928467,1045.8402633666992
3,filter_addition_push_up,worst_w_original,2,1.0,983.4322929382324,979.515552520752,1043.4610843658447,1046.4122295379639
4,filter_addition_push_up,worst_w_original,2,1.0,979.7148704528809,984.1835498809814,1191.2522315979004,1027.395248413086
5,filter_addition_push_up,worst_w_original,2,1.0,976.088285446167,977.2937297821045,1023.6599445343018,1030.4498672485352
6,filter_addition_push_up,worst_w_original,2,1.0,968.5065746307373,971.7707633972168,1029.6778678894043,1042.3755645751953
