repetition,optimization,scenario,variant_counts,scale_factors,original_pipeline,analysis_result_with_opt_rule,analysis_result_without_opt_rule,analysis_result_without_any_opt
0,filter_addition_push_up,average,10,1.0,546.1814403533936,1093.5132503509521,2592.5512313842773,5307.000160217285
1,filter_addition_push_up,average,10,1.0,533.8938236236572,1076.4999389648438,2622.3106384277344,5313.251733779907
2,filter_addition_push_up,average,10,1.0,537.1129512786865,1093.332290649414,2640.9599781036377,5359.373092651367
3,filter_addition_push_up,average,10,1.0,541.6181087493896,1089.07151222229,2647.7739810943604,5369.7638511657715
4,filter_addition_push_up,average,10,1.0,542.4196720123291,1086.679220199585,2660.862922668457,5297.39236831665
5,filter_addition_push_up,average,10,1.0,532.4246883392334,1086.20285987854,2680.724620819092,5306.543588638306
6,filter_addition_push_up,average,10,1.0,538.8748645782471,1099.3385314941406,2686.9869232177734,5324.1894245147705
