repetition,optimization,scenario,variant_counts,scale_factors,original_pipeline,analysis_result_with_opt_rule,analysis_result_without_opt_rule,analysis_result_without_any_opt
0,filter_addition_push_up,average,4,1.5,789.9692058563232,1090.1446342468262,1829.50758934021,3137.601613998413
1,filter_addition_push_up,average,4,1.5,782.3655605316162,1098.8123416900635,1837.827205657959,3152.3208618164062
2,filter_addition_push_up,average,4,1.5,784.7719192504883,1091.6569232940674,1826.4186382293701,3148.437261581421
3,filter_addition_push_up,average,4,1.5,797.3263263702393,1092.8826332092285,1833.4686756134033,3160.0289344787598
4,filter_addition_push_up,average,4,1.5,794.8343753814697,1089.1039371490479,1833.683967590332,3166.085958480835
5,filter_addition_push_up,average,4,1.5,784.0652465820312,1096.0032939910889,1821.7999935150146,3142.915725708008
6,filter_addition_push_up,average,4,1.5,785.9649658203125,1088.2656574249268,1836.702823638916,3126.6918182373047
