repetition,optimization,scenario,variant_counts,scale_factors,original_pipeline,analysis_result_with_opt,analysis_result_without_any_opt
0,common_subexpression_elimination,worst,10,1.0,520.068883895874,1266.5810585021973,5286.629915237427
1,common_subexpression_elimination,worst,10,1.0,526.5889167785645,1252.2406578063965,5266.247272491455
2,common_subexpression_elimination,worst,10,1.0,525.3391265869141,1263.9312744140625,5272.815465927124
3,common_subexpression_elimination,worst,10,1.0,524.3241786956787,1245.3501224517822,5251.582145690918
4,common_subexpression_elimination,worst,10,1.0,522.0382213592529,1252.4418830871582,5279.864311218262
5,common_subexpression_elimination,worst,10,1.0,523.5261917114258,1267.2772407531738,5251.428604125977
6,common_subexpression_elimination,worst,10,1.0,515.4900550842285,1240.5483722686768,5239.691257476807
