repetition,optimization,scenario,variant_counts,scale_factors,original_pipeline,analysis_result_with_opt_rule,analysis_result_without_opt_rule,analysis_result_without_any_opt
0,filter_addition_push_up,ideal,10,1.0,984.3451976776123,999.1776943206787,9176.612615585327,9205.567359924316
1,filter_addition_push_up,ideal,10,1.0,1020.8241939544678,1040.8909320831299,9825.089454650879,9994.124412536621
2,filter_addition_push_up,ideal,10,1.0,972.2146987915039,994.2803382873535,9128.660440444946,9351.842880249023
3,filter_addition_push_up,ideal,10,1.0,989.8290634155273,1001.9910335540771,9200.87480545044,9635.47396659851
4,filter_addition_push_up,ideal,10,1.0,1084.373950958252,1105.4713726043701,10267.18020439148,10630.062341690063
5,filter_addition_push_up,ideal,10,1.0,908.97536277771,786.6289615631104,7116.199016571045,7532.40442276001
6,filter_addition_push_up,ideal,10,1.0,855.1678657531738,886.9941234588623,8203.710794448853,8529.333591461182
