repetition,optimization,scenario,variant_counts,scale_factors,original_pipeline,analysis_result_with_opt_rule,analysis_result_without_opt_rule,analysis_result_without_any_opt
0,filter_addition_push_up,ideal,2,1.0,953.9141654968262,958.2009315490723,1902.2738933563232,1900.0797271728516
1,filter_addition_push_up,ideal,2,1.0,1003.882884979248,1014.2879486083984,1988.0828857421875,2055.166482925415
2,filter_addition_push_up,ideal,2,1.0,957.8077793121338,967.5731658935547,1910.6841087341309,1960.0534439086914
3,filter_addition_push_up,ideal,2,1.0,981.0991287231445,977.8051376342773,1929.2712211608887,2130.167007446289
4,filter_addition_push_up,ideal,2,1.0,1066.1087036132812,1074.0468502044678,2112.171173095703,2182.255506515503
5,filter_addition_push_up,ideal,2,1.0,745.5286979675293,750.9443759918213,1462.740182876587,1508.791446685791
6,filter_addition_push_up,ideal,2,1.0,985.2323532104492,861.5612983703613,1687.5114440917969,1733.220100402832
