repetition,optimization,scenario,variant_counts,scale_factors,original_pipeline,analysis_result_with_reuse_opt_rule,analysis_result_with_push_up_opt_rule,analysis_result_without_opt_rule,analysis_result_without_any_opt
0,udf_split_and_reuse,worst_wo_safety,4,4.0,42.55223274230957,3749.1044998168945,800.379753112793,907.8190326690674,973.5050201416016
1,udf_split_and_reuse,worst_wo_safety,4,4.0,41.47672653198242,3774.280071258545,801.5594482421875,906.0273170471191,982.4042320251465
2,udf_split_and_reuse,worst_wo_safety,4,4.0,42.14024543762207,3806.2732219696045,811.0160827636719,914.2541885375977,984.5693111419678
3,udf_split_and_reuse,worst_wo_safety,4,4.0,41.26572608947754,3781.2623977661133,802.8433322906494,906.4226150512695,979.9332618713379
4,udf_split_and_reuse,worst_wo_safety,4,4.0,44.400930404663086,3794.022560119629,809.2379570007324,919.1484451293945,992.5570487976074
5,udf_split_and_reuse,worst_wo_safety,4,4.0,43.20859909057617,3774.4810581207275,805.4089546203613,914.9312973022461,985.2554798126221
6,udf_split_and_reuse,worst_wo_safety,4,4.0,43.90120506286621,3796.5614795684814,811.1879825592041,916.877269744873,992.0980930328369
