repetition,optimization,scenario,variant_counts,scale_factors,original_pipeline,analysis_result_with_opt_rule,analysis_result_without_opt_rule,analysis_result_without_any_opt
0,projection_push_up,average,4,2.5,1405.7207107543945,1847.9669094085693,4108.299970626831,6516.627311706543
1,projection_push_up,average,4,2.5,1416.0094261169434,1836.188554763794,4108.391761779785,6459.4409465789795
2,projection_push_up,average,4,2.5,1392.3454284667969,1846.1418151855469,4073.343276977539,6441.765069961548
3,projection_push_up,average,4,2.5,1410.8829498291016,1816.8754577636719,4102.480411529541,6462.523937225342
4,projection_push_up,average,4,2.5,1399.8994827270508,1841.9809341430664,4094.463348388672,6457.866907119751
5,projection_push_up,average,4,2.5,1399.9106884002686,1837.0552062988281,4161.338806152344,6502.901315689087
6,projection_push_up,average,4,2.5,1392.2333717346191,1853.3790111541748,4137.816905975342,6560.985326766968
