repetition,optimization,scenario,variant_counts,scale_factors,original_pipeline,analysis_result_with_opt_rule,analysis_result_without_opt_rule,analysis_result_without_any_opt
0,operator_deletion_filter_push_up,ideal,4,2.0,4144.773721694946,4102.52833366394,16207.008838653564,16216.46523475647
1,operator_deletion_filter_push_up,ideal,4,2.0,3898.050308227539,4114.3927574157715,15870.444774627686,15866.40477180481
2,operator_deletion_filter_push_up,ideal,4,2.0,3888.856887817383,4142.168998718262,16019.799709320068,15876.615762710571
3,operator_deletion_filter_push_up,ideal,4,2.0,3950.6211280822754,4121.270418167114,16269.955396652222,16015.551567077637
4,operator_deletion_filter_push_up,ideal,4,2.0,3915.07887840271,4136.107921600342,16200.582504272461,15916.217565536499
5,operator_deletion_filter_push_up,ideal,4,2.0,4020.8771228790283,4180.483341217041,16404.906511306763,16299.349546432495
6,operator_deletion_filter_push_up,ideal,4,2.0,4003.5903453826904,4206.551313400269,16630.926370620728,16188.073873519897
