repetition,optimization,scenario,variant_counts,scale_factors,original_pipeline,analysis_result_with_opt_rule,analysis_result_without_opt_rule,analysis_result_without_any_opt
0,filter_addition_push_up,worst_wo_original,4,3.0,9110.881567001343,8909.237623214722,2063.113212585449,2400.644540786743
1,filter_addition_push_up,worst_wo_original,4,3.0,8811.95044517517,8774.009943008423,2107.2323322296143,2156.4464569091797
2,filter_addition_push_up,worst_wo_original,4,3.0,8908.29062461853,8897.855758666992,1913.4292602539062,1937.6132488250732
3,filter_addition_push_up,worst_wo_original,4,3.0,8888.02719116211,8818.89820098877,2443.7026977539062,2212.7108573913574
4,filter_addition_push_up,worst_wo_original,4,3.0,8805.350303649902,8816.799879074097,2242.4890995025635,2240.083694458008
5,filter_addition_push_up,worst_wo_original,4,3.0,8858.184814453125,8837.40210533142,2282.2277545928955,2298.1865406036377
6,filter_addition_push_up,worst_wo_original,4,3.0,8804.950475692749,8819.498777389526,2099.6384620666504,2383.650779724121
