repetition,optimization,scenario,variant_counts,scale_factors,original_pipeline,analysis_result_with_opt_rule,analysis_result_without_opt_rule,analysis_result_without_any_opt
0,projection_push_up,ideal,4,4.0,16013.050317764282,15287.535667419434,60879.26959991455,61626.56116485596
1,projection_push_up,ideal,4,4.0,14950.615882873535,14717.864513397217,59129.46581840515,59201.093673706055
2,projection_push_up,ideal,4,4.0,14773.099899291992,15040.080308914185,60376.86061859131,59716.78638458252
3,projection_push_up,ideal,4,4.0,14568.603038787842,14739.622354507446,59441.54143333435,58757.59553909302
4,projection_push_up,ideal,4,4.0,14739.212274551392,15043.589115142822,60570.128202438354,60028.32770347595
5,projection_push_up,ideal,4,4.0,14541.813135147095,14663.436651229858,59471.917152404785,58124.462604522705
6,projection_push_up,ideal,4,4.0,14892.784357070923,14667.119026184082,59505.86009025574,58818.70889663696
