repetition,optimization,scenario,variant_counts,scale_factors,original_pipeline,analysis_result_with_reuse_opt_rule,analysis_result_with_push_up_opt_rule,analysis_result_without_opt_rule,analysis_result_without_any_opt
0,udf_split_and_reuse,average,6,1.0,478.7571430206299,707.5669765472412,773.4038829803467,2065.02628326416,3421.4985370635986
1,udf_split_and_reuse,average,6,1.0,485.42332649230957,717.9980278015137,796.1297035217285,2100.1718044281006,3509.8066329956055
2,udf_split_and_reuse,average,6,1.0,485.8059883117676,716.7971134185791,789.9830341339111,2113.9566898345947,3519.141435623169
3,udf_split_and_reuse,average,6,1.0,484.1909408569336,735.1565361022949,794.9678897857666,2104.886770248413,3515.6962871551514
4,udf_split_and_reuse,average,6,1.0,480.36885261535645,707.8754901885986,788.5036468505859,2088.670253753662,3488.943099975586
5,udf_split_and_reuse,average,6,1.0,485.9797954559326,727.0641326904297,793.3340072631836,2095.9012508392334,3495.9428310394287
6,udf_split_and_reuse,average,6,1.0,486.1629009246826,712.6169204711914,784.0473651885986,2100.5208492279053,3467.8218364715576
