repetition,optimization,scenario,variant_counts,scale_factors,original_pipeline,analysis_result_with_opt_rule,analysis_result_without_opt_rule,analysis_result_without_any_opt
0,operator_deletion_filter_push_up,average,4,2.5,1325.7157802581787,1672.9519367218018,3125.469923019409,5390.904426574707
1,operator_deletion_filter_push_up,average,4,2.5,1351.609706878662,1688.8442039489746,3136.1289024353027,5380.7947635650635
2,operator_deletion_filter_push_up,average,4,2.5,1323.2214450836182,1702.0339965820312,3151.1051654815674,5422.183275222778
3,operator_deletion_filter_push_up,average,4,2.5,1317.948818206787,1701.8532752990723,3151.787519454956,5391.444206237793
4,operator_deletion_filter_push_up,average,4,2.5,1326.2813091278076,1703.8452625274658,3167.13547706604,5406.573295593262
5,operator_deletion_filter_push_up,average,4,2.5,1322.2386837005615,1694.349765777588,3108.6320877075195,5365.259647369385
6,operator_deletion_filter_push_up,average,4,2.5,1328.0808925628662,1696.9051361083984,3140.4638290405273,5400.089979171753
