repetition,optimization,scenario,variant_counts,scale_factors,original_pipeline,analysis_result_with_opt_rule,analysis_result_without_opt_rule,analysis_result_without_any_opt
0,projection_push_up,worst,4,1.0,507.59148597717285,1987.9646301269531,2038.7084484100342,2120.338201522827
1,projection_push_up,worst,4,1.0,517.1592235565186,2032.634973526001,2039.9417877197266,2127.349853515625
2,projection_push_up,worst,4,1.0,521.5444564819336,2042.1550273895264,2062.031030654907,2147.665500640869
3,projection_push_up,worst,4,1.0,518.057107925415,2039.1883850097656,2048.1746196746826,2110.9049320220947
4,projection_push_up,worst,4,1.0,518.8748836517334,2035.712718963623,2056.440591812134,2120.253562927246
5,projection_push_up,worst,4,1.0,516.5691375732422,2029.5069217681885,2049.7303009033203,2136.108875274658
6,projection_push_up,worst,4,1.0,512.2835636138916,2034.2226028442383,2051.9256591796875,2116.250991821289
