repetition,optimization,scenario,variant_counts,scale_factors,original_pipeline,analysis_result_with_opt_rule,analysis_result_without_opt_rule,analysis_result_without_any_opt
0,filter_addition_push_up,average,4,2.5,1365.64040184021,1833.6701393127441,3187.8724098205566,5366.532325744629
1,filter_addition_push_up,average,4,2.5,1361.5779876708984,1836.6189002990723,3203.8278579711914,5395.8420753479
2,filter_addition_push_up,average,4,2.5,1347.1310138702393,1838.3359909057617,3187.681198120117,5356.634855270386
3,filter_addition_push_up,average,4,2.5,1341.597318649292,1833.4324359893799,3185.987710952759,5363.745450973511
4,filter_addition_push_up,average,4,2.5,1352.8847694396973,1832.3900699615479,3173.041820526123,5335.699558258057
5,filter_addition_push_up,average,4,2.5,1351.5467643737793,1836.0686302185059,3176.971435546875,5569.319486618042
6,filter_addition_push_up,average,4,2.5,1332.5519561767578,1845.4747200012207,3176.5060424804688,5339.227676391602
