repetition,optimization,scenario,variant_counts,scale_factors,original_pipeline,analysis_result_with_opt_rule,analysis_result_without_opt_rule,analysis_result_without_any_opt
0,projection_push_up,ideal,4,2.5,5598.923683166504,5734.034776687622,21079.757928848267,21259.41562652588
1,projection_push_up,ideal,4,2.5,6016.674518585205,6241.36757850647,23985.86678504944,24203.447341918945
2,projection_push_up,ideal,4,2.5,5675.190448760986,5474.168300628662,21931.171417236328,21996.439695358276
3,projection_push_up,ideal,4,2.5,5756.276845932007,5737.072467803955,23031.665563583374,23068.695783615112
4,projection_push_up,ideal,4,2.5,5199.687242507935,5162.599325180054,20957.582235336304,20998.075485229492
5,projection_push_up,ideal,4,2.5,5985.030174255371,6042.0472621917725,24056.772708892822,24280.118465423584
6,projection_push_up,ideal,4,2.5,5292.214870452881,5285.29691696167,21170.998334884644,21514.735221862793
