repetition,optimization,scenario,variant_counts,scale_factors,original_pipeline,analysis_result_with_opt_rule,analysis_result_without_opt_rule,analysis_result_without_any_opt
0,filter_addition_push_up,ideal,8,1.0,981.5793037414551,999.4833469390869,7464.488983154297,7488.725662231445
1,filter_addition_push_up,ideal,8,1.0,1017.3852443695068,1036.5278720855713,8019.553184509277,8140.240669250488
2,filter_addition_push_up,ideal,8,1.0,981.8465709686279,1007.9421997070312,7301.217555999756,7714.464426040649
3,filter_addition_push_up,ideal,8,1.0,998.6505508422852,1010.4405879974365,7472.645282745361,7939.987897872925
4,filter_addition_push_up,ideal,8,1.0,1089.473009109497,1098.9799499511719,8373.526334762573,8530.845403671265
5,filter_addition_push_up,ideal,8,1.0,756.9856643676758,774.8081684112549,5710.092306137085,6106.340408325195
6,filter_addition_push_up,ideal,8,1.0,869.3535327911377,897.7224826812744,6584.855318069458,6993.64709854126
