repetition,optimization,scenario,variant_counts,scale_factors,original_pipeline,analysis_result_with_opt_rule,analysis_result_without_opt_rule,analysis_result_without_any_opt
0,operator_deletion_filter_push_up,ideal,4,3.5,12610.29028892517,12776.255130767822,48507.30514526367,48973.30904006958
1,operator_deletion_filter_push_up,ideal,4,3.5,12073.7783908844,12830.017805099487,48567.378759384155,48944.38982009888
2,operator_deletion_filter_push_up,ideal,4,3.5,12125.532150268555,12489.309072494507,48859.084606170654,49265.91205596924
3,operator_deletion_filter_push_up,ideal,4,3.5,12135.22744178772,12502.542495727539,49239.30382728577,49226.41158103943
4,operator_deletion_filter_push_up,ideal,4,3.5,12302.451848983765,12704.767942428589,50252.58922576904,49547.009229660034
5,operator_deletion_filter_push_up,ideal,4,3.5,12214.868783950806,12539.50572013855,49429.96883392334,49014.745235443115
6,operator_deletion_filter_push_up,ideal,4,3.5,12102.812051773071,12706.364154815674,49402.17041969299,48988.59000205994
