repetition,optimization,scenario,variant_counts,scale_factors,original_pipeline,analysis_result_with_opt_rule,analysis_result_without_opt_rule,analysis_result_without_any_opt
0,filter_addition_push_up,ideal,4,1.5,2256.2479972839355,2237.017869949341,8655.0772190094,8446.200609207153
1,filter_addition_push_up,ideal,4,1.5,2261.7647647857666,2234.039068222046,8871.350049972534,8848.180532455444
2,filter_addition_push_up,ideal,4,1.5,2146.3894844055176,2317.8257942199707,8233.170986175537,8422.696113586426
3,filter_addition_push_up,ideal,4,1.5,2153.8891792297363,2379.744291305542,8405.502796173096,8601.11379623413
4,filter_addition_push_up,ideal,4,1.5,2195.6491470336914,2365.8275604248047,8557.12342262268,8669.648170471191
5,filter_addition_push_up,ideal,4,1.5,2111.3107204437256,2131.053686141968,8508.639335632324,8415.92526435852
6,filter_addition_push_up,ideal,4,1.5,2106.0447692871094,2339.434862136841,8406.673192977905,8550.45461654663
