repetition,optimization,scenario,variant_counts,scale_factors,original_pipeline,analysis_result_with_opt_rule,analysis_result_without_opt_rule,analysis_result_without_any_opt
0,filter_addition_push_up,worst_w_original,8,1.0,1008.0699920654297,989.4096851348877,1401.6857147216797,1438.2336139678955
1,filter_addition_push_up,worst_w_original,8,1.0,974.5867252349854,972.9437828063965,1475.2647876739502,1520.9367275238037
2,filter_addition_push_up,worst_w_original,8,1.0,970.35813331604,988.0373477935791,1401.2627601623535,1714.087963104248
3,filter_addition_push_up,worst_w_original,8,1.0,949.8450756072998,973.5469818115234,1407.4344635009766,1432.5292110443115
4,filter_addition_push_up,worst_w_original,8,1.0,957.7982425689697,975.2979278564453,1350.7163524627686,1383.716344833374
5,filter_addition_push_up,worst_w_original,8,1.0,957.5841426849365,997.7216720581055,1361.2449169158936,1400.6602764129639
6,filter_addition_push_up,worst_w_original,8,1.0,956.9830894470215,973.7968444824219,1368.7047958374023,1407.9992771148682
