repetition,optimization,scenario,variant_counts,scale_factors,original_pipeline,analysis_result_with_opt_rule,analysis_result_without_opt_rule,analysis_result_without_any_opt
0,filter_addition_push_up,worst_w_original,4,1.5,2331.425666809082,2261.7290019989014,2660.4692935943604,2680.797815322876
1,filter_addition_push_up,worst_w_original,4,1.5,2261.3563537597656,2214.1857147216797,2696.0864067077637,2739.6137714385986
2,filter_addition_push_up,worst_w_original,4,1.5,2254.8420429229736,2265.8228874206543,2772.2229957580566,2576.751708984375
3,filter_addition_push_up,worst_w_original,4,1.5,2211.622714996338,2205.5485248565674,2514.5111083984375,2576.4505863189697
4,filter_addition_push_up,worst_w_original,4,1.5,2194.340467453003,2188.015937805176,2667.654275894165,2769.010066986084
5,filter_addition_push_up,worst_w_original,4,1.5,2240.386724472046,2207.0624828338623,2632.385730743408,2736.1934185028076
6,filter_addition_push_up,worst_w_original,4,1.5,2205.0158977508545,2208.5626125335693,2641.7582035064697,2754.1913986206055
