repetition,optimization,scenario,variant_counts,scale_factors,original_pipeline,analysis_result_with_opt_rule,analysis_result_without_opt_rule,analysis_result_without_any_opt
0,filter_addition_push_up,worst_w_original,4,2.5,6489.233016967773,6433.089733123779,7498.610258102417,7651.051044464111
1,filter_addition_push_up,worst_w_original,4,2.5,6336.881399154663,6318.55583190918,7398.4785079956055,7427.558898925781
2,filter_addition_push_up,worst_w_original,4,2.5,6310.0621700286865,6463.1993770599365,7538.90061378479,7506.187438964844
3,filter_addition_push_up,worst_w_original,4,2.5,6309.5831871032715,6482.102155685425,7601.343631744385,7601.864814758301
4,filter_addition_push_up,worst_w_original,4,2.5,6276.232004165649,6317.816972732544,7404.585599899292,7402.7440547943115
5,filter_addition_push_up,worst_w_original,4,2.5,6368.414878845215,6327.262163162231,7586.933612823486,7788.670301437378
6,filter_addition_push_up,worst_w_original,4,2.5,6381.762266159058,6329.847574234009,7468.186378479004,7572.727918624878
