repetition,optimization,scenario,variant_counts,scale_factors,original_pipeline,analysis_result_with_opt_rule,analysis_result_without_opt_rule,analysis_result_without_any_opt
0,filter_addition_push_up,ideal,6,1.0,1149.153709411621,986.6094589233398,5591.768026351929,5594.235181808472
1,filter_addition_push_up,ideal,6,1.0,1020.2391147613525,1047.1460819244385,6133.180141448975,6158.132553100586
2,filter_addition_push_up,ideal,6,1.0,987.7784252166748,992.9211139678955,5636.195421218872,5742.861747741699
3,filter_addition_push_up,ideal,6,1.0,997.5395202636719,1001.6653537750244,5910.499811172485,5879.019021987915
4,filter_addition_push_up,ideal,6,1.0,1082.6478004455566,1112.682819366455,6324.413061141968,6492.639780044556
5,filter_addition_push_up,ideal,6,1.0,762.7768516540527,780.0991535186768,4499.312400817871,4516.693353652954
6,filter_addition_push_up,ideal,6,1.0,875.3299713134766,885.9748840332031,5034.59358215332,5364.315748214722
