repetition,optimization,scenario,variant_counts,scale_factors,original_pipeline,analysis_result_with_opt_rule,analysis_result_without_opt_rule,analysis_result_without_any_opt
0,filter_addition_push_up,worst_wo_original,4,3.5,12575.475215911865,12474.844455718994,3251.8177032470703,3005.5551528930664
1,filter_addition_push_up,worst_wo_original,4,3.5,12263.7939453125,12358.76488685608,3202.2979259490967,3247.662305831909
2,filter_addition_push_up,worst_wo_original,4,3.5,12252.301216125488,12363.317012786865,2808.8507652282715,3086.956739425659
3,filter_addition_push_up,worst_wo_original,4,3.5,12351.144552230835,12287.914276123047,2860.584497451782,2884.112596511841
4,filter_addition_push_up,worst_wo_original,4,3.5,12493.553876876831,12334.303379058838,2977.84161567688,3274.6169567108154
5,filter_addition_push_up,worst_wo_original,4,3.5,12355.762720108032,12417.47498512268,3248.1648921966553,3299.2935180664062
6,filter_addition_push_up,worst_wo_original,4,3.5,12327.651977539062,12435.210704803467,2883.7897777557373,2897.2721099853516
