repetition,optimization,scenario,variant_counts,scale_factors,original_pipeline,analysis_result_with_opt_rule,analysis_result_without_opt_rule,analysis_result_without_any_opt
0,filter_addition_push_up,ideal,2,1.0,1122.9310035705566,962.2550010681152,1912.4131202697754,1891.1032676696777
1,filter_addition_push_up,ideal,2,1.0,1021.5058326721191,1025.5286693572998,1987.4227046966553,2031.0513973236084
2,filter_addition_push_up,ideal,2,1.0,973.4256267547607,970.3965187072754,1908.3828926086426,1936.1062049865723
3,filter_addition_push_up,ideal,2,1.0,980.3810119628906,984.0102195739746,1950.4764080047607,1986.919641494751
4,filter_addition_push_up,ideal,2,1.0,1075.0255584716797,1081.2768936157227,2287.9137992858887,2170.4182624816895
5,filter_addition_push_up,ideal,2,1.0,749.3088245391846,750.7407665252686,1482.0492267608643,1522.1736431121826
6,filter_addition_push_up,ideal,2,1.0,858.7429523468018,873.4419345855713,1695.9517002105713,1731.9061756134033
