repetition,optimization,scenario,variant_counts,scale_factors,original_pipeline,analysis_result_with_reuse_opt_rule,analysis_result_with_push_up_opt_rule,analysis_result_without_opt_rule,analysis_result_without_any_opt
0,udf_split_and_reuse,worst_constant,4,3.5,1259.5205307006836,2823.9333629608154,2856.5165996551514,3031.717538833618,6073.423385620117
1,udf_split_and_reuse,worst_constant,4,3.5,1252.9292106628418,2768.495559692383,2812.3834133148193,2954.7793865203857,5984.604597091675
2,udf_split_and_reuse,worst_constant,4,3.5,1253.3583641052246,2770.111083984375,2793.33233833313,2986.771583557129,5999.200105667114
3,udf_split_and_reuse,worst_constant,4,3.5,1248.1586933135986,2771.1973190307617,2801.85866355896,2951.394557952881,5987.224102020264
4,udf_split_and_reuse,worst_constant,4,3.5,1240.4820919036865,2777.5166034698486,2803.3483028411865,2996.973991394043,6063.385963439941
5,udf_split_and_reuse,worst_constant,4,3.5,1238.0216121673584,2823.9786624908447,2863.7232780456543,3004.9307346343994,6066.058158874512
6,udf_split_and_reuse,worst_constant,4,3.5,1252.27952003479,2786.7820262908936,2785.9365940093994,2958.911418914795,5949.880123138428
