repetition,optimization,scenario,variant_counts,scale_factors,original_pipeline,analysis_result_with_opt_rule,analysis_result_without_opt_rule,analysis_result_without_any_opt
0,filter_addition_push_up,average,10,1.0,573.1823444366455,1153.9297103881836,2823.1265544891357,5731.435537338257
1,filter_addition_push_up,average,10,1.0,571.2606906890869,1173.783302307129,2862.147569656372,5870.710372924805
2,filter_addition_push_up,average,10,1.0,576.3130187988281,1184.903621673584,2894.7572708129883,5898.604154586792
3,filter_addition_push_up,average,10,1.0,573.7016201019287,1187.9241466522217,2915.980815887451,5885.385274887085
4,filter_addition_push_up,average,10,1.0,574.1457939147949,1174.9424934387207,2899.9650478363037,5824.166059494019
5,filter_addition_push_up,average,10,1.0,567.6076412200928,1177.3180961608887,2898.118019104004,5843.954086303711
6,filter_addition_push_up,average,10,1.0,562.47878074646,1177.7451038360596,2889.293670654297,5814.333915710449
