repetition,optimization,scenario,variant_counts,scale_factors,original_pipeline,analysis_result_with_opt_rule,analysis_result_without_opt_rule,analysis_result_without_any_opt
0,operator_deletion_filter_push_up,average,4,1.0,545.8648204803467,688.9233589172363,1253.3738613128662,2304.6302795410156
1,operator_deletion_filter_push_up,average,4,1.0,552.1566867828369,703.5582065582275,1285.290241241455,2309.436798095703
2,operator_deletion_filter_push_up,average,4,1.0,548.8154888153076,712.9440307617188,1283.6010456085205,2329.399585723877
3,operator_deletion_filter_push_up,average,4,1.0,554.1741847991943,721.8139171600342,1311.352014541626,2344.82479095459
4,operator_deletion_filter_push_up,average,4,1.0,564.0444755554199,710.4477882385254,1298.771619796753,2335.26611328125
5,operator_deletion_filter_push_up,average,4,1.0,548.8948822021484,728.1808853149414,1295.1569557189941,2328.2485008239746
6,operator_deletion_filter_push_up,average,4,1.0,551.8367290496826,714.1811847686768,1291.7416095733643,2325.0694274902344
