repetition,optimization,scenario,variant_counts,scale_factors,original_pipeline,analysis_result_with_opt_rule,analysis_result_without_opt_rule,analysis_result_without_any_opt
0,filter_addition_push_up,worst_wo_original,4,1.5,2363.435745239258,2274.4991779327393,552.5326728820801,576.2362480163574
1,filter_addition_push_up,worst_wo_original,4,1.5,2308.99977684021,2254.4562816619873,615.8344745635986,637.890100479126
2,filter_addition_push_up,worst_wo_original,4,1.5,2273.607015609741,2365.6296730041504,478.00445556640625,499.04394149780273
3,filter_addition_push_up,worst_wo_original,4,1.5,2239.9377822875977,2241.0852909088135,411.3328456878662,430.1629066467285
4,filter_addition_push_up,worst_wo_original,4,1.5,2228.731393814087,2238.2636070251465,647.1762657165527,662.0566844940186
5,filter_addition_push_up,worst_wo_original,4,1.5,2251.2459754943848,2249.790668487549,612.9550933837891,633.4261894226074
6,filter_addition_push_up,worst_wo_original,4,1.5,2237.2241020202637,2251.1279582977295,630.2263736724854,638.8077735900879
