repetition,optimization,scenario,variant_counts,scale_factors,original_pipeline,analysis_result_with_opt_rule,analysis_result_without_opt_rule,analysis_result_without_any_opt
0,operator_deletion_filter_push_up,average,4,3.5,2119.1840171813965,2620.4240322113037,5329.02455329895,8601.28903388977
1,operator_deletion_filter_push_up,average,4,3.5,2101.7613410949707,2619.777202606201,5333.377838134766,8543.51806640625
2,operator_deletion_filter_push_up,average,4,3.5,2098.991870880127,2607.893228530884,5417.307376861572,8581.862449645996
3,operator_deletion_filter_push_up,average,4,3.5,2100.9626388549805,2616.8289184570312,5419.894456863403,8524.367094039917
4,operator_deletion_filter_push_up,average,4,3.5,2091.5451049804688,2603.0807495117188,5363.121747970581,8495.503425598145
5,operator_deletion_filter_push_up,average,4,3.5,2075.4590034484863,2589.7297859191895,5375.856876373291,8554.539442062378
6,operator_deletion_filter_push_up,average,4,3.5,2082.603693008423,2631.673812866211,5395.259380340576,8567.617654800415
