repetition,optimization,scenario,variant_counts,scale_factors,original_pipeline,analysis_result_with_opt_rule,analysis_result_without_opt_rule,analysis_result_without_any_opt
0,filter_addition_push_up,ideal,6,1.0,988.6205196380615,996.5605735778809,5763.073921203613,5612.547874450684
1,filter_addition_push_up,ideal,6,1.0,1019.8462009429932,1040.4994487762451,5946.124315261841,6257.466077804565
2,filter_addition_push_up,ideal,6,1.0,985.2218627929688,994.1985607147217,5607.241153717041,5880.130290985107
3,filter_addition_push_up,ideal,6,1.0,993.3521747589111,1012.0270252227783,5753.837823867798,6025.056838989258
4,filter_addition_push_up,ideal,6,1.0,1084.0022563934326,1098.5822677612305,6231.410980224609,6404.517412185669
5,filter_addition_push_up,ideal,6,1.0,896.2113857269287,782.89794921875,4358.672380447388,4536.4670753479
6,filter_addition_push_up,ideal,6,1.0,870.7449436187744,882.0774555206299,4985.310077667236,5380.695343017578
