repetition,optimization,scenario,variant_counts,scale_factors,original_pipeline,analysis_result_with_reuse_opt_rule,analysis_result_with_push_up_opt_rule,analysis_result_without_opt_rule,analysis_result_without_any_opt
0,udf_split_and_reuse,ideal,4,3.0,30.66539764404297,2796.0214614868164,10372.154712677002,10492.530584335327,10549.201726913452
1,udf_split_and_reuse,ideal,4,3.0,31.41641616821289,2799.5822429656982,10335.480690002441,10422.39785194397,10525.039911270142
2,udf_split_and_reuse,ideal,4,3.0,30.907869338989258,2793.7769889831543,10337.887048721313,10417.826890945435,10482.865571975708
3,udf_split_and_reuse,ideal,4,3.0,29.5870304107666,2770.578145980835,10359.666347503662,10441.871404647827,10496.224641799927
4,udf_split_and_reuse,ideal,4,3.0,30.457258224487305,2762.409210205078,10329.348802566528,10416.911363601685,10437.751770019531
5,udf_split_and_reuse,ideal,4,3.0,30.327320098876953,2785.886526107788,10339.50924873352,10452.596187591553,10483.635187149048
6,udf_split_and_reuse,ideal,4,3.0,30.37881851196289,2786.2727642059326,10318.174123764038,10486.302852630615,10453.784465789795
