repetition,optimization,scenario,variant_counts,scale_factors,original_pipeline,analysis_result_with_opt_rule,analysis_result_without_opt_rule,analysis_result_without_any_opt
0,operator_deletion_filter_push_up,average,6,1.0,565.7517910003662,865.0200366973877,1757.9221725463867,3438.9400482177734
1,operator_deletion_filter_push_up,average,6,1.0,553.3795356750488,870.2213764190674,1787.6315116882324,3461.8587493896484
2,operator_deletion_filter_push_up,average,6,1.0,568.9103603363037,913.1062030792236,1817.025899887085,3466.013193130493
3,operator_deletion_filter_push_up,average,6,1.0,571.5460777282715,897.735595703125,1800.9099960327148,3466.956853866577
4,operator_deletion_filter_push_up,average,6,1.0,573.772668838501,911.9284152984619,1824.4619369506836,3473.594903945923
5,operator_deletion_filter_push_up,average,6,1.0,566.598653793335,893.2294845581055,1823.263168334961,3466.99595451355
6,operator_deletion_filter_push_up,average,6,1.0,571.9823837280273,900.9208679199219,1810.5177879333496,3472.8434085845947
