repetition,optimization,scenario,variant_counts,scale_factors,original_pipeline,analysis_result_with_reuse_opt_rule,analysis_result_with_push_up_opt_rule,analysis_result_without_opt_rule,analysis_result_without_any_opt
0,udf_split_and_reuse,worst_wo_safety,4,2.0,23.691654205322266,1877.7222633361816,403.0320644378662,463.3972644805908,497.73454666137695
1,udf_split_and_reuse,worst_wo_safety,4,2.0,25.15101432800293,1871.1743354797363,405.4877758026123,461.86375617980957,503.0784606933594
2,udf_split_and_reuse,worst_wo_safety,4,2.0,24.448633193969727,1889.3225193023682,406.5549373626709,466.3724899291992,505.847692489624
3,udf_split_and_reuse,worst_wo_safety,4,2.0,24.7957706451416,1874.2027282714844,407.87506103515625,463.0706310272217,505.9082508087158
4,udf_split_and_reuse,worst_wo_safety,4,2.0,24.943113327026367,1871.68550491333,406.2516689300537,692.155122756958,512.1736526489258
5,udf_split_and_reuse,worst_wo_safety,4,2.0,25.060653686523438,1871.9427585601807,405.80105781555176,464.5233154296875,505.99145889282227
6,udf_split_and_reuse,worst_wo_safety,4,2.0,25.114774703979492,1882.8425407409668,406.55016899108887,459.84411239624023,507.9669952392578
