repetition,optimization,scenario,variant_counts,scale_factors,original_pipeline,analysis_result_with_opt_rule,analysis_result_without_opt_rule,analysis_result_without_any_opt
0,operator_deletion_filter_push_up,ideal,4,4.0,16184.50927734375,17416.228771209717,63716.961145401,63228.58643531799
1,operator_deletion_filter_push_up,ideal,4,4.0,15649.20949935913,16337.608098983765,63275.85530281067,63103.00850868225
2,operator_deletion_filter_push_up,ideal,4,4.0,15717.928171157837,16227.731227874756,64019.68860626221,63527.262926101685
3,operator_deletion_filter_push_up,ideal,4,4.0,15733.981370925903,16409.773349761963,63940.30737876892,64368.61610412598
4,operator_deletion_filter_push_up,ideal,4,4.0,15909.725666046143,16447.359323501587,64198.789834976196,64445.39499282837
5,operator_deletion_filter_push_up,ideal,4,4.0,15890.801429748535,16524.956464767456,64590.298652648926,64713.42730522156
6,operator_deletion_filter_push_up,ideal,4,4.0,15731.792449951172,16423.914194107056,64052.07920074463,64563.69209289551
