repetition,optimization,scenario,variant_counts,scale_factors,original_pipeline,analysis_result_with_opt_rule,analysis_result_without_opt_rule,analysis_result_without_any_opt
0,filter_addition_push_up,worst_w_original,6,1.0,1008.9077949523926,1005.6512355804443,1314.37087059021,1335.6175422668457
1,filter_addition_push_up,worst_w_original,6,1.0,1002.190351486206,1008.0986022949219,1351.701259613037,1364.7410869598389
2,filter_addition_push_up,worst_w_original,6,1.0,987.2806072235107,1121.016263961792,1285.5794429779053,1337.9921913146973
3,filter_addition_push_up,worst_w_original,6,1.0,974.9941825866699,990.8792972564697,1286.5049839019775,1348.9398956298828
4,filter_addition_push_up,worst_w_original,6,1.0,975.6498336791992,1000.2655982971191,1251.0888576507568,1288.3195877075195
5,filter_addition_push_up,worst_w_original,6,1.0,974.095344543457,996.84739112854,1259.8724365234375,1285.2537631988525
6,filter_addition_push_up,worst_w_original,6,1.0,975.628137588501,988.908052444458,1271.5277671813965,1302.7880191802979
