repetition,optimization,scenario,variant_counts,scale_factors,original_pipeline,analysis_result_with_opt_rule,analysis_result_without_opt_rule,analysis_result_without_any_opt
0,filter_addition_push_up,worst_w_original,2,1.0,1026.2742042541504,1000.9603500366211,1060.9028339385986,1051.16868019104
1,filter_addition_push_up,worst_w_original,2,1.0,984.9870204925537,1156.388759613037,1044.6484088897705,1042.5095558166504
2,filter_addition_push_up,worst_w_original,2,1.0,973.2882976531982,976.7673015594482,1026.1256694793701,1044.8894500732422
3,filter_addition_push_up,worst_w_original,2,1.0,970.9560871124268,975.0289916992188,1035.2659225463867,1038.926362991333
4,filter_addition_push_up,worst_w_original,2,1.0,970.6461429595947,965.7821655273438,1023.8261222839355,1031.6457748413086
5,filter_addition_push_up,worst_w_original,2,1.0,973.3290672302246,973.7429618835449,1019.2053318023682,1030.0734043121338
6,filter_addition_push_up,worst_w_original,2,1.0,966.0871028900146,963.2015228271484,1032.4516296386719,1029.4229984283447
