repetition,optimization,scenario,variant_counts,scale_factors,original_pipeline,analysis_result_with_opt_rule,analysis_result_without_opt_rule,analysis_result_without_any_opt
0,filter_addition_push_up,worst_wo_original,10,1.0,1032.820463180542,992.7446842193604,641.8616771697998,900.0437259674072
1,filter_addition_push_up,worst_wo_original,10,1.0,956.8052291870117,992.39182472229,718.8966274261475,761.4307403564453
2,filter_addition_push_up,worst_wo_original,10,1.0,952.0900249481201,985.9251976013184,614.1517162322998,665.1942729949951
3,filter_addition_push_up,worst_wo_original,10,1.0,963.5045528411865,978.046178817749,631.0789585113525,678.8814067840576
4,filter_addition_push_up,worst_wo_original,10,1.0,961.817741394043,991.3229942321777,557.4724674224854,603.7309169769287
5,filter_addition_push_up,worst_wo_original,10,1.0,958.6730003356934,986.9418144226074,572.1786022186279,621.7143535614014
6,filter_addition_push_up,worst_wo_original,10,1.0,965.6345844268799,1003.5979747772217,601.9093990325928,652.6083946228027
