repetition,optimization,scenario,variant_counts,scale_factors,original_pipeline,analysis_result_with_opt_rule,analysis_result_without_opt_rule,analysis_result_without_any_opt
0,projection_push_up,ideal,4,2.0,3603.822946548462,3712.5771045684814,13489.690065383911,13962.985754013062
1,projection_push_up,ideal,4,2.0,3814.786434173584,3859.0171337127686,15292.310237884521,15241.953134536743
2,projection_push_up,ideal,4,2.0,3479.236364364624,3536.468744277954,14035.88056564331,14219.657182693481
3,projection_push_up,ideal,4,2.0,3625.293970108032,3613.095283508301,14651.807308197021,14785.901308059692
4,projection_push_up,ideal,4,2.0,3598.2296466827393,3605.4787635803223,14558.250427246094,14518.94211769104
5,projection_push_up,ideal,4,2.0,3813.943862915039,3826.245069503784,15396.703720092773,15637.213945388794
6,projection_push_up,ideal,4,2.0,3663.6643409729004,3670.518636703491,14841.227769851685,14731.163024902344
