repetition,optimization,scenario,variant_counts,scale_factors,original_pipeline,analysis_result_with_opt_rule,analysis_result_without_opt_rule,analysis_result_without_any_opt
0,filter_addition_push_up,worst_wo_original,4,1.5,2305.288076400757,2206.569194793701,544.2695617675781,567.105770111084
1,filter_addition_push_up,worst_wo_original,4,1.5,2253.171443939209,2228.386402130127,609.9696159362793,629.6656131744385
2,filter_addition_push_up,worst_wo_original,4,1.5,2203.1311988830566,2209.601640701294,476.8097400665283,494.51422691345215
3,filter_addition_push_up,worst_wo_original,4,1.5,2220.8938598632812,2401.019334793091,413.348913192749,429.5001029968262
4,filter_addition_push_up,worst_wo_original,4,1.5,2205.355644226074,2211.3146781921387,639.6048069000244,668.0600643157959
5,filter_addition_push_up,worst_wo_original,4,1.5,2208.604097366333,2215.0027751922607,602.8759479522705,625.6024837493896
6,filter_addition_push_up,worst_wo_original,4,1.5,2208.251953125,2214.0049934387207,612.2539043426514,630.4745674133301
