repetition,optimization,scenario,variant_counts,scale_factors,original_pipeline,analysis_result_with_opt_rule,analysis_result_without_opt_rule,analysis_result_without_any_opt
0,filter_addition_push_up,worst_w_original,2,1.0,1020.7712650299072,989.2446994781494,1061.9609355926514,1058.7728023529053
1,filter_addition_push_up,worst_w_original,2,1.0,985.1441383361816,995.1519966125488,1064.9316310882568,1062.7822875976562
2,filter_addition_push_up,worst_w_original,2,1.0,989.9933338165283,991.316556930542,1051.5804290771484,1050.8735179901123
3,filter_addition_push_up,worst_w_original,2,1.0,989.8879528045654,998.1141090393066,1055.8180809020996,1063.7750625610352
4,filter_addition_push_up,worst_w_original,2,1.0,992.1472072601318,993.0455684661865,1295.2344417572021,1030.0772190093994
5,filter_addition_push_up,worst_w_original,2,1.0,971.7590808868408,977.4503707885742,1030.9035778045654,1036.5791320800781
6,filter_addition_push_up,worst_w_original,2,1.0,975.7223129272461,980.7140827178955,1031.250238418579,1065.7448768615723
