repetition,optimization,scenario,variant_counts,scale_factors,original_pipeline,analysis_result_with_opt_rule,analysis_result_without_opt_rule,analysis_result_without_any_opt
0,operator_deletion_filter_push_up,average,10,1.0,593.256950378418,1405.5712223052979,3049.004316329956,6205.060005187988
1,operator_deletion_filter_push_up,average,10,1.0,592.890739440918,1453.4990787506104,3120.208740234375,6206.8030834198
2,operator_deletion_filter_push_up,average,10,1.0,594.135046005249,1474.435567855835,3118.3106899261475,6202.07405090332
3,operator_deletion_filter_push_up,average,10,1.0,601.4082431793213,1448.8046169281006,3088.4838104248047,6243.203163146973
4,operator_deletion_filter_push_up,average,10,1.0,601.1390686035156,1480.6163311004639,3108.347177505493,6218.75786781311
5,operator_deletion_filter_push_up,average,10,1.0,598.7358093261719,1466.008186340332,3078.977346420288,6241.04642868042
6,operator_deletion_filter_push_up,average,10,1.0,597.8293418884277,1486.8605136871338,3098.5641479492188,6227.813482284546
