repetition,optimization,scenario,variant_counts,scale_factors,original_pipeline,analysis_result_with_opt_rule,analysis_result_without_opt_rule,analysis_result_without_any_opt
0,projection_push_up,ideal,8,1.0,951.6656398773193,1145.3723907470703,7105.670213699341,7227.956056594849
1,projection_push_up,ideal,8,1.0,995.3370094299316,1025.9523391723633,7850.021839141846,7938.292741775513
2,projection_push_up,ideal,8,1.0,949.0418434143066,974.6763706207275,7401.151657104492,7687.13903427124
3,projection_push_up,ideal,8,1.0,952.7120590209961,992.8128719329834,7509.660959243774,7565.226793289185
4,projection_push_up,ideal,8,1.0,1160.5074405670166,1019.5634365081787,7928.6558628082275,8036.646366119385
5,projection_push_up,ideal,8,1.0,735.4421615600586,777.195930480957,6004.411935806274,6094.547510147095
6,projection_push_up,ideal,8,1.0,858.3438396453857,883.9876651763916,6664.707660675049,6989.627361297607
