repetition,optimization,scenario,variant_counts,scale_factors,original_pipeline,analysis_result_with_opt_rule,analysis_result_without_opt_rule,analysis_result_without_any_opt
0,filter_addition_push_up,ideal,4,3.0,8095.489263534546,7758.090972900391,30183.415412902832,30534.20877456665
1,filter_addition_push_up,ideal,4,3.0,8526.56888961792,8564.338684082031,34455.47342300415,34576.53474807739
2,filter_addition_push_up,ideal,4,3.0,8807.94358253479,9115.691900253296,35356.79483413696,35392.55213737488
3,filter_addition_push_up,ideal,4,3.0,7981.094837188721,8118.348836898804,31757.051467895508,32345.369815826416
4,filter_addition_push_up,ideal,4,3.0,8074.7621059417725,8098.328590393066,32439.23807144165,32927.33120918274
5,filter_addition_push_up,ideal,4,3.0,8345.830202102661,8262.033224105835,33160.60566902161,33497.98655509949
6,filter_addition_push_up,ideal,4,3.0,8315.382957458496,7982.18560218811,31867.68674850464,32247.314453125
