repetition,optimization,scenario,variant_counts,scale_factors,original_pipeline,analysis_result_with_opt_rule,analysis_result_without_opt_rule,analysis_result_without_any_opt
0,projection_push_up,average,2,1.0,541.750431060791,619.513988494873,936.7618560791016,1249.2105960845947
1,projection_push_up,average,2,1.0,541.8882369995117,622.9538917541504,939.8367404937744,1247.0550537109375
2,projection_push_up,average,2,1.0,539.4725799560547,628.4840106964111,940.1352405548096,1252.096176147461
3,projection_push_up,average,2,1.0,541.7861938476562,627.0785331726074,941.5037631988525,1255.568265914917
4,projection_push_up,average,2,1.0,546.9880104064941,626.3773441314697,957.3345184326172,1253.3717155456543
5,projection_push_up,average,2,1.0,547.1506118774414,626.685619354248,947.32666015625,1263.9636993408203
6,projection_push_up,average,2,1.0,547.6284027099609,627.7248859405518,947.9250907897949,1261.0485553741455
