repetition,optimization,scenario,variant_counts,scale_factors,original_pipeline,analysis_result_with_opt_rule,analysis_result_without_opt_rule,analysis_result_without_any_opt
0,projection_push_up,ideal,4,3.5,11361.592292785645,10886.773824691772,42824.80335235596,43314.78810310364
1,projection_push_up,ideal,4,3.5,11153.72085571289,11124.837875366211,44847.53441810608,45085.89482307434
2,projection_push_up,ideal,4,3.5,10986.45043373108,10950.230121612549,43374.81927871704,43989.90321159363
3,projection_push_up,ideal,4,3.5,10870.126008987427,10960.254192352295,43718.49489212036,43849.900245666504
4,projection_push_up,ideal,4,3.5,10950.269937515259,10765.63549041748,43278.03134918213,43590.177059173584
5,projection_push_up,ideal,4,3.5,10717.588901519775,10691.045761108398,43016.90721511841,43268.77784729004
6,projection_push_up,ideal,4,3.5,10552.541971206665,10806.344270706177,42079.51211929321,42615.44728279114
