repetition,optimization,scenario,variant_counts,scale_factors,original_pipeline,analysis_result_with_reuse_opt_rule,analysis_result_with_push_up_opt_rule,analysis_result_without_opt_rule,analysis_result_without_any_opt
0,udf_split_and_reuse,worst_constant,4,4.0,1419.229507446289,3231.858015060425,3270.8866596221924,3488.752841949463,6910.157203674316
1,udf_split_and_reuse,worst_constant,4,4.0,1406.7597389221191,3166.254997253418,3210.095167160034,3417.992353439331,6842.010498046875
2,udf_split_and_reuse,worst_constant,4,4.0,1422.3766326904297,3184.5970153808594,3213.9952182769775,3422.089099884033,6832.7484130859375
3,udf_split_and_reuse,worst_constant,4,4.0,1409.4200134277344,3195.7786083221436,3246.152877807617,3414.4623279571533,6825.677871704102
4,udf_split_and_reuse,worst_constant,4,4.0,1402.453899383545,3159.0402126312256,3198.6942291259766,3369.3385124206543,6800.728321075439
5,udf_split_and_reuse,worst_constant,4,4.0,1410.1676940917969,3125.628709793091,3161.6604328155518,3357.4743270874023,6767.029523849487
6,udf_split_and_reuse,worst_constant,4,4.0,1404.8271179199219,3172.398328781128,3209.657907485962,3383.899211883545,6810.421466827393
