repetition,optimization,scenario,variant_counts,scale_factors,original_pipeline,analysis_result_with_reuse_opt_rule,analysis_result_with_push_up_opt_rule,analysis_result_without_opt_rule,analysis_result_without_any_opt
0,udf_split_and_reuse,worst_constant,4,1.0,354.64930534362793,731.1570644378662,735.8899116516113,779.6230316162109,1652.742862701416
1,udf_split_and_reuse,worst_constant,4,1.0,350.1272201538086,729.1519641876221,728.0571460723877,773.3650207519531,1649.4708061218262
2,udf_split_and_reuse,worst_constant,4,1.0,354.94351387023926,728.0151844024658,729.3393611907959,776.6594886779785,1638.392686843872
3,udf_split_and_reuse,worst_constant,4,1.0,352.23960876464844,716.8850898742676,719.6235656738281,766.8228149414062,1631.5083503723145
4,udf_split_and_reuse,worst_constant,4,1.0,351.1219024658203,716.3131237030029,723.1783866882324,764.5609378814697,1636.599063873291
5,udf_split_and_reuse,worst_constant,4,1.0,353.11388969421387,715.8172130584717,721.8308448791504,774.0497589111328,1642.6351070404053
6,udf_split_and_reuse,worst_constant,4,1.0,351.9883155822754,720.9644317626953,724.7610092163086,765.4924392700195,1638.986587524414
