repetition,optimization,scenario,variant_counts,scale_factors,original_pipeline,analysis_result_with_opt_rule,analysis_result_without_opt_rule,analysis_result_without_any_opt
0,filter_addition_push_up,worst_wo_original,4,3.5,12788.588523864746,13040.761470794678,3002.1753311157227,3054.929494857788
1,filter_addition_push_up,worst_wo_original,4,3.5,12579.279899597168,12681.124925613403,3285.461664199829,3309.396505355835
2,filter_addition_push_up,worst_wo_original,4,3.5,12679.227590560913,12553.999185562134,3086.8799686431885,2891.8473720550537
3,filter_addition_push_up,worst_wo_original,4,3.5,12560.755491256714,12608.075857162476,2931.6647052764893,2951.7924785614014
4,filter_addition_push_up,worst_wo_original,4,3.5,12606.473922729492,12611.806869506836,3249.3293285369873,3055.675983428955
5,filter_addition_push_up,worst_wo_original,4,3.5,12622.64895439148,12695.770025253296,3320.3582763671875,3321.9542503356934
6,filter_addition_push_up,worst_wo_original,4,3.5,12599.513292312622,12629.741907119751,2885.1025104522705,2914.3471717834473
