repetition,optimization,scenario,variant_counts,scale_factors,original_pipeline,analysis_result_with_opt_rule,analysis_result_without_opt_rule,analysis_result_without_any_opt
0,filter_addition_push_up,worst_wo_original,2,1.0,1018.7020301818848,994.7705268859863,133.26692581176758,139.2993927001953
1,filter_addition_push_up,worst_wo_original,2,1.0,991.8873310089111,994.4629669189453,149.91426467895508,155.8079719543457
2,filter_addition_push_up,worst_wo_original,2,1.0,987.6275062561035,984.7798347473145,130.40995597839355,136.5499496459961
3,filter_addition_push_up,worst_wo_original,2,1.0,988.9853000640869,979.8612594604492,133.79716873168945,138.3035182952881
4,filter_addition_push_up,worst_wo_original,2,1.0,988.5878562927246,987.2357845306396,117.89655685424805,123.36015701293945
5,filter_addition_push_up,worst_wo_original,2,1.0,1122.196912765503,981.8391799926758,119.46582794189453,124.96137619018555
6,filter_addition_push_up,worst_wo_original,2,1.0,983.8416576385498,983.7169647216797,124.8176097869873,131.52384757995605
