repetition,optimization,scenario,variant_counts,scale_factors,original_pipeline,analysis_result_with_opt_rule,analysis_result_without_opt_rule,analysis_result_without_any_opt
0,operator_deletion_filter_push_up,average,4,2.5,1370.9752559661865,1734.325647354126,3262.472629547119,5539.021253585815
1,operator_deletion_filter_push_up,average,4,2.5,1362.7417087554932,1744.6277141571045,3297.5592613220215,5533.623695373535
2,operator_deletion_filter_push_up,average,4,2.5,1391.2270069122314,1766.1619186401367,3330.692768096924,5550.286293029785
3,operator_deletion_filter_push_up,average,4,2.5,1360.0027561187744,1779.191493988037,3301.9790649414062,5537.053346633911
4,operator_deletion_filter_push_up,average,4,2.5,1373.8288879394531,1771.9652652740479,3326.563596725464,5574.873924255371
5,operator_deletion_filter_push_up,average,4,2.5,1405.120611190796,1766.4155960083008,3361.067771911621,5570.1141357421875
6,operator_deletion_filter_push_up,average,4,2.5,1366.0860061645508,1757.3912143707275,3342.0865535736084,5549.993276596069
