repetition,optimization,scenario,variant_counts,scale_factors,original_pipeline,analysis_result_with_opt_rule,analysis_result_without_opt_rule,analysis_result_without_any_opt
0,filter_addition_push_up,ideal,8,1.0,970.2231884002686,999.0589618682861,7370.269536972046,7285.665035247803
1,filter_addition_push_up,ideal,8,1.0,1004.7173500061035,1017.1353816986084,7759.583950042725,8129.8205852508545
2,filter_addition_push_up,ideal,8,1.0,967.7464962005615,984.0555191040039,7205.715894699097,7446.280479431152
3,filter_addition_push_up,ideal,8,1.0,979.2988300323486,991.8959140777588,7497.251033782959,7614.686727523804
4,filter_addition_push_up,ideal,8,1.0,1065.8009052276611,1096.3447093963623,8383.074522018433,8448.231220245361
5,filter_addition_push_up,ideal,8,1.0,755.2616596221924,765.8824920654297,5781.834840774536,5882.822751998901
6,filter_addition_push_up,ideal,8,1.0,860.0466251373291,869.011402130127,6531.768083572388,6938.788652420044
