repetition,optimization,scenario,variant_counts,scale_factors,original_pipeline,analysis_result_with_opt_rule,analysis_result_without_opt_rule,analysis_result_without_any_opt
0,projection_push_up,average,4,3.5,2070.1522827148438,2641.6399478912354,6108.889818191528,9454.137325286865
1,projection_push_up,average,4,3.5,2061.5763664245605,2695.476531982422,6112.862586975098,9402.4817943573
2,projection_push_up,average,4,3.5,2048.499345779419,2633.0490112304688,6093.742847442627,9316.630840301514
3,projection_push_up,average,4,3.5,2053.4093379974365,2643.9788341522217,6087.505340576172,9330.676794052124
4,projection_push_up,average,4,3.5,2058.76088142395,2650.6826877593994,6128.120899200439,9432.613134384155
5,projection_push_up,average,4,3.5,2055.987596511841,2635.7266902923584,6093.717813491821,9380.743026733398
6,projection_push_up,average,4,3.5,2039.1933917999268,2637.6211643218994,6122.488737106323,9364.121437072754
