repetition,optimization,scenario,variant_counts,scale_factors,original_pipeline,analysis_result_with_reuse_opt_rule,analysis_result_with_push_up_opt_rule,analysis_result_without_opt_rule,analysis_result_without_any_opt
0,udf_split_and_reuse,ideal,4,3.0,29.016733169555664,2799.6068000793457,10562.968492507935,10633.307456970215,10693.44425201416
1,udf_split_and_reuse,ideal,4,3.0,27.9080867767334,2786.4482402801514,10341.425657272339,10555.937767028809,10607.088804244995
2,udf_split_and_reuse,ideal,4,3.0,28.504371643066406,2787.126302719116,10520.179510116577,10629.750967025757,10604.033470153809
3,udf_split_and_reuse,ideal,4,3.0,28.959274291992188,2791.137218475342,10398.374080657959,10561.171293258667,10660.294771194458
4,udf_split_and_reuse,ideal,4,3.0,28.851032257080078,2787.2395515441895,10418.997526168823,10588.000535964966,10584.792137145996
5,udf_split_and_reuse,ideal,4,3.0,28.88011932373047,2752.6068687438965,10465.749025344849,10561.832189559937,10621.471881866455
6,udf_split_and_reuse,ideal,4,3.0,28.518199920654297,2866.198778152466,10420.78709602356,10513.06128501892,10549.226760864258
