repetition,optimization,scenario,variant_counts,scale_factors,original_pipeline,analysis_result_with_opt_rule,analysis_result_without_opt_rule,analysis_result_without_any_opt
0,projection_push_up,worst,4,1.0,504.64630126953125,1965.1544094085693,1971.637487411499,2031.1379432678223
1,projection_push_up,worst,4,1.0,505.18035888671875,1980.3752899169922,2018.3236598968506,2078.0861377716064
2,projection_push_up,worst,4,1.0,519.0353393554688,2010.7524394989014,2027.2362232208252,2090.961456298828
3,projection_push_up,worst,4,1.0,493.10994148254395,1981.208324432373,1963.6421203613281,2030.8456420898438
4,projection_push_up,worst,4,1.0,492.39110946655273,1940.3932094573975,1961.7702960968018,2030.3542613983154
5,projection_push_up,worst,4,1.0,497.4191188812256,1942.6171779632568,1961.5814685821533,2031.8946838378906
6,projection_push_up,worst,4,1.0,491.03522300720215,1943.847894668579,1962.3019695281982,2022.5675106048584
