repetition,optimization,scenario,variant_counts,scale_factors,original_pipeline,analysis_result_with_opt_rule,analysis_result_without_opt_rule,analysis_result_without_any_opt
0,operator_deletion_filter_push_up,average,4,1.0,555.8507442474365,698.4744071960449,1262.1259689331055,2204.4596672058105
1,operator_deletion_filter_push_up,average,4,1.0,541.3656234741211,696.9678401947021,1284.012794494629,2207.8158855438232
2,operator_deletion_filter_push_up,average,4,1.0,539.1840934753418,713.1783962249756,1318.6018466949463,2251.5933513641357
3,operator_deletion_filter_push_up,average,4,1.0,570.8110332489014,753.880500793457,1402.7516841888428,2285.648822784424
4,operator_deletion_filter_push_up,average,4,1.0,560.1751804351807,725.2516746520996,1321.5813636779785,2242.0496940612793
5,operator_deletion_filter_push_up,average,4,1.0,565.7167434692383,732.3861122131348,1354.8285961151123,2237.506151199341
6,operator_deletion_filter_push_up,average,4,1.0,548.7997531890869,733.7801456451416,1347.4290370941162,2260.132312774658
