repetition,optimization,scenario,variant_counts,scale_factors,original_pipeline,analysis_result_with_reuse_opt_rule,analysis_result_with_push_up_opt_rule,analysis_result_without_opt_rule,analysis_result_without_any_opt
0,udf_split_and_reuse,worst_wo_safety,4,1.0,15.009403228759766,952.7928829193115,210.19411087036133,243.85714530944824,264.71924781799316
1,udf_split_and_reuse,worst_wo_safety,4,1.0,14.525413513183594,957.9610824584961,210.65330505371094,244.42815780639648,269.9017524719238
2,udf_split_and_reuse,worst_wo_safety,4,1.0,14.751672744750977,966.4857387542725,217.1933650970459,247.78461456298828,270.24173736572266
3,udf_split_and_reuse,worst_wo_safety,4,1.0,14.602899551391602,986.9465827941895,214.0514850616455,247.75123596191406,270.1847553253174
4,udf_split_and_reuse,worst_wo_safety,4,1.0,14.443635940551758,972.9557037353516,217.82946586608887,249.98974800109863,271.0568904876709
5,udf_split_and_reuse,worst_wo_safety,4,1.0,14.414310455322266,962.7187252044678,216.84980392456055,251.0221004486084,272.40872383117676
6,udf_split_and_reuse,worst_wo_safety,4,1.0,14.551162719726562,954.7667503356934,213.20867538452148,249.9387264251709,278.0182361602783
