repetition,optimization,scenario,variant_counts,scale_factors,original_pipeline,analysis_result_with_opt_rule,analysis_result_without_opt_rule,analysis_result_without_any_opt
0,filter_addition_push_up,average,4,2.0,1131.6306591033936,1518.3842182159424,2783.874988555908,4533.08892250061
1,filter_addition_push_up,average,4,2.0,1119.985580444336,1504.3976306915283,2797.2142696380615,4524.489641189575
2,filter_addition_push_up,average,4,2.0,1139.2822265625,1526.3581275939941,2802.4654388427734,4536.403179168701
3,filter_addition_push_up,average,4,2.0,1137.3796463012695,1529.165506362915,2773.256540298462,4483.474493026733
4,filter_addition_push_up,average,4,2.0,1120.2499866485596,1514.2338275909424,2786.8778705596924,4522.955417633057
5,filter_addition_push_up,average,4,2.0,1132.411241531372,1510.4496479034424,2781.130075454712,4707.838535308838
6,filter_addition_push_up,average,4,2.0,1131.5467357635498,1512.3627185821533,2791.318655014038,4527.682304382324
