repetition,optimization,scenario,variant_counts,scale_factors,original_pipeline,analysis_result_with_opt_rule,analysis_result_without_opt_rule,analysis_result_without_any_opt
0,projection_push_up,ideal,10,1.0,949.3124485015869,976.3696193695068,9158.946990966797,9123.583555221558
1,projection_push_up,ideal,10,1.0,989.9642467498779,1029.5047760009766,9856.324911117554,10014.021873474121
2,projection_push_up,ideal,10,1.0,951.4284133911133,978.4896373748779,9222.755432128906,9745.656251907349
3,projection_push_up,ideal,10,1.0,963.158369064331,991.7397499084473,9424.941539764404,9814.72373008728
4,projection_push_up,ideal,10,1.0,1012.4404430389404,1054.3010234832764,9782.505750656128,10448.153257369995
5,projection_push_up,ideal,10,1.0,738.8110160827637,793.1554317474365,7303.3857345581055,7745.2874183654785
6,projection_push_up,ideal,10,1.0,859.3647480010986,889.6443843841553,8658.350706100464,8649.17778968811
