repetition,optimization,scenario,variant_counts,scale_factors,original_pipeline,analysis_result_with_opt_rule,analysis_result_without_opt_rule,analysis_result_without_any_opt
0,filter_addition_push_up,ideal,4,1.0,974.825382232666,976.3765335083008,3918.8311100006104,3737.950086593628
1,filter_addition_push_up,ideal,4,1.0,1022.5992202758789,1027.2691249847412,4053.7991523742676,4213.94419670105
2,filter_addition_push_up,ideal,4,1.0,971.8201160430908,986.0188961029053,3869.8558807373047,3860.65411567688
3,filter_addition_push_up,ideal,4,1.0,999.4027614593506,1000.953197479248,3903.7671089172363,3958.0323696136475
4,filter_addition_push_up,ideal,4,1.0,1084.2175483703613,1240.7081127166748,4276.428937911987,4355.718612670898
5,filter_addition_push_up,ideal,4,1.0,770.5833911895752,775.6507396697998,2953.428268432617,3040.9576892852783
6,filter_addition_push_up,ideal,4,1.0,879.8656463623047,877.2885799407959,3545.788049697876,3496.151924133301
