repetition,optimization,scenario,variant_counts,scale_factors,original_pipeline,analysis_result_with_opt_rule,analysis_result_without_opt_rule,analysis_result_without_any_opt
0,operator_deletion_filter_push_up,ideal,10,1.0,942.8486824035645,1077.84104347229,9033.486366271973,9172.038078308105
1,operator_deletion_filter_push_up,ideal,10,1.0,898.0467319488525,1058.6717128753662,8925.662755966187,9351.058721542358
2,operator_deletion_filter_push_up,ideal,10,1.0,924.0953922271729,1059.546947479248,9236.051082611084,9351.93657875061
3,operator_deletion_filter_push_up,ideal,10,1.0,927.7756214141846,1072.6807117462158,9236.91201210022,9543.998718261719
4,operator_deletion_filter_push_up,ideal,10,1.0,905.4734706878662,1082.8509330749512,9116.236925125122,9248.484373092651
5,operator_deletion_filter_push_up,ideal,10,1.0,897.8700637817383,1069.4668292999268,9255.596399307251,9118.379592895508
6,operator_deletion_filter_push_up,ideal,10,1.0,927.7322292327881,1076.8413543701172,9246.277570724487,9368.739366531372
