repetition,optimization,scenario,variant_counts,scale_factors,original_pipeline,analysis_result_with_reuse_opt_rule,analysis_result_with_push_up_opt_rule,analysis_result_without_opt_rule,analysis_result_without_any_opt
0,udf_split_and_reuse,worst_wo_safety,4,1.5,19.628286361694336,1424.8788356781006,307.6364994049072,350.81958770751953,385.4038715362549
1,udf_split_and_reuse,worst_wo_safety,4,1.5,20.145654678344727,1409.8260402679443,308.7315559387207,351.8662452697754,385.52379608154297
2,udf_split_and_reuse,worst_wo_safety,4,1.5,18.578529357910156,1409.6758365631104,307.5680732727051,354.5374870300293,383.1956386566162
3,udf_split_and_reuse,worst_wo_safety,4,1.5,19.38343048095703,1418.6997413635254,309.60655212402344,350.87084770202637,381.805419921875
4,udf_split_and_reuse,worst_wo_safety,4,1.5,18.7528133392334,1416.7015552520752,307.93213844299316,350.9693145751953,383.6190700531006
5,udf_split_and_reuse,worst_wo_safety,4,1.5,18.564462661743164,1419.0576076507568,306.92291259765625,352.8635501861572,383.82720947265625
6,udf_split_and_reuse,worst_wo_safety,4,1.5,19.894838333129883,1410.2470874786377,309.56339836120605,353.8343906402588,382.34782218933105
