repetition,optimization,scenario,variant_counts,scale_factors,original_pipeline,analysis_result_with_opt_rule,analysis_result_without_opt_rule,analysis_result_without_any_opt
0,operator_deletion_filter_push_up,ideal,2,1.0,1026.5581607818604,1001.3351440429688,1946.1843967437744,2131.1492919921875
1,operator_deletion_filter_push_up,ideal,2,1.0,965.876579284668,977.086067199707,1928.349494934082,1924.8218536376953
2,operator_deletion_filter_push_up,ideal,2,1.0,956.8870067596436,955.031156539917,1907.503366470337,1949.0349292755127
3,operator_deletion_filter_push_up,ideal,2,1.0,961.7295265197754,979.5496463775635,1918.3037281036377,1935.6627464294434
4,operator_deletion_filter_push_up,ideal,2,1.0,958.197832107544,989.4964694976807,1917.7310466766357,1940.758466720581
5,operator_deletion_filter_push_up,ideal,2,1.0,964.1156196594238,997.7333545684814,1956.6984176635742,1951.8158435821533
6,operator_deletion_filter_push_up,ideal,2,1.0,965.4595851898193,991.1675453186035,1940.7334327697754,1951.8601894378662
