repetition,optimization,scenario,variant_counts,scale_factors,original_pipeline,analysis_result_with_opt_rule,analysis_result_without_opt_rule,analysis_result_without_any_opt
0,operator_deletion_filter_push_up,ideal,4,4.0,15849.324703216553,16094.7265625,61600.21615028381,61851.14097595215
1,operator_deletion_filter_push_up,ideal,4,4.0,15357.941627502441,15955.891847610474,62147.74775505066,62453.42826843262
2,operator_deletion_filter_push_up,ideal,4,4.0,15379.666328430176,15996.53172492981,62801.87773704529,62125.55027008057
3,operator_deletion_filter_push_up,ideal,4,4.0,15428.368330001831,16152.650117874146,61901.49235725403,62174.67451095581
4,operator_deletion_filter_push_up,ideal,4,4.0,15512.330055236816,16212.9065990448,63214.61868286133,62375.0638961792
5,operator_deletion_filter_push_up,ideal,4,4.0,15526.115894317627,16247.895956039429,63502.82859802246,63055.81307411194
6,operator_deletion_filter_push_up,ideal,4,4.0,15763.751983642578,16225.477457046509,63689.42952156067,63422.70636558533
