repetition,optimization,scenario,variant_counts,scale_factors,original_pipeline,analysis_result_with_opt_rule,analysis_result_without_opt_rule,analysis_result_without_any_opt
0,projection_push_up,worst,4,4.0,1830.970287322998,7253.597259521484,7437.858104705811,7870.187044143677
1,projection_push_up,worst,4,4.0,1922.4929809570312,8522.66550064087,8049.364805221558,8248.725175857544
2,projection_push_up,worst,4,4.0,1954.5657634735107,8128.301382064819,7538.111209869385,8090.53111076355
3,projection_push_up,worst,4,4.0,1982.8112125396729,7405.92622756958,7916.947603225708,8490.79179763794
4,projection_push_up,worst,4,4.0,2039.4158363342285,7758.718967437744,8293.020725250244,7978.286504745483
5,projection_push_up,worst,4,4.0,2018.1715488433838,7814.159870147705,7966.901063919067,8084.418296813965
6,projection_push_up,worst,4,4.0,1979.2542457580566,7929.9280643463135,7754.701852798462,8461.537599563599
