repetition,optimization,scenario,variant_counts,scale_factors,original_pipeline,analysis_result_with_opt_rule,analysis_result_without_opt_rule,analysis_result_without_any_opt
0,projection_push_up,worst,6,1.0,509.0014934539795,2927.030563354492,2980.231523513794,3088.0467891693115
1,projection_push_up,worst,6,1.0,503.5395622253418,2943.36199760437,2958.0698013305664,3078.3939361572266
2,projection_push_up,worst,6,1.0,513.5846138000488,2984.412908554077,3008.5859298706055,3126.7359256744385
3,projection_push_up,worst,6,1.0,497.79534339904785,2988.4655475616455,3017.0767307281494,3104.522466659546
4,projection_push_up,worst,6,1.0,498.4297752380371,2977.057933807373,2999.7358322143555,3099.6856689453125
5,projection_push_up,worst,6,1.0,501.3296604156494,2916.527271270752,2970.972776412964,3099.0777015686035
6,projection_push_up,worst,6,1.0,499.1025924682617,2982.5074672698975,2986.241102218628,3074.120044708252
