repetition,optimization,scenario,variant_counts,scale_factors,original_pipeline,analysis_result_with_opt_rule,analysis_result_without_opt_rule,analysis_result_without_any_opt
0,filter_addition_push_up,average,4,1.0,572.9668140411377,762.8278732299805,1339.160680770874,2222.7587699890137
1,filter_addition_push_up,average,4,1.0,544.3978309631348,755.3262710571289,1317.1777725219727,2214.561939239502
2,filter_addition_push_up,average,4,1.0,551.8584251403809,761.6004943847656,1324.8732089996338,2226.3619899749756
3,filter_addition_push_up,average,4,1.0,561.3539218902588,769.8228359222412,1342.930793762207,2227.6644706726074
4,filter_addition_push_up,average,4,1.0,569.0207481384277,780.4312705993652,1367.6791191101074,2249.532461166382
5,filter_addition_push_up,average,4,1.0,584.4311714172363,790.2889251708984,1384.995698928833,2263.3578777313232
6,filter_addition_push_up,average,4,1.0,565.1130676269531,780.5314064025879,1366.7306900024414,2257.237672805786
