repetition,optimization,scenario,variant_counts,scale_factors,original_pipeline,analysis_result_with_reuse_opt_rule,analysis_result_with_push_up_opt_rule,analysis_result_without_opt_rule,analysis_result_without_any_opt
0,udf_split_and_reuse,average,4,3.5,1801.3794422149658,2286.853551864624,2495.38254737854,5631.413221359253,8631.062269210815
1,udf_split_and_reuse,average,4,3.5,1799.2377281188965,2328.6924362182617,2518.6169147491455,5694.205760955811,8583.350658416748
2,udf_split_and_reuse,average,4,3.5,1796.9529628753662,2290.055513381958,2464.569568634033,5618.967294692993,8445.552349090576
3,udf_split_and_reuse,average,4,3.5,1797.4395751953125,2320.617437362671,2480.441093444824,5648.205518722534,8540.29107093811
4,udf_split_and_reuse,average,4,3.5,1795.915126800537,2312.930107116699,2471.0853099823,5641.9517993927,8576.41577720642
5,udf_split_and_reuse,average,4,3.5,1787.6286506652832,2306.9725036621094,2454.8892974853516,5607.507228851318,8478.174686431885
6,udf_split_and_reuse,average,4,3.5,1778.9461612701416,2291.7990684509277,2477.639675140381,5611.645936965942,8413.836479187012
