repetition,optimization,scenario,variant_counts,scale_factors,original_pipeline,analysis_result_with_opt_rule,analysis_result_without_opt_rule,analysis_result_without_any_opt
0,operator_deletion_filter_push_up,ideal,4,3.0,9111.102104187012,9406.182527542114,35932.37519264221,35909.42883491516
1,operator_deletion_filter_push_up,ideal,4,3.0,8913.330793380737,9215.7142162323,35775.203466415405,35714.90430831909
2,operator_deletion_filter_push_up,ideal,4,3.0,8816.905975341797,9191.882610321045,36773.51641654968,35784.50107574463
3,operator_deletion_filter_push_up,ideal,4,3.0,8823.708057403564,9140.6729221344,36212.41307258606,36969.01035308838
4,operator_deletion_filter_push_up,ideal,4,3.0,8907.535076141357,9236.820459365845,35977.625608444214,37103.198289871216
5,operator_deletion_filter_push_up,ideal,4,3.0,9021.857976913452,9341.342449188232,36567.46959686279,37326.12085342407
6,operator_deletion_filter_push_up,ideal,4,3.0,9106.383323669434,9326.397895812988,36607.87582397461,37507.05552101135
