repetition,optimization,scenario,variant_counts,scale_factors,original_pipeline,analysis_result_with_opt_rule,analysis_result_without_opt_rule,analysis_result_without_any_opt
0,filter_addition_push_up,ideal,4,1.5,2242.4330711364746,2428.7452697753906,8498.756885528564,8560.15157699585
1,filter_addition_push_up,ideal,4,1.5,2245.558977127075,2264.3516063690186,8913.804292678833,8892.60196685791
2,filter_addition_push_up,ideal,4,1.5,2118.5123920440674,2136.7032527923584,8431.87427520752,8473.23226928711
3,filter_addition_push_up,ideal,4,1.5,2166.769504547119,2180.009365081787,8667.786359786987,8589.672327041626
4,filter_addition_push_up,ideal,4,1.5,2182.917356491089,2196.7697143554688,8705.268383026123,8693.881034851074
5,filter_addition_push_up,ideal,4,1.5,2121.034860610962,2135.7998847961426,8471.650838851929,8554.698705673218
6,filter_addition_push_up,ideal,4,1.5,2148.141860961914,2173.511266708374,8529.610633850098,8515.074491500854
