repetition,optimization,scenario,variant_counts,scale_factors,original_pipeline,analysis_result_with_reuse_opt_rule,analysis_result_with_push_up_opt_rule,analysis_result_without_opt_rule,analysis_result_without_any_opt
0,udf_split_and_reuse,ideal,4,1.5,19.14691925048828,1427.3748397827148,5286.987781524658,5355.592966079712,5376.925230026245
1,udf_split_and_reuse,ideal,4,1.5,19.148588180541992,1408.2605838775635,5226.679086685181,5331.1004638671875,5399.745941162109
2,udf_split_and_reuse,ideal,4,1.5,18.48769187927246,1435.2307319641113,5271.82936668396,5318.16840171814,5371.90318107605
3,udf_split_and_reuse,ideal,4,1.5,18.310070037841797,1423.3894348144531,5287.890434265137,5279.968023300171,5340.807199478149
4,udf_split_and_reuse,ideal,4,1.5,18.261194229125977,1420.3948974609375,5255.92827796936,5282.307386398315,5335.317850112915
5,udf_split_and_reuse,ideal,4,1.5,18.305301666259766,1424.1914749145508,5339.827537536621,5417.864084243774,5376.110315322876
6,udf_split_and_reuse,ideal,4,1.5,18.338441848754883,1409.517526626587,5359.563589096069,5429.943799972534,5378.56388092041
