repetition,optimization,scenario,variant_counts,scale_factors,original_pipeline,analysis_result_with_opt_rule,analysis_result_without_opt_rule,analysis_result_without_any_opt
0,filter_addition_push_up,average,4,4.0,2539.389133453369,3296.7822551727295,6358.577728271484,10352.820873260498
1,filter_addition_push_up,average,4,4.0,2596.972703933716,3356.3852310180664,6490.729331970215,10320.72138786316
2,filter_addition_push_up,average,4,4.0,2573.5673904418945,3319.0276622772217,6451.897382736206,10383.421182632446
3,filter_addition_push_up,average,4,4.0,2572.030544281006,3347.0468521118164,6521.6615200042725,10421.208620071411
4,filter_addition_push_up,average,4,4.0,2555.1846027374268,3324.129343032837,6794.5380210876465,10340.667009353638
5,filter_addition_push_up,average,4,4.0,2547.057628631592,3344.3386554718018,6498.053073883057,10393.544435501099
6,filter_addition_push_up,average,4,4.0,2579.5106887817383,3343.9440727233887,6527.3847579956055,10420.230150222778
