repetition,optimization,scenario,variant_counts,scale_factors,original_pipeline,analysis_result_with_reuse_opt_rule,analysis_result_with_push_up_opt_rule,analysis_result_without_opt_rule,analysis_result_without_any_opt
0,udf_split_and_reuse,average,10,1.0,479.62379455566406,843.5916900634766,961.1694812774658,3242.103099822998,5686.584711074829
1,udf_split_and_reuse,average,10,1.0,489.7162914276123,857.2709560394287,985.2790832519531,3292.7839756011963,5801.974058151245
2,udf_split_and_reuse,average,10,1.0,493.7431812286377,856.997013092041,984.5364093780518,3317.5952434539795,5833.101034164429
3,udf_split_and_reuse,average,10,1.0,491.5907382965088,851.9413471221924,981.9471836090088,3315.9263134002686,5792.154312133789
4,udf_split_and_reuse,average,10,1.0,484.47394371032715,854.1955947875977,970.2944755554199,3303.99227142334,5774.309158325195
5,udf_split_and_reuse,average,10,1.0,485.84794998168945,851.2380123138428,981.9545745849609,3297.0457077026367,5804.48579788208
6,udf_split_and_reuse,average,10,1.0,487.9138469696045,853.5196781158447,980.3845882415771,3304.309606552124,5769.928216934204
