repetition,optimization,scenario,variant_counts,scale_factors,original_pipeline,analysis_result_with_opt_rule,analysis_result_without_opt_rule,analysis_result_without_any_opt
0,operator_deletion_filter_push_up,ideal,4,2.0,4047.941207885742,4017.064332962036,15751.63221359253,15744.375705718994
1,operator_deletion_filter_push_up,ideal,4,2.0,3817.657947540283,4024.927854537964,15345.988273620605,15427.082300186157
2,operator_deletion_filter_push_up,ideal,4,2.0,3770.688533782959,3986.380100250244,15450.262546539307,15337.440252304077
3,operator_deletion_filter_push_up,ideal,4,2.0,3953.942060470581,3991.445302963257,15500.489950180054,15486.29879951477
4,operator_deletion_filter_push_up,ideal,4,2.0,3824.038028717041,4013.763904571533,15698.232412338257,15466.994047164917
5,operator_deletion_filter_push_up,ideal,4,2.0,4117.4585819244385,4070.8048343658447,15955.052137374878,15798.769474029541
6,operator_deletion_filter_push_up,ideal,4,2.0,3872.6911544799805,4076.7650604248047,15741.156816482544,15895.08605003357
