repetition,optimization,scenario,variant_counts,scale_factors,original_pipeline,analysis_result_with_reuse_opt_rule,analysis_result_with_push_up_opt_rule,analysis_result_without_opt_rule,analysis_result_without_any_opt
0,udf_split_and_reuse,average,10,1.0,499.12190437316895,846.8732833862305,978.2164096832275,3246.2854385375977,5562.035799026489
1,udf_split_and_reuse,average,10,1.0,482.6545715332031,838.5391235351562,971.8589782714844,3195.3423023223877,5585.145473480225
2,udf_split_and_reuse,average,10,1.0,522.4785804748535,873.6028671264648,996.1965084075928,3435.892105102539,5585.618257522583
3,udf_split_and_reuse,average,10,1.0,497.2352981567383,860.5566024780273,993.8380718231201,3367.478370666504,5645.524263381958
4,udf_split_and_reuse,average,10,1.0,493.78275871276855,859.4210147857666,998.4030723571777,3383.033514022827,5647.673606872559
5,udf_split_and_reuse,average,10,1.0,493.09349060058594,851.9580364227295,996.574878692627,3358.6273193359375,5591.650724411011
6,udf_split_and_reuse,average,10,1.0,498.49796295166016,857.4225902557373,998.6617565155029,3400.583505630493,5619.839429855347
