repetition,optimization,scenario,variant_counts,scale_factors,original_pipeline,analysis_result_with_opt_rule,analysis_result_without_opt_rule,analysis_result_without_any_opt
0,filter_addition_push_up,worst_w_original,4,1.5,2352.4272441864014,2247.863531112671,2671.534299850464,2687.3879432678223
1,filter_addition_push_up,worst_w_original,4,1.5,2260.474443435669,2216.602325439453,2724.3072986602783,2788.5165214538574
2,filter_addition_push_up,worst_w_original,4,1.5,2325.0701427459717,2227.276563644409,2586.414575576782,2607.3062419891357
3,filter_addition_push_up,worst_w_original,4,1.5,2219.8219299316406,2228.5656929016113,2529.09517288208,2538.055419921875
4,filter_addition_push_up,worst_w_original,4,1.5,2218.9273834228516,2227.003812789917,2686.2826347351074,2711.118698120117
5,filter_addition_push_up,worst_w_original,4,1.5,2220.944404602051,2237.173557281494,2675.1675605773926,2684.1201782226562
6,filter_addition_push_up,worst_w_original,4,1.5,2220.23344039917,2225.8408069610596,2678.011417388916,2688.915252685547
