repetition,optimization,scenario,variant_counts,scale_factors,original_pipeline,analysis_result_with_opt_rule,analysis_result_without_opt_rule,analysis_result_without_any_opt
0,projection_push_up,average,8,1.0,547.541618347168,901.3316631317139,2841.9158458709717,4995.273590087891
1,projection_push_up,average,8,1.0,554.4998645782471,923.973560333252,2883.235216140747,5117.7978515625
2,projection_push_up,average,8,1.0,545.5396175384521,926.1324405670166,2900.205612182617,5089.711427688599
3,projection_push_up,average,8,1.0,550.213098526001,925.5867004394531,2928.3993244171143,5145.43342590332
4,projection_push_up,average,8,1.0,555.0136566162109,917.5715446472168,2889.0469074249268,5074.84769821167
5,projection_push_up,average,8,1.0,543.9169406890869,916.9130325317383,2902.6689529418945,5080.009460449219
6,projection_push_up,average,8,1.0,545.783519744873,913.1381511688232,2891.551733016968,5077.176809310913
