repetition,optimization,scenario,variant_counts,scale_factors,original_pipeline,analysis_result_with_opt_rule,analysis_result_without_opt_rule,analysis_result_without_any_opt
0,filter_addition_push_up,average,4,4.0,2463.9697074890137,3165.2119159698486,6007.083177566528,9687.240600585938
1,filter_addition_push_up,average,4,4.0,2426.2664318084717,3155.3244590759277,6055.2732944488525,9545.345544815063
2,filter_addition_push_up,average,4,4.0,2382.7550411224365,3156.4595699310303,6093.502044677734,9526.763439178467
3,filter_addition_push_up,average,4,4.0,2411.048412322998,3156.3925743103027,6092.161417007446,9499.598503112793
4,filter_addition_push_up,average,4,4.0,2384.6890926361084,3131.489038467407,6059.830904006958,9519.473314285278
5,filter_addition_push_up,average,4,4.0,2394.209861755371,3138.1900310516357,6110.077381134033,9690.656661987305
6,filter_addition_push_up,average,4,4.0,2382.359504699707,3132.519245147705,6020.66445350647,9484.588146209717
