repetition,optimization,scenario,variant_counts,scale_factors,original_pipeline,analysis_result_with_opt_rule,analysis_result_without_opt_rule,analysis_result_without_any_opt
0,operator_deletion_filter_push_up,average,4,1.5,793.8716411590576,1023.9908695220947,1842.9720401763916,3247.2012042999268
1,operator_deletion_filter_push_up,average,4,1.5,788.9022827148438,1007.6861381530762,1832.1874141693115,3218.6203002929688
2,operator_deletion_filter_push_up,average,4,1.5,788.7861728668213,1059.553623199463,1907.7816009521484,3267.9994106292725
3,operator_deletion_filter_push_up,average,4,1.5,839.6320343017578,1068.695306777954,1933.783769607544,3266.6478157043457
4,operator_deletion_filter_push_up,average,4,1.5,828.4714221954346,1060.4798793792725,1945.0476169586182,3273.247718811035
5,operator_deletion_filter_push_up,average,4,1.5,810.0612163543701,1055.8481216430664,1914.2754077911377,3243.6134815216064
6,operator_deletion_filter_push_up,average,4,1.5,807.3112964630127,1052.5648593902588,1912.0979309082031,3252.7072429656982
