repetition,optimization,scenario,variant_counts,scale_factors,original_pipeline,analysis_result_with_reuse_opt_rule,analysis_result_with_push_up_opt_rule,analysis_result_without_opt_rule,analysis_result_without_any_opt
0,udf_split_and_reuse,worst_constant,8,1.0,350.27503967285156,1060.5342388153076,1068.7825679779053,1157.4110984802246,3156.9983959198
1,udf_split_and_reuse,worst_constant,8,1.0,346.7252254486084,1051.4209270477295,1052.5600910186768,1141.62278175354,3130.9878826141357
2,udf_split_and_reuse,worst_constant,8,1.0,347.9304313659668,1062.734842300415,1059.77201461792,1159.2342853546143,3129.012107849121
3,udf_split_and_reuse,worst_constant,8,1.0,350.2368927001953,1064.107894897461,1062.643051147461,1156.6734313964844,3142.0257091522217
4,udf_split_and_reuse,worst_constant,8,1.0,353.33943367004395,1057.1534633636475,1062.556505203247,1154.0484428405762,3147.56178855896
5,udf_split_and_reuse,worst_constant,8,1.0,351.224422454834,1054.0478229522705,1061.2547397613525,1153.8519859313965,3140.981912612915
6,udf_split_and_reuse,worst_constant,8,1.0,353.00183296203613,1053.0791282653809,1058.0973625183105,1145.822525024414,3139.897346496582
