repetition,optimization,scenario,variant_counts,scale_factors,original_pipeline,analysis_result_with_opt_rule,analysis_result_without_opt_rule,analysis_result_without_any_opt
0,filter_addition_push_up,worst_w_original,4,1.0,989.7351264953613,965.9063816070557,1156.3658714294434,1141.7272090911865
1,filter_addition_push_up,worst_w_original,4,1.0,963.6538028717041,948.2395648956299,1176.7308712005615,1161.637306213379
2,filter_addition_push_up,worst_w_original,4,1.0,955.3704261779785,953.834056854248,1143.2111263275146,1284.0206623077393
3,filter_addition_push_up,worst_w_original,4,1.0,968.7991142272949,973.5896587371826,1148.8447189331055,1155.6024551391602
4,filter_addition_push_up,worst_w_original,4,1.0,954.1983604431152,964.949369430542,1119.2727088928223,1146.5134620666504
5,filter_addition_push_up,worst_w_original,4,1.0,952.4433612823486,951.6777992248535,1116.4257526397705,1155.1344394683838
6,filter_addition_push_up,worst_w_original,4,1.0,960.3297710418701,967.6785469055176,1132.4424743652344,1156.1684608459473
