repetition,optimization,scenario,variant_counts,scale_factors,original_pipeline,analysis_result_with_reuse_opt_rule,analysis_result_with_push_up_opt_rule,analysis_result_without_opt_rule,analysis_result_without_any_opt
0,udf_split_and_reuse,worst_w_safety,4,1.0,44.35586929321289,923.7339496612549,923.5212802886963,1046.199083328247,1129.3020248413086
1,udf_split_and_reuse,worst_w_safety,4,1.0,42.429208755493164,933.887243270874,956.3109874725342,1042.1233177185059,1110.5806827545166
2,udf_split_and_reuse,worst_w_safety,4,1.0,45.14431953430176,917.7920818328857,918.1981086730957,1041.480541229248,1104.7618389129639
3,udf_split_and_reuse,worst_w_safety,4,1.0,43.48587989807129,950.2694606781006,942.5463676452637,1067.451000213623,1100.9347438812256
4,udf_split_and_reuse,worst_w_safety,4,1.0,44.412851333618164,922.119140625,947.6606845855713,1064.7265911102295,1112.725019454956
5,udf_split_and_reuse,worst_w_safety,4,1.0,44.50631141662598,919.2225933074951,934.9861145019531,1040.2143001556396,1120.011568069458
6,udf_split_and_reuse,worst_w_safety,4,1.0,45.23777961730957,924.5080947875977,939.7633075714111,1044.5635318756104,1107.9378128051758
