repetition,optimization,scenario,variant_counts,scale_factors,original_pipeline,analysis_result_with_opt_rule,analysis_result_without_opt_rule,analysis_result_without_any_opt
0,operator_deletion_filter_push_up,ideal,4,1.0,985.5785369873047,994.5940971374512,3792.530059814453,3731.649875640869
1,operator_deletion_filter_push_up,ideal,4,1.0,935.7426166534424,973.1593132019043,3760.505437850952,3870.168685913086
2,operator_deletion_filter_push_up,ideal,4,1.0,930.7701587677002,970.5126285552979,3707.566022872925,3749.8579025268555
3,operator_deletion_filter_push_up,ideal,4,1.0,917.7432060241699,967.7684307098389,3704.348564147949,3735.1326942443848
4,operator_deletion_filter_push_up,ideal,4,1.0,915.2054786682129,975.5816459655762,3679.8691749572754,3723.8833904266357
5,operator_deletion_filter_push_up,ideal,4,1.0,933.8958263397217,980.579137802124,3740.6113147735596,3764.765501022339
6,operator_deletion_filter_push_up,ideal,4,1.0,938.706636428833,978.3377647399902,3774.5134830474854,3819.6871280670166
