repetition,optimization,scenario,variant_counts,scale_factors,original_pipeline,analysis_result_with_reuse_opt_rule,analysis_result_with_push_up_opt_rule,analysis_result_without_opt_rule,analysis_result_without_any_opt
0,udf_split_and_reuse,worst_constant,4,4.0,1473.7873077392578,3306.2589168548584,3296.706438064575,3543.9722537994385,7128.0457973480225
1,udf_split_and_reuse,worst_constant,4,4.0,1473.2818603515625,3238.7349605560303,3276.928186416626,3492.0401573181152,7048.026561737061
2,udf_split_and_reuse,worst_constant,4,4.0,1467.1778678894043,3230.088949203491,3270.845651626587,3490.6818866729736,7032.537460327148
3,udf_split_and_reuse,worst_constant,4,4.0,1461.3642692565918,3216.989755630493,3265.6989097595215,3453.3371925354004,7014.804124832153
4,udf_split_and_reuse,worst_constant,4,4.0,1475.7437705993652,3287.8644466400146,3305.929660797119,3503.2739639282227,7066.412448883057
5,udf_split_and_reuse,worst_constant,4,4.0,1460.6871604919434,3210.005283355713,3241.5060997009277,3444.9236392974854,7020.293951034546
6,udf_split_and_reuse,worst_constant,4,4.0,1473.5805988311768,3285.3288650512695,3290.8074855804443,3468.2204723358154,7001.655340194702
