repetition,optimization,scenario,variant_counts,scale_factors,original_pipeline,analysis_result_with_opt_rule,analysis_result_without_opt_rule,analysis_result_without_any_opt
0,projection_push_up,average,4,3.0,1672.520637512207,2167.1149730682373,4923.134803771973,7621.578693389893
1,projection_push_up,average,4,3.0,1663.745403289795,2176.196336746216,4898.235082626343,7554.30006980896
2,projection_push_up,average,4,3.0,1657.7000617980957,2167.647123336792,4910.660266876221,7578.365802764893
3,projection_push_up,average,4,3.0,1652.1470546722412,2171.4701652526855,4903.378486633301,7567.914009094238
4,projection_push_up,average,4,3.0,1655.8222770690918,2160.287857055664,4908.250093460083,7553.877830505371
5,projection_push_up,average,4,3.0,1653.3386707305908,2155.346393585205,4859.6203327178955,7540.989398956299
6,projection_push_up,average,4,3.0,1649.19114112854,2162.057638168335,4877.162933349609,7570.9569454193115
