repetition,optimization,scenario,variant_counts,scale_factors,original_pipeline,analysis_result_with_opt_rule,analysis_result_without_opt_rule,analysis_result_without_any_opt
0,projection_push_up,ideal,4,3.5,11657.586097717285,11286.46731376648,44068.83907318115,44561.46764755249
1,projection_push_up,ideal,4,3.5,11825.546503067017,11505.105018615723,46253.148555755615,46659.03902053833
2,projection_push_up,ideal,4,3.5,11166.418552398682,11232.525825500488,45254.703760147095,45103.397369384766
3,projection_push_up,ideal,4,3.5,11256.6978931427,11628.873586654663,45837.40186691284,45554.67963218689
4,projection_push_up,ideal,4,3.5,11341.38822555542,11138.293027877808,45111.517906188965,44882.670640945435
5,projection_push_up,ideal,4,3.5,11010.803699493408,10959.703922271729,44256.82973861694,44555.32646179199
6,projection_push_up,ideal,4,3.5,10832.120180130005,10914.127588272095,43801.4931678772,44196.75350189209
