repetition,optimization,scenario,variant_counts,scale_factors,original_pipeline,analysis_result_with_opt_rule,analysis_result_without_opt_rule,analysis_result_without_any_opt
0,filter_addition_push_up,worst_wo_original,4,4.0,16854.316473007202,16897.917985916138,3804.2044639587402,3823.772668838501
1,filter_addition_push_up,worst_wo_original,4,4.0,16518.98169517517,16518.691062927246,4313.649654388428,4328.145265579224
2,filter_addition_push_up,worst_wo_original,4,4.0,16546.620845794678,16548.25758934021,4131.310939788818,3913.1202697753906
3,filter_addition_push_up,worst_wo_original,4,4.0,16629.71019744873,16476.33409500122,3713.7701511383057,3703.402042388916
4,filter_addition_push_up,worst_wo_original,4,4.0,16446.600914001465,16509.39893722534,3929.9111366271973,3944.673538208008
5,filter_addition_push_up,worst_wo_original,4,4.0,16465.05069732666,16515.974760055542,4290.610551834106,4299.009561538696
6,filter_addition_push_up,worst_wo_original,4,4.0,16485.41831970215,16445.085048675537,3944.1633224487305,3986.9558811187744
