repetition,optimization,scenario,variant_counts,scale_factors,original_pipeline,analysis_result_with_opt_rule,analysis_result_without_opt_rule,analysis_result_without_any_opt
0,filter_addition_push_up,average,4,2.5,1348.8121032714844,1801.5949726104736,3160.945177078247,5567.295551300049
1,filter_addition_push_up,average,4,2.5,1382.181167602539,1822.1359252929688,3219.4812297821045,5521.899938583374
2,filter_addition_push_up,average,4,2.5,1385.671615600586,1842.702865600586,3237.2682094573975,5601.609945297241
3,filter_addition_push_up,average,4,2.5,1389.066457748413,1837.6307487487793,3253.2575130462646,5572.342872619629
4,filter_addition_push_up,average,4,2.5,1399.1491794586182,1852.3340225219727,3241.882562637329,5584.800481796265
5,filter_addition_push_up,average,4,2.5,1370.6257343292236,1851.2160778045654,3233.46209526062,5573.8525390625
6,filter_addition_push_up,average,4,2.5,1378.0913352966309,1845.8466529846191,3232.6788902282715,5539.476633071899
