repetition,optimization,scenario,variant_counts,scale_factors,original_pipeline,analysis_result_with_opt_rule,analysis_result_without_opt_rule,analysis_result_without_any_opt
0,filter_addition_push_up,worst_w_original,10,1.0,1030.3280353546143,992.3505783081055,1559.729814529419,1814.4338130950928
1,filter_addition_push_up,worst_w_original,10,1.0,975.2521514892578,991.3570880889893,1622.9705810546875,1661.3061428070068
2,filter_addition_push_up,worst_w_original,10,1.0,965.8184051513672,986.8295192718506,1521.7609405517578,1575.8707523345947
3,filter_addition_push_up,worst_w_original,10,1.0,971.2631702423096,989.6359443664551,1548.7425327301025,1585.7751369476318
4,filter_addition_push_up,worst_w_original,10,1.0,970.1273441314697,987.6248836517334,1472.2912311553955,1521.024227142334
5,filter_addition_push_up,worst_w_original,10,1.0,966.0005569458008,992.6424026489258,1499.460220336914,1552.4702072143555
6,filter_addition_push_up,worst_w_original,10,1.0,972.7320671081543,992.1190738677979,1544.008731842041,1574.0370750427246
