repetition,optimization,scenario,variant_counts,scale_factors,original_pipeline,analysis_result_with_reuse_opt_rule,analysis_result_with_push_up_opt_rule,analysis_result_without_opt_rule,analysis_result_without_any_opt
0,udf_split_and_reuse,ideal,2,1.0,13.648748397827148,911.4217758178711,1714.1344547271729,1723.8163948059082,1731.1787605285645
1,udf_split_and_reuse,ideal,2,1.0,13.757705688476562,909.5675945281982,1715.9504890441895,1726.9270420074463,1736.5307807922363
2,udf_split_and_reuse,ideal,2,1.0,12.831449508666992,911.1983776092529,1711.221694946289,1727.1065711975098,1737.3261451721191
3,udf_split_and_reuse,ideal,2,1.0,12.834548950195312,910.635232925415,1706.6357135772705,1730.6087017059326,1744.8513507843018
4,udf_split_and_reuse,ideal,2,1.0,13.601303100585938,910.2585315704346,1709.5794677734375,1730.7839393615723,1734.7006797790527
5,udf_split_and_reuse,ideal,2,1.0,13.615131378173828,916.0840511322021,1719.559669494629,1731.8525314331055,1744.6234226226807
6,udf_split_and_reuse,ideal,2,1.0,13.661623001098633,908.7374210357666,1701.7390727996826,1717.6005840301514,1726.954698562622
