repetition,optimization,scenario,variant_counts,scale_factors,original_pipeline,analysis_result_with_opt_rule,analysis_result_without_opt_rule,analysis_result_without_any_opt
0,projection_push_up,worst,4,3.5,1634.3278884887695,6673.474550247192,6900.311470031738,7184.695720672607
1,projection_push_up,worst,4,3.5,1916.8014526367188,7283.248662948608,6870.357513427734,7330.222845077515
2,projection_push_up,worst,4,3.5,1747.33304977417,6742.945909500122,6966.176986694336,7000.641345977783
3,projection_push_up,worst,4,3.5,1616.0986423492432,6378.20839881897,6521.693229675293,7796.821355819702
4,projection_push_up,worst,4,3.5,1659.2907905578613,6672.207832336426,6646.358013153076,7019.089698791504
5,projection_push_up,worst,4,3.5,1608.7934970855713,6489.192247390747,6590.467214584351,6825.992107391357
6,projection_push_up,worst,4,3.5,1596.341848373413,6469.538450241089,6509.619235992432,7091.326475143433
