repetition,optimization,scenario,variant_counts,scale_factors,original_pipeline,analysis_result_with_opt_rule,analysis_result_without_opt_rule,analysis_result_without_any_opt
0,projection_push_up,worst,4,1.5,798.9053726196289,3153.167724609375,3267.4431800842285,3370.546340942383
1,projection_push_up,worst,4,1.5,806.4205646514893,3269.51265335083,3325.947046279907,3411.9348526000977
2,projection_push_up,worst,4,1.5,835.5474472045898,3305.0687313079834,3415.537118911743,3578.552722930908
3,projection_push_up,worst,4,1.5,1015.0673389434814,3926.7449378967285,3404.144525527954,3524.88112449646
4,projection_push_up,worst,4,1.5,843.4925079345703,3452.4738788604736,3393.8817977905273,3842.195987701416
5,projection_push_up,worst,4,1.5,853.5234928131104,3922.139883041382,3585.078716278076,3557.453155517578
6,projection_push_up,worst,4,1.5,834.885835647583,3922.6465225219727,3445.556402206421,3685.709238052368
