repetition,optimization,scenario,variant_counts,scale_factors,original_pipeline,analysis_result_with_opt_rule,analysis_result_without_opt_rule,analysis_result_without_any_opt
0,projection_push_up,average,4,2.0,1163.3586883544922,1506.5124034881592,3471.5325832366943,5401.386499404907
1,projection_push_up,average,4,2.0,1190.8111572265625,1532.0401191711426,3514.2102241516113,5409.828901290894
2,projection_push_up,average,4,2.0,1171.4444160461426,1518.9440250396729,3510.800838470459,5402.331113815308
3,projection_push_up,average,4,2.0,1200.5770206451416,1519.7653770446777,3562.1678829193115,5457.96537399292
4,projection_push_up,average,4,2.0,1175.4753589630127,1533.055067062378,3542.475700378418,5459.390640258789
5,projection_push_up,average,4,2.0,1175.7614612579346,1514.749526977539,3546.0281372070312,5398.080825805664
6,projection_push_up,average,4,2.0,1164.0775203704834,1510.4734897613525,3537.9037857055664,5400.085926055908
