repetition,optimization,scenario,variant_counts,scale_factors,original_pipeline,analysis_result_with_opt_rule,analysis_result_without_opt_rule,analysis_result_without_any_opt
0,filter_addition_push_up,average,4,1.5,837.3489379882812,1123.722791671753,1925.2662658691406,3422.9087829589844
1,filter_addition_push_up,average,4,1.5,839.679479598999,1141.7498588562012,1953.3231258392334,3450.946569442749
2,filter_addition_push_up,average,4,1.5,845.0853824615479,1142.7550315856934,1980.9327125549316,3462.2652530670166
3,filter_addition_push_up,average,4,1.5,833.484411239624,1144.9296474456787,1955.214023590088,3437.300682067871
4,filter_addition_push_up,average,4,1.5,847.3787307739258,1144.9484825134277,1969.6342945098877,3473.9558696746826
5,filter_addition_push_up,average,4,1.5,848.1740951538086,1162.5630855560303,1958.1663608551025,3471.168041229248
6,filter_addition_push_up,average,4,1.5,838.1409645080566,1156.7420959472656,1941.432237625122,3444.27227973938
