repetition,optimization,scenario,variant_counts,scale_factors,original_pipeline,analysis_result_with_opt_rule,analysis_result_without_opt_rule,analysis_result_without_any_opt
0,filter_addition_push_up,ideal,4,2.5,5685.129642486572,5744.825124740601,21303.37619781494,21785.20178794861
1,filter_addition_push_up,ideal,4,2.5,6208.474636077881,6311.986207962036,24589.338064193726,25195.87755203247
2,filter_addition_push_up,ideal,4,2.5,5536.938190460205,5559.24129486084,22213.51170539856,22478.731632232666
3,filter_addition_push_up,ideal,4,2.5,5929.213762283325,5931.819677352905,23654.3710231781,23879.70757484436
4,filter_addition_push_up,ideal,4,2.5,5342.226505279541,5308.311939239502,21103.72281074524,21520.1997756958
5,filter_addition_push_up,ideal,4,2.5,6225.121259689331,6320.061206817627,24896.627187728882,25193.037748336792
6,filter_addition_push_up,ideal,4,2.5,5571.690082550049,5603.238344192505,21728.292226791382,22247.340202331543
