repetition,optimization,scenario,variant_counts,scale_factors,original_pipeline,analysis_result_with_opt_rule,analysis_result_without_opt_rule,analysis_result_without_any_opt
0,projection_push_up,worst,2,1.0,506.14261627197266,1003.8740634918213,1095.0515270233154,1134.96732711792
1,projection_push_up,worst,2,1.0,543.1866645812988,1086.989402770996,1094.4371223449707,1133.6629390716553
2,projection_push_up,worst,2,1.0,546.116828918457,1107.8765392303467,1110.332727432251,1141.6127681732178
3,projection_push_up,worst,2,1.0,540.8720970153809,1098.1884002685547,1105.8144569396973,1147.362470626831
4,projection_push_up,worst,2,1.0,541.5935516357422,1094.2184925079346,1109.706163406372,1147.6361751556396
5,projection_push_up,worst,2,1.0,548.3813285827637,1092.7770137786865,1112.886667251587,1052.3061752319336
6,projection_push_up,worst,2,1.0,510.55240631103516,1008.4521770477295,1010.0269317626953,1035.0136756896973
