repetition,optimization,scenario,variant_counts,scale_factors,original_pipeline,analysis_result_with_opt_rule,analysis_result_without_opt_rule,analysis_result_without_any_opt
0,filter_addition_push_up,worst_w_original,10,1.0,1032.8633785247803,992.241621017456,1561.729907989502,1583.2459926605225
1,filter_addition_push_up,worst_w_original,10,1.0,999.4895458221436,1003.3721923828125,1633.854866027832,1660.080909729004
2,filter_addition_push_up,worst_w_original,10,1.0,987.8630638122559,1255.2146911621094,1507.678747177124,1567.7688121795654
3,filter_addition_push_up,worst_w_original,10,1.0,962.6295566558838,984.5333099365234,1543.5302257537842,1582.313060760498
4,filter_addition_push_up,worst_w_original,10,1.0,960.0920677185059,992.8429126739502,1464.789628982544,1505.9199333190918
5,filter_addition_push_up,worst_w_original,10,1.0,973.085880279541,976.1147499084473,1478.4877300262451,1536.0500812530518
6,filter_addition_push_up,worst_w_original,10,1.0,975.2533435821533,991.6641712188721,1514.047384262085,1575.890302658081
