repetition,optimization,scenario,variant_counts,scale_factors,original_pipeline,analysis_result_with_reuse_opt_rule,analysis_result_with_push_up_opt_rule,analysis_result_without_opt_rule,analysis_result_without_any_opt
0,udf_split_and_reuse,worst_wo_safety,8,1.0,14.554977416992188,982.4941158294678,411.1762046813965,489.96639251708984,543.3499813079834
1,udf_split_and_reuse,worst_wo_safety,8,1.0,16.07227325439453,967.6632881164551,419.8637008666992,491.91904067993164,544.4653034210205
2,udf_split_and_reuse,worst_wo_safety,8,1.0,15.142202377319336,974.42626953125,420.15647888183594,497.2832202911377,550.483226776123
3,udf_split_and_reuse,worst_wo_safety,8,1.0,15.545129776000977,994.0700531005859,419.83580589294434,488.1916046142578,548.7489700317383
4,udf_split_and_reuse,worst_wo_safety,8,1.0,15.372037887573242,985.4145050048828,423.96020889282227,492.8405284881592,554.4941425323486
5,udf_split_and_reuse,worst_wo_safety,8,1.0,15.240907669067383,983.4821224212646,428.3099174499512,494.2762851715088,550.8737564086914
6,udf_split_and_reuse,worst_wo_safety,8,1.0,15.114545822143555,1007.7624320983887,411.5447998046875,499.3429183959961,549.293041229248
