repetition,optimization,scenario,variant_counts,scale_factors,original_pipeline,analysis_result_with_opt_rule,analysis_result_without_opt_rule,analysis_result_without_any_opt
0,filter_addition_push_up,ideal,2,1.0,983.783483505249,989.1624450683594,1952.1749019622803,1962.742567062378
1,filter_addition_push_up,ideal,2,1.0,1187.51859664917,1033.010721206665,2022.1905708312988,2059.5850944519043
2,filter_addition_push_up,ideal,2,1.0,987.0781898498535,991.2166595458984,1946.5906620025635,1985.1691722869873
3,filter_addition_push_up,ideal,2,1.0,1002.2211074829102,1014.5764350891113,1998.5766410827637,2012.2599601745605
4,filter_addition_push_up,ideal,2,1.0,1239.6800518035889,1110.2230548858643,2159.95717048645,2181.2098026275635
5,filter_addition_push_up,ideal,2,1.0,756.3068866729736,769.4802284240723,1499.7899532318115,1548.8874912261963
6,filter_addition_push_up,ideal,2,1.0,874.0978240966797,1017.4548625946045,1702.7192115783691,1744.0941333770752
