repetition,optimization,scenario,variant_counts,scale_factors,original_pipeline,analysis_result_with_opt_rule,analysis_result_without_opt_rule,analysis_result_without_any_opt
0,filter_addition_push_up,ideal,4,3.5,11764.72544670105,11472.832918167114,44570.10197639465,45287.1949672699
1,filter_addition_push_up,ideal,4,3.5,11619.378566741943,11435.144662857056,45103.76596450806,45789.59155082703
2,filter_addition_push_up,ideal,4,3.5,11276.151657104492,11262.487173080444,45225.82173347473,45235.04996299744
3,filter_addition_push_up,ideal,4,3.5,11199.671506881714,11471.3876247406,44806.75029754639,45084.54751968384
4,filter_addition_push_up,ideal,4,3.5,11210.325002670288,11300.934791564941,44264.68110084534,44887.080669403076
5,filter_addition_push_up,ideal,4,3.5,11247.987270355225,11063.94100189209,43513.47541809082,44071.412563323975
6,filter_addition_push_up,ideal,4,3.5,10784.85107421875,11054.97431755066,42955.42359352112,43087.10837364197
