repetition,optimization,scenario,variant_counts,scale_factors,original_pipeline,analysis_result_with_opt_rule,analysis_result_without_opt_rule,analysis_result_without_any_opt
0,operator_deletion_filter_push_up,average,4,3.0,1694.2658424377441,2157.2799682617188,4106.437683105469,7222.622871398926
1,operator_deletion_filter_push_up,average,4,3.0,1785.7472896575928,2219.6149826049805,4256.18314743042,7389.757394790649
2,operator_deletion_filter_push_up,average,4,3.0,1763.8745307922363,2269.847869873047,4243.8719272613525,7398.101806640625
3,operator_deletion_filter_push_up,average,4,3.0,1737.302541732788,2255.9008598327637,4210.793018341064,7362.284421920776
4,operator_deletion_filter_push_up,average,4,3.0,1760.76340675354,2229.703664779663,4201.1542320251465,7298.251390457153
5,operator_deletion_filter_push_up,average,4,3.0,1748.5792636871338,2249.1374015808105,4256.715297698975,7370.310068130493
6,operator_deletion_filter_push_up,average,4,3.0,1765.9738063812256,2259.007692337036,4244.823455810547,7327.106714248657
