repetition,optimization,scenario,variant_counts,scale_factors,original_pipeline,analysis_result_with_opt_rule,analysis_result_without_opt_rule,analysis_result_without_any_opt
0,operator_deletion_filter_push_up,ideal,4,2.5,6376.294374465942,6580.086469650269,25246.17075920105,25277.70686149597
1,operator_deletion_filter_push_up,ideal,4,2.5,6104.930400848389,6464.287996292114,24810.25195121765,25140.035152435303
2,operator_deletion_filter_push_up,ideal,4,2.5,6049.698352813721,6458.112001419067,24725.11053085327,24802.910566329956
3,operator_deletion_filter_push_up,ideal,4,2.5,6175.179958343506,6454.0205001831055,25490.207195281982,25179.064512252808
4,operator_deletion_filter_push_up,ideal,4,2.5,6085.884094238281,6446.792364120483,24878.72862815857,25252.63786315918
5,operator_deletion_filter_push_up,ideal,4,2.5,6229.942083358765,6560.58669090271,25271.08931541443,25353.460550308228
6,operator_deletion_filter_push_up,ideal,4,2.5,6237.159252166748,6730.248928070068,25452.938556671143,25389.492988586426
