repetition,optimization,scenario,variant_counts,scale_factors,original_pipeline,analysis_result_with_opt_rule,analysis_result_without_opt_rule,analysis_result_without_any_opt
0,operator_deletion_filter_push_up,average,4,3.5,2176.311731338501,2687.6907348632812,5537.951231002808,9178.365707397461
1,operator_deletion_filter_push_up,average,4,3.5,2266.758441925049,2745.7969188690186,5710.305690765381,9328.53102684021
2,operator_deletion_filter_push_up,average,4,3.5,2288.6180877685547,2772.0844745635986,5743.924379348755,9409.63077545166
3,operator_deletion_filter_push_up,average,4,3.5,2270.0986862182617,2761.7666721343994,5722.93758392334,9360.993385314941
4,operator_deletion_filter_push_up,average,4,3.5,2221.9700813293457,2773.3144760131836,5680.625915527344,9247.74718284607
5,operator_deletion_filter_push_up,average,4,3.5,2221.2579250335693,2774.0800380706787,5722.466945648193,9346.217155456543
6,operator_deletion_filter_push_up,average,4,3.5,2234.9958419799805,2809.8647594451904,5736.456871032715,9363.813161849976
