repetition,optimization,scenario,variant_counts,scale_factors,original_pipeline,analysis_result_with_opt_rule,analysis_result_without_opt_rule,analysis_result_without_any_opt
0,projection_push_up,average,4,1.5,827.329158782959,1065.3815269470215,2343.564033508301,3759.403705596924
1,projection_push_up,average,4,1.5,826.5600204467773,1080.0433158874512,2387.2287273406982,3832.6213359832764
2,projection_push_up,average,4,1.5,834.4213962554932,1069.9048042297363,2372.812032699585,3766.256093978882
3,projection_push_up,average,4,1.5,827.9106616973877,1090.8472537994385,2392.9173946380615,3839.5936489105225
4,projection_push_up,average,4,1.5,822.3910331726074,1087.9998207092285,2403.829336166382,3823.5416412353516
5,projection_push_up,average,4,1.5,819.953203201294,1091.073751449585,2395.355463027954,3829.6916484832764
6,projection_push_up,average,4,1.5,822.401762008667,1084.8805904388428,2390.575408935547,3815.180540084839
