repetition,optimization,scenario,variant_counts,scale_factors,original_pipeline,analysis_result_with_opt_rule,analysis_result_without_opt_rule,analysis_result_without_any_opt
0,filter_addition_push_up,average,8,1.0,546.9727516174316,1013.6134624481201,2271.977424621582,4510.299921035767
1,filter_addition_push_up,average,8,1.0,560.6579780578613,1009.9267959594727,2315.021276473999,4557.140350341797
2,filter_addition_push_up,average,8,1.0,556.6718578338623,1016.6857242584229,2310.0531101226807,4574.7034549713135
3,filter_addition_push_up,average,8,1.0,551.060676574707,1017.2901153564453,2318.218469619751,4572.372913360596
4,filter_addition_push_up,average,8,1.0,565.6495094299316,1020.9634304046631,2327.284097671509,4581.340074539185
5,filter_addition_push_up,average,8,1.0,556.3232898712158,1016.1092281341553,2311.316967010498,4557.534694671631
6,filter_addition_push_up,average,8,1.0,552.9651641845703,1016.8862342834473,2321.5248584747314,4553.526163101196
