repetition,optimization,scenario,variant_counts,scale_factors,original_pipeline,analysis_result_with_opt_rule,analysis_result_without_opt_rule,analysis_result_without_any_opt
0,filter_addition_push_up,worst_wo_original,4,2.0,4075.347423553467,4010.3771686553955,880.9630870819092,889.7457122802734
1,filter_addition_push_up,worst_wo_original,4,2.0,3970.736026763916,4073.4260082244873,1049.7567653656006,1074.6486186981201
2,filter_addition_push_up,worst_wo_original,4,2.0,3939.7659301757812,3928.706407546997,1040.18235206604,1066.3423538208008
3,filter_addition_push_up,worst_wo_original,4,2.0,4115.039348602295,3975.344657897949,905.2667617797852,925.6441593170166
4,filter_addition_push_up,worst_wo_original,4,2.0,3930.0835132598877,3991.896390914917,886.1782550811768,906.8586826324463
5,filter_addition_push_up,worst_wo_original,4,2.0,3925.7729053497314,3952.399730682373,1046.6337203979492,1060.675859451294
6,filter_addition_push_up,worst_wo_original,4,2.0,3933.6299896240234,3943.3841705322266,1001.5041828155518,1166.5430068969727
