repetition,optimization,scenario,variant_counts,scale_factors,original_pipeline,analysis_result_with_opt_rule,analysis_result_without_opt_rule,analysis_result_without_any_opt
0,filter_addition_push_up,worst_wo_original,4,1.0,989.8858070373535,964.0400409698486,251.46937370300293,269.315242767334
1,filter_addition_push_up,worst_wo_original,4,1.0,971.2839126586914,947.0388889312744,283.3254337310791,301.4512062072754
2,filter_addition_push_up,worst_wo_original,4,1.0,958.9400291442871,946.6843605041504,246.57511711120605,259.6731185913086
3,filter_addition_push_up,worst_wo_original,4,1.0,950.631856918335,949.2576122283936,251.29294395446777,518.8503265380859
4,filter_addition_push_up,worst_wo_original,4,1.0,942.7235126495361,946.3996887207031,219.32053565979004,236.88769340515137
5,filter_addition_push_up,worst_wo_original,4,1.0,935.1165294647217,945.6069469451904,223.8936424255371,241.51253700256348
6,filter_addition_push_up,worst_wo_original,4,1.0,945.5380439758301,953.9387226104736,234.73811149597168,252.0759105682373
