repetition,optimization,scenario,variant_counts,scale_factors,original_pipeline,analysis_result_with_opt_rule,analysis_result_without_opt_rule,analysis_result_without_any_opt
0,filter_addition_push_up,average,2,1.0,564.0077590942383,629.6737194061279,829.9000263214111,1330.9504985809326
1,filter_addition_push_up,average,2,1.0,564.9051666259766,644.5157527923584,842.3252105712891,1167.5190925598145
2,filter_addition_push_up,average,2,1.0,562.47878074646,644.0777778625488,837.9592895507812,1167.25492477417
3,filter_addition_push_up,average,2,1.0,562.2215270996094,644.2763805389404,841.4463996887207,1174.9324798583984
4,filter_addition_push_up,average,2,1.0,564.7048950195312,644.9916362762451,842.1790599822998,1172.0726490020752
5,filter_addition_push_up,average,2,1.0,562.6850128173828,644.343376159668,852.1254062652588,1178.3201694488525
6,filter_addition_push_up,average,2,1.0,564.1887187957764,643.69797706604,848.5901355743408,1167.144775390625
