repetition,optimization,scenario,variant_counts,scale_factors,original_pipeline,analysis_result_with_opt_rule,analysis_result_without_opt_rule,analysis_result_without_any_opt
0,operator_deletion_filter_push_up,average,4,2.0,1104.1338443756104,1388.4565830230713,2676.1837005615234,4520.429849624634
1,operator_deletion_filter_push_up,average,4,2.0,1099.416732788086,1391.6072845458984,2701.021671295166,4513.6096477508545
2,operator_deletion_filter_push_up,average,4,2.0,1116.5504455566406,1405.4279327392578,2722.9909896850586,4534.460544586182
3,operator_deletion_filter_push_up,average,4,2.0,1105.7329177856445,1392.615795135498,2690.3767585754395,4515.317678451538
4,operator_deletion_filter_push_up,average,4,2.0,1113.7762069702148,1393.33176612854,2698.631525039673,4497.354507446289
5,operator_deletion_filter_push_up,average,4,2.0,1110.12601852417,1399.3759155273438,2714.5004272460938,4533.157587051392
6,operator_deletion_filter_push_up,average,4,2.0,1109.1632843017578,1395.8003520965576,2734.159469604492,4548.024415969849
