repetition,optimization,scenario,variant_counts,scale_factors,original_pipeline,analysis_result_with_reuse_opt_rule,analysis_result_with_push_up_opt_rule,analysis_result_without_opt_rule,analysis_result_without_any_opt
0,udf_split_and_reuse,average,4,2.0,1030.8418273925781,1321.0227489471436,1421.8523502349854,3232.154369354248,4773.92840385437
1,udf_split_and_reuse,average,4,2.0,1025.5613327026367,1401.9901752471924,1495.2011108398438,3524.305582046509,4823.168516159058
2,udf_split_and_reuse,average,4,2.0,1033.1437587738037,1341.858148574829,1419.0912246704102,3278.444528579712,4740.333318710327
3,udf_split_and_reuse,average,4,2.0,1048.870325088501,1363.1064891815186,1445.892333984375,3319.6563720703125,4815.693378448486
4,udf_split_and_reuse,average,4,2.0,1035.3262424468994,1339.9684429168701,1426.8333911895752,3292.66619682312,4779.748916625977
5,udf_split_and_reuse,average,4,2.0,1081.0229778289795,1345.9975719451904,1441.6544437408447,3361.8853092193604,4801.282644271851
6,udf_split_and_reuse,average,4,2.0,1084.144115447998,1354.7534942626953,1445.0089931488037,3343.46342086792,4796.487092971802
