repetition,optimization,scenario,variant_counts,scale_factors,original_pipeline,analysis_result_with_opt_rule,analysis_result_without_opt_rule,analysis_result_without_any_opt
0,projection_push_up,average,4,1.0,543.1885719299316,717.8745269775391,1559.1704845428467,2518.6214447021484
1,projection_push_up,average,4,1.0,543.2093143463135,723.374605178833,1565.7994747161865,2509.998321533203
2,projection_push_up,average,4,1.0,546.1204051971436,726.5613079071045,1579.0050029754639,2538.951635360718
3,projection_push_up,average,4,1.0,545.7572937011719,725.353479385376,1595.7403182983398,2525.1986980438232
4,projection_push_up,average,4,1.0,552.0431995391846,723.8037586212158,1578.284502029419,2517.526388168335
5,projection_push_up,average,4,1.0,548.1066703796387,724.273681640625,1580.9319019317627,2526.8495082855225
6,projection_push_up,average,4,1.0,552.393913269043,724.1988182067871,1583.7209224700928,2499.88055229187
