repetition,optimization,scenario,variant_counts,scale_factors,original_pipeline,analysis_result_with_reuse_opt_rule,analysis_result_with_push_up_opt_rule,analysis_result_without_opt_rule,analysis_result_without_any_opt
0,udf_split_and_reuse,average,4,4.0,2289.400577545166,2841.5160179138184,3030.322551727295,7220.142126083374,10676.026821136475
1,udf_split_and_reuse,average,4,4.0,2293.562173843384,2882.4169635772705,3062.3137950897217,7278.081655502319,10546.881914138794
2,udf_split_and_reuse,average,4,4.0,2290.9228801727295,2858.9377403259277,3035.1531505584717,7259.546756744385,10562.015295028687
3,udf_split_and_reuse,average,4,4.0,2266.8120861053467,2886.571168899536,3074.0785598754883,7618.664979934692,10663.614749908447
4,udf_split_and_reuse,average,4,4.0,2285.4833602905273,2890.0461196899414,3092.6411151885986,7306.124687194824,10632.443904876709
5,udf_split_and_reuse,average,4,4.0,2257.4291229248047,2846.374034881592,3059.8816871643066,7259.260892868042,10610.530853271484
6,udf_split_and_reuse,average,4,4.0,2252.638101577759,2883.1868171691895,3058.4590435028076,7296.183824539185,10622.20311164856
