repetition,optimization,scenario,variant_counts,scale_factors,original_pipeline,analysis_result_with_reuse_opt_rule,analysis_result_with_push_up_opt_rule,analysis_result_without_opt_rule,analysis_result_without_any_opt
0,udf_split_and_reuse,worst_constant,4,3.0,1178.145170211792,2451.2152671813965,2510.6606483459473,2670.1433658599854,5547.877788543701
1,udf_split_and_reuse,worst_constant,4,3.0,1172.6443767547607,2453.1688690185547,2472.127914428711,2604.926586151123,5519.374370574951
2,udf_split_and_reuse,worst_constant,4,3.0,1171.5452671051025,2427.8383255004883,2461.93790435791,2600.6791591644287,5560.548543930054
3,udf_split_and_reuse,worst_constant,4,3.0,1171.8144416809082,2424.6647357940674,2455.9412002563477,2591.1052227020264,5482.441186904907
4,udf_split_and_reuse,worst_constant,4,3.0,1176.508903503418,2426.9635677337646,2465.8071994781494,2585.733413696289,5501.533269882202
5,udf_split_and_reuse,worst_constant,4,3.0,1173.180103302002,2433.917284011841,2475.9788513183594,2612.0519638061523,5513.207674026489
6,udf_split_and_reuse,worst_constant,4,3.0,1168.5893535614014,2440.563440322876,2489.0151023864746,2610.6786727905273,5515.995740890503
