repetition,optimization,scenario,variant_counts,scale_factors,original_pipeline,analysis_result_with_reuse_opt_rule,analysis_result_with_push_up_opt_rule,analysis_result_without_opt_rule,analysis_result_without_any_opt
0,udf_split_and_reuse,ideal,4,1.5,17.55833625793457,1457.1850299835205,5255.97882270813,5313.91453742981,5340.382814407349
1,udf_split_and_reuse,ideal,4,1.5,17.075777053833008,1403.0494689941406,5421.5898513793945,5257.301330566406,5296.1719036102295
2,udf_split_and_reuse,ideal,4,1.5,16.750097274780273,1403.3982753753662,5271.762132644653,5317.3508644104,5331.215381622314
3,udf_split_and_reuse,ideal,4,1.5,16.45636558532715,1405.3277969360352,5267.425060272217,5320.3136920928955,5330.143928527832
4,udf_split_and_reuse,ideal,4,1.5,16.490459442138672,1395.34592628479,5184.62610244751,5279.256343841553,5287.612676620483
5,udf_split_and_reuse,ideal,4,1.5,16.481876373291016,1392.2510147094727,5226.397752761841,5289.876461029053,5289.015769958496
6,udf_split_and_reuse,ideal,4,1.5,17.04692840576172,1404.9179553985596,5233.854293823242,5267.453670501709,5281.139612197876
