repetition,optimization,scenario,variant_counts,scale_factors,original_pipeline,analysis_result_with_opt_rule,analysis_result_without_opt_rule,analysis_result_without_any_opt
0,operator_deletion_filter_push_up,ideal,10,1.0,938.6248588562012,1073.2793807983398,8833.802223205566,9034.70516204834
1,operator_deletion_filter_push_up,ideal,10,1.0,887.439489364624,1055.3169250488281,8790.999412536621,9131.841897964478
2,operator_deletion_filter_push_up,ideal,10,1.0,918.3568954467773,1066.4796829223633,9155.163764953613,9240.160703659058
3,operator_deletion_filter_push_up,ideal,10,1.0,922.4402904510498,1066.7462348937988,9071.221351623535,9187.440395355225
4,operator_deletion_filter_push_up,ideal,10,1.0,897.1614837646484,1061.3462924957275,9011.660814285278,9194.04673576355
5,operator_deletion_filter_push_up,ideal,10,1.0,896.4836597442627,1058.6464405059814,9044.9857711792,9050.946235656738
6,operator_deletion_filter_push_up,ideal,10,1.0,924.7910976409912,1069.856882095337,9143.901348114014,9276.360273361206
