repetition,optimization,scenario,variant_counts,scale_factors,original_pipeline,analysis_result_with_opt_rule,analysis_result_without_opt_rule,analysis_result_without_any_opt
0,filter_addition_push_up,worst_w_original,6,1.0,1051.5937805175781,1012.0265483856201,1316.429615020752,1340.5070304870605
1,filter_addition_push_up,worst_w_original,6,1.0,984.1272830963135,1007.9607963562012,1356.4298152923584,1373.6658096313477
2,filter_addition_push_up,worst_w_original,6,1.0,984.079122543335,1003.3209323883057,1301.046371459961,1327.765941619873
3,filter_addition_push_up,worst_w_original,6,1.0,991.0364151000977,998.3229637145996,1319.488525390625,1344.7811603546143
4,filter_addition_push_up,worst_w_original,6,1.0,990.0434017181396,1005.8891773223877,1285.4995727539062,1306.7820072174072
5,filter_addition_push_up,worst_w_original,6,1.0,1002.1207332611084,1008.6100101470947,1284.1711044311523,1307.4498176574707
6,filter_addition_push_up,worst_w_original,6,1.0,988.6183738708496,1003.9370059967041,1300.292730331421,1325.5434036254883
