repetition,optimization,scenario,variant_counts,scale_factors,original_pipeline,analysis_result_with_opt_rule,analysis_result_without_opt_rule,analysis_result_without_any_opt
0,filter_addition_push_up,average,6,1.0,561.232328414917,886.9047164916992,1811.6917610168457,3451.2863159179688
1,filter_addition_push_up,average,6,1.0,563.45534324646,892.5764560699463,1833.578109741211,3455.8656215667725
2,filter_addition_push_up,average,6,1.0,553.5624027252197,896.8148231506348,1839.0803337097168,3483.506917953491
3,filter_addition_push_up,average,6,1.0,563.9829635620117,901.757001876831,1859.2529296875,3466.61376953125
4,filter_addition_push_up,average,6,1.0,558.4092140197754,905.1599502563477,1839.442253112793,3460.369825363159
5,filter_addition_push_up,average,6,1.0,558.6960315704346,898.9739418029785,1865.7970428466797,3466.4969444274902
6,filter_addition_push_up,average,6,1.0,558.9067935943604,895.1857089996338,1835.925579071045,3441.6868686676025
