repetition,optimization,scenario,variant_counts,scale_factors,original_pipeline,analysis_result_with_opt_rule,analysis_result_without_opt_rule,analysis_result_without_any_opt
0,filter_addition_push_up,worst_w_original,4,2.5,6465.254783630371,6256.908893585205,7220.640182495117,7430.7310581207275
1,filter_addition_push_up,worst_w_original,4,2.5,6180.248975753784,6219.252109527588,7287.2655391693115,7471.189737319946
2,filter_addition_push_up,worst_w_original,4,2.5,6137.524604797363,6192.043304443359,7366.751909255981,7486.607074737549
3,filter_addition_push_up,worst_w_original,4,2.5,6197.767019271851,6178.927183151245,7553.942680358887,7623.5246658325195
4,filter_addition_push_up,worst_w_original,4,2.5,6203.346729278564,6205.047845840454,7276.8449783325195,7481.070756912231
5,filter_addition_push_up,worst_w_original,4,2.5,6166.445970535278,6262.060642242432,7509.238719940186,7600.512266159058
6,filter_addition_push_up,worst_w_original,4,2.5,6399.880170822144,6167.993545532227,7455.692291259766,7544.559478759766
