repetition,optimization,scenario,variant_counts,scale_factors,original_pipeline,analysis_result_with_opt_rule,analysis_result_without_opt_rule,analysis_result_without_any_opt
0,operator_deletion_filter_push_up,worst_wo_safety,4,3.5,648.9591598510742,11960.994720458984,2521.1751461029053,2526.9572734832764
1,operator_deletion_filter_push_up,worst_wo_safety,4,3.5,673.8653182983398,12143.918752670288,2792.698383331299,2834.357500076294
2,operator_deletion_filter_push_up,worst_wo_safety,4,3.5,662.2893810272217,12046.210050582886,2726.5172004699707,2773.2412815093994
3,operator_deletion_filter_push_up,worst_wo_safety,4,3.5,644.6859836578369,12251.073837280273,2616.987705230713,2646.205425262451
4,operator_deletion_filter_push_up,worst_wo_safety,4,3.5,701.1902332305908,12051.775693893433,2904.7975540161133,2953.1707763671875
5,operator_deletion_filter_push_up,worst_wo_safety,4,3.5,523.3607292175293,12151.449203491211,2185.032367706299,2388.298511505127
6,operator_deletion_filter_push_up,worst_wo_safety,4,3.5,574.2871761322021,12282.559871673584,2412.811756134033,2414.9649143218994
