repetition,optimization,scenario,variant_counts,scale_factors,original_pipeline,analysis_result_with_opt_rule,analysis_result_without_opt_rule,analysis_result_without_any_opt
0,filter_addition_push_up,ideal,4,3.0,8213.35244178772,7932.913064956665,30201.671838760376,30705.262184143066
1,filter_addition_push_up,ideal,4,3.0,8716.102361679077,8885.541915893555,34679.200887680054,34906.30912780762
2,filter_addition_push_up,ideal,4,3.0,9008.803606033325,8823.61912727356,36163.031339645386,36664.87622261047
3,filter_addition_push_up,ideal,4,3.0,8003.302335739136,8053.663492202759,32270.922899246216,32941.24412536621
4,filter_addition_push_up,ideal,4,3.0,8334.972858428955,8250.420331954956,33058.75563621521,33141.63947105408
5,filter_addition_push_up,ideal,4,3.0,8512.554407119751,8759.835720062256,33871.901512145996,33535.93420982361
6,filter_addition_push_up,ideal,4,3.0,8080.167531967163,8013.358116149902,32445.350646972656,32560.919284820557
