repetition,optimization,scenario,variant_counts,scale_factors,original_pipeline,analysis_result_with_opt_rule,analysis_result_without_opt_rule,analysis_result_without_any_opt
0,operator_deletion_filter_push_up,average,2,1.0,507.6146125793457,538.6087894439697,721.4550971984863,1021.3115215301514
1,operator_deletion_filter_push_up,average,2,1.0,493.3490753173828,545.396089553833,725.1114845275879,1021.4688777923584
2,operator_deletion_filter_push_up,average,2,1.0,490.43822288513184,541.4412021636963,725.7471084594727,1021.2745666503906
3,operator_deletion_filter_push_up,average,2,1.0,498.2597827911377,539.2942428588867,714.9136066436768,1016.704797744751
4,operator_deletion_filter_push_up,average,2,1.0,496.4907169342041,543.8129901885986,723.9527702331543,1030.9715270996094
5,operator_deletion_filter_push_up,average,2,1.0,499.76301193237305,546.0226535797119,731.163501739502,1027.4546146392822
6,operator_deletion_filter_push_up,average,2,1.0,501.62434577941895,554.9681186676025,740.8146858215332,1032.8173637390137
