repetition,optimization,scenario,variant_counts,scale_factors,original_pipeline,analysis_result_with_opt_rule,analysis_result_without_opt_rule,analysis_result_without_any_opt
0,filter_addition_push_up,ideal,6,1.0,966.1495685577393,982.4306964874268,5628.671646118164,5495.381593704224
1,filter_addition_push_up,ideal,6,1.0,1003.8831233978271,1021.3875770568848,5874.732494354248,6171.020030975342
2,filter_addition_push_up,ideal,6,1.0,955.7147026062012,984.2236042022705,5507.06672668457,5639.388561248779
3,filter_addition_push_up,ideal,6,1.0,982.6161861419678,987.877368927002,5766.868352890015,5797.981977462769
4,filter_addition_push_up,ideal,6,1.0,1088.289737701416,1089.1499519348145,6196.601867675781,6536.396741867065
5,filter_addition_push_up,ideal,6,1.0,755.756139755249,760.7533931732178,4290.157794952393,4438.560247421265
6,filter_addition_push_up,ideal,6,1.0,858.1674098968506,865.3178215026855,4941.279411315918,5288.609266281128
