repetition,optimization,scenario,variant_counts,scale_factors,original_pipeline,analysis_result_with_opt_rule,analysis_result_without_opt_rule,analysis_result_without_any_opt
0,filter_addition_push_up,ideal,4,2.0,3568.43638420105,3691.422462463379,13467.409133911133,13791.04208946228
1,filter_addition_push_up,ideal,4,2.0,3814.4099712371826,3859.231948852539,15071.523189544678,15421.035766601562
2,filter_addition_push_up,ideal,4,2.0,3580.087900161743,3625.190019607544,14334.258317947388,14344.348192214966
3,filter_addition_push_up,ideal,4,2.0,3735.5093955993652,3771.5444564819336,14983.949899673462,14989.869832992554
4,filter_addition_push_up,ideal,4,2.0,3492.387056350708,3493.396282196045,13862.81681060791,14057.546377182007
5,filter_addition_push_up,ideal,4,2.0,3848.4482765197754,4042.720079421997,15416.52798652649,15731.032609939575
6,filter_addition_push_up,ideal,4,2.0,3619.018077850342,3635.068416595459,14370.869398117065,14511.80386543274
