repetition,optimization,scenario,variant_counts,scale_factors,original_pipeline,analysis_result_with_opt_rule,analysis_result_without_opt_rule,analysis_result_without_any_opt
0,operator_deletion_filter_push_up,average,8,1.0,574.1176605224609,1078.4204006195068,2360.180139541626,4705.218315124512
1,operator_deletion_filter_push_up,average,8,1.0,563.0204677581787,1083.1494331359863,2342.5393104553223,4710.656642913818
2,operator_deletion_filter_push_up,average,8,1.0,580.3699493408203,1135.6348991394043,2402.867317199707,4741.506576538086
3,operator_deletion_filter_push_up,average,8,1.0,584.1579437255859,1139.021635055542,2401.2160301208496,4731.58073425293
4,operator_deletion_filter_push_up,average,8,1.0,584.165096282959,1123.0747699737549,2407.944679260254,4738.4467124938965
5,operator_deletion_filter_push_up,average,8,1.0,580.3358554840088,1139.2505168914795,2388.350009918213,4741.445779800415
6,operator_deletion_filter_push_up,average,8,1.0,576.7502784729004,1130.303144454956,2403.426170349121,4742.210865020752
