repetition,optimization,scenario,variant_counts,scale_factors,original_pipeline,analysis_result_with_reuse_opt_rule,analysis_result_with_push_up_opt_rule,analysis_result_without_opt_rule,analysis_result_without_any_opt
0,udf_split_and_reuse,ideal,4,1.0,14.628410339355469,955.5401802062988,3506.673812866211,3590.9249782562256,3650.256872177124
1,udf_split_and_reuse,ideal,4,1.0,14.351367950439453,981.553316116333,3593.9292907714844,3590.113639831543,3636.065721511841
2,udf_split_and_reuse,ideal,4,1.0,14.638662338256836,948.3792781829834,3541.8453216552734,3666.642427444458,3698.7102031707764
3,udf_split_and_reuse,ideal,4,1.0,14.77360725402832,1010.4074478149414,3684.7610473632812,3655.550956726074,3707.064628601074
4,udf_split_and_reuse,ideal,4,1.0,14.749526977539062,990.7598495483398,3648.542881011963,3698.8120079040527,3703.003168106079
5,udf_split_and_reuse,ideal,4,1.0,14.56308364868164,956.3937187194824,3610.792398452759,3620.94783782959,3710.568428039551
6,udf_split_and_reuse,ideal,4,1.0,14.345884323120117,994.8489665985107,3601.6058921813965,3703.35054397583,3665.539264678955
