repetition,optimization,scenario,variant_counts,scale_factors,original_pipeline,analysis_result_with_opt_rule,analysis_result_without_opt_rule,analysis_result_without_any_opt
0,operator_deletion_filter_push_up,average,4,2.0,1187.3435974121094,1464.202880859375,2836.005687713623,5031.001329421997
1,operator_deletion_filter_push_up,average,4,2.0,1197.6001262664795,1499.0532398223877,2897.855520248413,5092.838764190674
2,operator_deletion_filter_push_up,average,4,2.0,1221.1079597473145,1528.6450386047363,2956.251382827759,5090.151071548462
3,operator_deletion_filter_push_up,average,4,2.0,1199.3088722229004,1518.0284976959229,2945.1029300689697,5050.415515899658
4,operator_deletion_filter_push_up,average,4,2.0,1197.9975700378418,1505.352258682251,2958.442211151123,5015.148162841797
5,operator_deletion_filter_push_up,average,4,2.0,1201.1377811431885,1536.3068580627441,2932.5008392333984,5083.04238319397
6,operator_deletion_filter_push_up,average,4,2.0,1199.6369361877441,1514.5702362060547,2936.675786972046,5012.050628662109
