repetition,optimization,scenario,variant_counts,scale_factors,original_pipeline,analysis_result_with_opt_rule,analysis_result_without_opt_rule,analysis_result_without_any_opt
0,filter_addition_push_up,worst_wo_original,6,1.0,1016.8759822845459,975.4176139831543,386.2175941467285,580.4760456085205
1,filter_addition_push_up,worst_wo_original,6,1.0,957.0157527923584,973.4158515930176,431.2880039215088,456.2685489654541
2,filter_addition_push_up,worst_wo_original,6,1.0,950.7956504821777,975.7773876190186,372.3108768463135,399.5227813720703
3,filter_addition_push_up,worst_wo_original,6,1.0,958.1670761108398,972.5713729858398,382.5197219848633,407.74083137512207
4,filter_addition_push_up,worst_wo_original,6,1.0,953.9873600006104,978.5234928131104,336.1093997955322,361.5901470184326
5,filter_addition_push_up,worst_wo_original,6,1.0,959.8681926727295,971.0147380828857,342.53621101379395,372.9381561279297
6,filter_addition_push_up,worst_wo_original,6,1.0,957.1332931518555,979.5150756835938,358.88123512268066,386.0650062561035
