repetition,optimization,scenario,variant_counts,scale_factors,original_pipeline,analysis_result_with_opt_rule,analysis_result_without_opt_rule,analysis_result_without_any_opt
0,operator_deletion_filter_push_up,average,4,1.0,529.4597148895264,660.9063148498535,1192.7003860473633,2118.9217567443848
1,operator_deletion_filter_push_up,average,4,1.0,512.6407146453857,659.76881980896,1179.5506477355957,2130.5978298187256
2,operator_deletion_filter_push_up,average,4,1.0,514.7721767425537,673.790454864502,1216.0086631774902,2137.5198364257812
3,operator_deletion_filter_push_up,average,4,1.0,528.954029083252,689.5208358764648,1234.135389328003,2149.0697860717773
4,operator_deletion_filter_push_up,average,4,1.0,533.454179763794,684.706449508667,1220.6363677978516,2136.93904876709
5,operator_deletion_filter_push_up,average,4,1.0,530.8239459991455,686.1650943756104,1226.3462543487549,2144.0556049346924
6,operator_deletion_filter_push_up,average,4,1.0,535.5472564697266,683.4347248077393,1231.2240600585938,2134.805679321289
