repetition,optimization,scenario,variant_counts,scale_factors,original_pipeline,analysis_result_with_opt_rule,analysis_result_without_opt_rule,analysis_result_without_any_opt
0,projection_push_up,average,10,1.0,563.1988048553467,1016.0806179046631,3612.4045848846436,6052.563667297363
1,projection_push_up,average,10,1.0,541.4011478424072,996.0653781890869,3493.91770362854,6125.040292739868
2,projection_push_up,average,10,1.0,582.5855731964111,1027.876615524292,3807.554244995117,6073.796987533569
3,projection_push_up,average,10,1.0,556.098222732544,1024.0750312805176,3642.5089836120605,6135.228633880615
4,projection_push_up,average,10,1.0,553.7741184234619,1017.4987316131592,3652.682304382324,6079.181432723999
5,projection_push_up,average,10,1.0,552.8602600097656,1014.9576663970947,3643.0420875549316,6136.2624168396
6,projection_push_up,average,10,1.0,550.9347915649414,1011.9168758392334,3691.8203830718994,6167.218923568726
