repetition,optimization,scenario,variant_counts,scale_factors,original_pipeline,analysis_result_with_reuse_opt_rule,analysis_result_with_push_up_opt_rule,analysis_result_without_opt_rule,analysis_result_without_any_opt
0,udf_split_and_reuse,worst_constant,4,2.5,893.8651084899902,1938.4722709655762,1950.4523277282715,2091.978073120117,4235.3363037109375
1,udf_split_and_reuse,worst_constant,4,2.5,894.9894905090332,1905.679702758789,1917.9480075836182,2064.877986907959,4193.6469078063965
2,udf_split_and_reuse,worst_constant,4,2.5,890.979528427124,1913.2156372070312,1944.0741539001465,2069.971799850464,4212.961435317993
3,udf_split_and_reuse,worst_constant,4,2.5,891.2563323974609,1924.7956275939941,1942.8606033325195,2047.9545593261719,4201.262712478638
4,udf_split_and_reuse,worst_constant,4,2.5,892.1036720275879,1932.8117370605469,1935.0359439849854,2048.976421356201,4197.256803512573
5,udf_split_and_reuse,worst_constant,4,2.5,883.2888603210449,1897.3801136016846,1924.0131378173828,2023.488998413086,4169.931888580322
6,udf_split_and_reuse,worst_constant,4,2.5,882.3611736297607,1917.4001216888428,1924.2749214172363,2040.651798248291,4195.733070373535
