repetition,optimization,scenario,variant_counts,scale_factors,original_pipeline,analysis_result_with_opt_rule,analysis_result_without_opt_rule,analysis_result_without_any_opt
0,filter_addition_push_up,worst_wo_original,4,4.0,16444.782972335815,16325.993776321411,4042.724609375,3773.0515003204346
1,filter_addition_push_up,worst_wo_original,4,4.0,16166.812896728516,16133.983373641968,4199.869871139526,4264.389991760254
2,filter_addition_push_up,worst_wo_original,4,4.0,16068.071126937866,16237.197637557983,4018.744945526123,3813.457250595093
3,filter_addition_push_up,worst_wo_original,4,4.0,16203.517436981201,16246.540307998657,3606.9014072418213,3596.508264541626
4,filter_addition_push_up,worst_wo_original,4,4.0,16132.216930389404,16420.891046524048,3916.1319732666016,3865.093469619751
5,filter_addition_push_up,worst_wo_original,4,4.0,15975.934982299805,16162.024021148682,4174.504280090332,4181.815147399902
6,filter_addition_push_up,worst_wo_original,4,4.0,16104.183912277222,16305.663585662842,3862.917184829712,3867.2831058502197
