repetition,optimization,scenario,variant_counts,scale_factors,original_pipeline,analysis_result_with_opt_rule,analysis_result_without_opt_rule,analysis_result_without_any_opt
0,projection_push_up,worst,4,2.5,1212.4507427215576,5157.635688781738,5089.274883270264,5000.586271286011
1,projection_push_up,worst,4,2.5,1231.165885925293,4961.792230606079,4866.498947143555,5031.801700592041
2,projection_push_up,worst,4,2.5,1221.7788696289062,4844.929456710815,5116.059303283691,5086.471080780029
3,projection_push_up,worst,4,2.5,1258.6321830749512,4889.755964279175,4752.754926681519,5342.660427093506
4,projection_push_up,worst,4,2.5,1271.56662940979,5160.315275192261,5214.896440505981,5284.982681274414
5,projection_push_up,worst,4,2.5,1293.6465740203857,5185.429573059082,4984.718561172485,5244.395971298218
6,projection_push_up,worst,4,2.5,1231.363296508789,4820.266008377075,4874.590158462524,5090.416193008423
