repetition,optimization,scenario,variant_counts,scale_factors,original_pipeline,analysis_result_with_opt_rule,analysis_result_without_opt_rule,analysis_result_without_any_opt
0,filter_addition_push_up,worst_w_original,4,1.0,1019.8602676391602,980.3392887115479,1192.9206848144531,1193.2175159454346
1,filter_addition_push_up,worst_w_original,4,1.0,1005.4974555969238,980.8919429779053,1204.624891281128,1229.7282218933105
2,filter_addition_push_up,worst_w_original,4,1.0,978.7421226501465,991.9865131378174,1199.1150379180908,1184.7155094146729
3,filter_addition_push_up,worst_w_original,4,1.0,1139.7972106933594,970.299482345581,1157.6242446899414,1170.2251434326172
4,filter_addition_push_up,worst_w_original,4,1.0,967.1363830566406,981.1985492706299,1139.6887302398682,1159.163475036621
5,filter_addition_push_up,worst_w_original,4,1.0,973.2532501220703,987.4794483184814,1158.6143970489502,1158.1676006317139
6,filter_addition_push_up,worst_w_original,4,1.0,966.8080806732178,974.9679565429688,1143.6235904693604,1163.578987121582
