repetition,optimization,scenario,variant_counts,scale_factors,original_pipeline,analysis_result_with_opt_rule,analysis_result_without_opt_rule,analysis_result_without_any_opt
0,filter_addition_push_up,worst_wo_original,4,2.0,4243.813753128052,4084.6245288848877,903.6149978637695,924.6869087219238
1,filter_addition_push_up,worst_wo_original,4,2.0,4308.169841766357,4108.045339584351,1083.4860801696777,1099.5001792907715
2,filter_addition_push_up,worst_wo_original,4,2.0,4013.79656791687,4050.874710083008,1056.9846630096436,1084.3958854675293
3,filter_addition_push_up,worst_wo_original,4,2.0,4017.110824584961,4030.2069187164307,931.4231872558594,950.4423141479492
4,filter_addition_push_up,worst_wo_original,4,2.0,4008.0018043518066,4023.268222808838,910.6388092041016,945.5368518829346
5,filter_addition_push_up,worst_wo_original,4,2.0,4053.873062133789,3982.7938079833984,1064.3079280853271,1093.8270092010498
6,filter_addition_push_up,worst_wo_original,4,2.0,4025.460958480835,4218.657970428467,1004.2300224304199,1019.4880962371826
