repetition,optimization,scenario,variant_counts,scale_factors,original_pipeline,analysis_result_with_opt_rule,analysis_result_without_opt_rule,analysis_result_without_any_opt
0,filter_addition_push_up,ideal,4,1.0,988.2369041442871,987.3123168945312,3852.4508476257324,4051.612138748169
1,filter_addition_push_up,ideal,4,1.0,1034.1322422027588,1049.490213394165,4025.902271270752,4118.595361709595
2,filter_addition_push_up,ideal,4,1.0,984.8587512969971,995.8903789520264,4034.1055393218994,3950.8495330810547
3,filter_addition_push_up,ideal,4,1.0,1007.256269454956,1012.7401351928711,3893.7325477600098,3988.2779121398926
4,filter_addition_push_up,ideal,4,1.0,1095.5088138580322,1098.3762741088867,4521.28791809082,4344.578266143799
5,filter_addition_push_up,ideal,4,1.0,767.5127983093262,775.428056716919,2951.8227577209473,3253.925085067749
6,filter_addition_push_up,ideal,4,1.0,866.7292594909668,887.5458240509033,3420.290231704712,3527.9622077941895
