repetition,optimization,scenario,variant_counts,scale_factors,original_pipeline,analysis_result_with_opt_rule,analysis_result_without_opt_rule,analysis_result_without_any_opt
0,operator_deletion_filter_push_up,worst_w_safety,10,1.0,237.15496063232422,2327.0013332366943,2206.2923908233643,2300.117015838623
1,operator_deletion_filter_push_up,worst_w_safety,10,1.0,264.95957374572754,2627.887487411499,2620.7756996154785,2730.5517196655273
2,operator_deletion_filter_push_up,worst_w_safety,10,1.0,252.6254653930664,2502.1536350250244,2494.2328929901123,2580.6944370269775
3,operator_deletion_filter_push_up,worst_w_safety,10,1.0,221.95100784301758,2171.260356903076,2175.682544708252,2269.6006298065186
4,operator_deletion_filter_push_up,worst_w_safety,10,1.0,223.94967079162598,2216.4382934570312,2212.1946811676025,2287.1792316436768
5,operator_deletion_filter_push_up,worst_w_safety,10,1.0,212.41283416748047,2072.384834289551,2220.1132774353027,2160.9535217285156
6,operator_deletion_filter_push_up,worst_w_safety,10,1.0,263.8118267059326,2619.1554069519043,2625.932455062866,2708.1689834594727
