repetition,optimization,scenario,variant_counts,scale_factors,original_pipeline,analysis_result_with_opt_rule,analysis_result_without_opt_rule,analysis_result_without_any_opt
0,projection_push_up,worst,4,4.0,1783.3852767944336,7396.592378616333,7470.1597690582275,7850.110292434692
1,projection_push_up,worst,4,4.0,1915.1413440704346,7608.2093715667725,7392.02356338501,7912.269592285156
2,projection_push_up,worst,4,4.0,2011.6307735443115,7665.611505508423,8059.525966644287,8157.473802566528
3,projection_push_up,worst,4,4.0,1907.0594310760498,7478.065967559814,7673.254728317261,7773.026943206787
4,projection_push_up,worst,4,4.0,1876.1160373687744,7851.422309875488,7510.221481323242,8022.185564041138
5,projection_push_up,worst,4,4.0,1971.7278480529785,7785.525798797607,7753.0176639556885,7919.225215911865
6,projection_push_up,worst,4,4.0,2027.1780490875244,7500.62370300293,7386.972427368164,7770.3657150268555
