repetition,optimization,scenario,variant_counts,scale_factors,original_pipeline,analysis_result_with_opt_rule,analysis_result_without_opt_rule,analysis_result_without_any_opt
0,filter_addition_push_up,worst_wo_original,4,3.0,9378.413438796997,9070.24073600769,2095.604419708252,2274.782180786133
1,filter_addition_push_up,worst_wo_original,4,3.0,9060.719966888428,9063.609600067139,2171.236753463745,2182.943820953369
2,filter_addition_push_up,worst_wo_original,4,3.0,9068.501234054565,9091.1226272583,1973.1769561767578,2002.493143081665
3,filter_addition_push_up,worst_wo_original,4,3.0,9088.20915222168,9221.105813980103,2257.2662830352783,2286.274194717407
4,filter_addition_push_up,worst_wo_original,4,3.0,8973.055124282837,9078.981399536133,2280.521869659424,2303.103446960449
5,filter_addition_push_up,worst_wo_original,4,3.0,9111.46330833435,9069.119691848755,2344.3758487701416,2370.4464435577393
6,filter_addition_push_up,worst_wo_original,4,3.0,9251.823425292969,9094.135284423828,2138.347864151001,2171.064615249634
