repetition,optimization,scenario,variant_counts,scale_factors,original_pipeline,analysis_result_with_opt_rule,analysis_result_without_opt_rule,analysis_result_without_any_opt
0,filter_addition_push_up,worst_wo_original,10,1.0,1020.1425552368164,984.055757522583,633.9507102966309,689.4919872283936
1,filter_addition_push_up,worst_wo_original,10,1.0,974.1642475128174,984.4155311584473,718.6169624328613,767.7972316741943
2,filter_addition_push_up,worst_wo_original,10,1.0,972.0609188079834,981.2893867492676,614.2239570617676,661.2763404846191
3,filter_addition_push_up,worst_wo_original,10,1.0,968.6334133148193,980.6010723114014,625.8246898651123,676.6958236694336
4,filter_addition_push_up,worst_wo_original,10,1.0,959.5808982849121,980.0567626953125,551.4264106750488,600.0022888183594
5,filter_addition_push_up,worst_wo_original,10,1.0,970.806360244751,986.6833686828613,566.4162635803223,619.2712783813477
6,filter_addition_push_up,worst_wo_original,10,1.0,958.4345817565918,983.0989837646484,599.6923446655273,652.461051940918
