repetition,optimization,scenario,variant_counts,scale_factors,original_pipeline,analysis_result_with_opt_rule,analysis_result_without_opt_rule,analysis_result_without_any_opt
0,operator_deletion_filter_push_up,ideal,4,1.5,2276.808261871338,2308.777332305908,8817.30604171753,8983.946084976196
1,operator_deletion_filter_push_up,ideal,4,1.5,2167.9341793060303,2248.600482940674,8624.410629272461,8746.312141418457
2,operator_deletion_filter_push_up,ideal,4,1.5,2154.366970062256,2261.1653804779053,8602.114915847778,8685.868501663208
3,operator_deletion_filter_push_up,ideal,4,1.5,2153.0191898345947,2248.6023902893066,8694.285869598389,8719.400644302368
4,operator_deletion_filter_push_up,ideal,4,1.5,2131.7572593688965,2475.5687713623047,8562.54768371582,8677.982330322266
5,operator_deletion_filter_push_up,ideal,4,1.5,2211.6382122039795,2269.7269916534424,8811.030626296997,8839.205026626587
6,operator_deletion_filter_push_up,ideal,4,1.5,2178.7683963775635,2274.115562438965,8795.218229293823,8784.01255607605
