repetition,optimization,scenario,variant_counts,scale_factors,original_pipeline,analysis_result_with_opt_rule,analysis_result_without_opt_rule,analysis_result_without_any_opt
0,filter_addition_push_up,worst_w_original,8,1.0,1017.5008773803711,1031.4850807189941,1436.6576671600342,1475.5897521972656
1,filter_addition_push_up,worst_w_original,8,1.0,991.8012619018555,1018.9013481140137,1495.2161312103271,1736.7947101593018
2,filter_addition_push_up,worst_w_original,8,1.0,967.0889377593994,983.45947265625,1401.1547565460205,1435.8935356140137
3,filter_addition_push_up,worst_w_original,8,1.0,964.594841003418,983.9920997619629,1424.3919849395752,1452.845573425293
4,filter_addition_push_up,worst_w_original,8,1.0,975.3077030181885,989.0866279602051,1368.2739734649658,1403.1672477722168
5,filter_addition_push_up,worst_w_original,8,1.0,992.1514987945557,994.6911334991455,1375.476360321045,1411.9653701782227
6,filter_addition_push_up,worst_w_original,8,1.0,971.4229106903076,995.7561492919922,1410.2754592895508,1437.9596710205078
