repetition,optimization,scenario,variant_counts,scale_factors,original_pipeline,analysis_result_with_opt_rule,analysis_result_without_opt_rule,analysis_result_without_any_opt
0,filter_addition_push_up,worst_w_original,4,4.0,16703.06706428528,16518.519639968872,19024.369955062866,19015.101194381714
1,filter_addition_push_up,worst_w_original,4,4.0,16214.084386825562,16226.047277450562,19513.04340362549,19926.950454711914
2,filter_addition_push_up,worst_w_original,4,4.0,16188.77911567688,16272.50051498413,19025.769233703613,19569.90933418274
3,filter_addition_push_up,worst_w_original,4,4.0,16140.953779220581,16221.050262451172,18962.43405342102,19365.299463272095
4,filter_addition_push_up,worst_w_original,4,4.0,16317.336082458496,16291.438579559326,19140.434741973877,19625.497102737427
5,filter_addition_push_up,worst_w_original,4,4.0,16181.77318572998,16213.878631591797,19332.995414733887,19944.165229797363
6,filter_addition_push_up,worst_w_original,4,4.0,16128.942251205444,16208.58645439148,19333.470344543457,19718.652486801147
