repetition,optimization,scenario,variant_counts,scale_factors,original_pipeline,analysis_result_with_reuse_opt_rule,analysis_result_with_push_up_opt_rule,analysis_result_without_opt_rule,analysis_result_without_any_opt
0,udf_split_and_reuse,worst_constant,10,1.0,356.17876052856445,1245.8317279815674,1241.8184280395508,1368.7503337860107,3946.422338485718
1,udf_split_and_reuse,worst_constant,10,1.0,353.62839698791504,1220.5898761749268,1219.242811203003,1337.6450538635254,3974.266290664673
2,udf_split_and_reuse,worst_constant,10,1.0,356.02355003356934,1233.5295677185059,1237.1430397033691,1346.625804901123,3956.998109817505
3,udf_split_and_reuse,worst_constant,10,1.0,355.58271408081055,1239.2263412475586,1233.4017753601074,1340.151071548462,3942.506790161133
4,udf_split_and_reuse,worst_constant,10,1.0,352.0939350128174,1230.5619716644287,1226.23872756958,1329.2276859283447,3933.147192001343
5,udf_split_and_reuse,worst_constant,10,1.0,351.38750076293945,1221.2061882019043,1220.5712795257568,1324.4678974151611,3927.4985790252686
6,udf_split_and_reuse,worst_constant,10,1.0,352.46753692626953,1219.606876373291,1224.4999408721924,1332.7958583831787,3911.7064476013184
