repetition,optimization,scenario,variant_counts,scale_factors,original_pipeline,analysis_result_with_reuse_opt_rule,analysis_result_with_push_up_opt_rule,analysis_result_without_opt_rule,analysis_result_without_any_opt
0,udf_split_and_reuse,average,6,1.0,505.5098533630371,712.5380039215088,793.0848598480225,2087.0420932769775,3373.823642730713
1,udf_split_and_reuse,average,6,1.0,486.0250949859619,704.5254707336426,784.6102714538574,2065.0417804718018,3397.237777709961
2,udf_split_and_reuse,average,6,1.0,519.3173885345459,733.9322566986084,825.1221179962158,2194.227933883667,3397.74751663208
3,udf_split_and_reuse,average,6,1.0,511.0502243041992,730.6973934173584,801.0408878326416,2135.2179050445557,3716.2184715270996
4,udf_split_and_reuse,average,6,1.0,504.5287609100342,727.9219627380371,810.8165264129639,2198.91357421875,3432.297945022583
5,udf_split_and_reuse,average,6,1.0,502.85840034484863,735.1984977722168,809.9887371063232,2192.6445960998535,3442.3880577087402
6,udf_split_and_reuse,average,6,1.0,508.5945129394531,736.4344596862793,812.7152919769287,2218.641757965088,3446.3815689086914
