repetition,optimization,scenario,variant_counts,scale_factors,original_pipeline,analysis_result_with_opt_rule,analysis_result_without_opt_rule,analysis_result_without_any_opt
0,filter_addition_push_up,worst_wo_original,4,3.0,9312.126636505127,9199.4149684906,2104.546070098877,2308.3746433258057
1,filter_addition_push_up,worst_wo_original,4,3.0,9077.016592025757,9073.656797409058,2157.1130752563477,2182.41810798645
2,filter_addition_push_up,worst_wo_original,4,3.0,9076.778888702393,9166.615009307861,1965.6982421875,1978.0898094177246
3,filter_addition_push_up,worst_wo_original,4,3.0,8992.204189300537,9060.877084732056,2409.0142250061035,2263.7035846710205
4,filter_addition_push_up,worst_wo_original,4,3.0,9083.14061164856,9104.838609695435,2276.3638496398926,2289.9348735809326
5,filter_addition_push_up,worst_wo_original,4,3.0,9140.712022781372,9091.037511825562,2361.0074520111084,2387.134552001953
6,filter_addition_push_up,worst_wo_original,4,3.0,9172.384262084961,9215.907573699951,2164.534568786621,2358.0193519592285
