repetition,optimization,scenario,variant_counts,scale_factors,original_pipeline,analysis_result_with_opt_rule,analysis_result_without_opt_rule,analysis_result_without_any_opt
0,filter_addition_push_up,worst_w_original,10,1.0,1051.8476963043213,1002.2075176239014,1565.8540725708008,1606.940746307373
1,filter_addition_push_up,worst_w_original,10,1.0,1001.2357234954834,985.213041305542,1631.5548419952393,1698.7440586090088
2,filter_addition_push_up,worst_w_original,10,1.0,982.6624393463135,978.635311126709,1530.5840969085693,1555.9468269348145
3,filter_addition_push_up,worst_w_original,10,1.0,952.1329402923584,983.940601348877,1543.1733131408691,1569.2219734191895
4,filter_addition_push_up,worst_w_original,10,1.0,957.7977657318115,982.2485446929932,1457.6029777526855,1506.1407089233398
5,filter_addition_push_up,worst_w_original,10,1.0,962.9411697387695,980.8516502380371,1477.964162826538,1527.587890625
6,filter_addition_push_up,worst_w_original,10,1.0,964.982271194458,988.0633354187012,1499.6061325073242,1556.593894958496
