repetition,optimization,scenario,variant_counts,scale_factors,original_pipeline,analysis_result_with_opt_rule,analysis_result_without_opt_rule,analysis_result_without_any_opt
0,operator_deletion_filter_push_up,ideal,10,1.0,939.568281173706,1064.8863315582275,8885.33902168274,8881.548881530762
1,operator_deletion_filter_push_up,ideal,10,1.0,873.9373683929443,1034.1453552246094,8707.635402679443,8888.255834579468
2,operator_deletion_filter_push_up,ideal,10,1.0,901.207685470581,1035.5165004730225,9046.304941177368,9064.921855926514
3,operator_deletion_filter_push_up,ideal,10,1.0,910.508394241333,1046.6105937957764,9016.863822937012,9230.884552001953
4,operator_deletion_filter_push_up,ideal,10,1.0,902.712345123291,1049.8671531677246,8949.81575012207,8927.210807800293
5,operator_deletion_filter_push_up,ideal,10,1.0,895.1864242553711,1035.0182056427002,9003.885984420776,8839.581489562988
6,operator_deletion_filter_push_up,ideal,10,1.0,910.3062152862549,1047.346830368042,9019.607782363892,9024.661540985107
