repetition,optimization,scenario,variant_counts,scale_factors,original_pipeline,analysis_result_with_opt_rule,analysis_result_without_opt_rule,analysis_result_without_any_opt
0,filter_addition_push_up,average,4,3.0,1767.871379852295,2327.371597290039,4149.710655212402,7144.550561904907
1,filter_addition_push_up,average,4,3.0,1779.3011665344238,2368.7963485717773,4199.738502502441,7162.749290466309
2,filter_addition_push_up,average,4,3.0,1767.1937942504883,2361.431837081909,4222.671031951904,7158.270359039307
3,filter_addition_push_up,average,4,3.0,1768.4433460235596,2368.570566177368,4237.425327301025,7106.754541397095
4,filter_addition_push_up,average,4,3.0,1762.7379894256592,2361.0668182373047,4217.601537704468,7158.1244468688965
5,filter_addition_push_up,average,4,3.0,1776.9534587860107,2382.4031352996826,4226.484537124634,7216.232538223267
6,filter_addition_push_up,average,4,3.0,1775.0287055969238,2366.5034770965576,4253.028869628906,7196.41900062561
