repetition,optimization,scenario,variant_counts,scale_factors,original_pipeline,analysis_result_with_reuse_opt_rule,analysis_result_with_push_up_opt_rule,analysis_result_without_opt_rule,analysis_result_without_any_opt
0,udf_split_and_reuse,ideal,4,2.0,21.79121971130371,1887.1839046478271,6870.101451873779,6918.790340423584,6955.734014511108
1,udf_split_and_reuse,ideal,4,2.0,21.337509155273438,1838.2132053375244,6870.00846862793,6935.8227252960205,6947.778701782227
2,udf_split_and_reuse,ideal,4,2.0,22.05681800842285,1855.593204498291,6945.533990859985,7034.441947937012,7034.569263458252
3,udf_split_and_reuse,ideal,4,2.0,22.377967834472656,1836.4439010620117,6858.561754226685,6919.133424758911,6915.905237197876
4,udf_split_and_reuse,ideal,4,2.0,22.18484878540039,1837.2433185577393,6829.774856567383,6907.623052597046,6950.962781906128
5,udf_split_and_reuse,ideal,4,2.0,22.121906280517578,1828.392505645752,6835.514068603516,6895.088195800781,6926.347970962524
6,udf_split_and_reuse,ideal,4,2.0,22.769689559936523,1828.732967376709,6841.264486312866,6912.703514099121,6948.834657669067
