repetition,optimization,scenario,variant_counts,scale_factors,original_pipeline,analysis_result_with_opt_rule,analysis_result_without_opt_rule,analysis_result_without_any_opt
0,filter_addition_push_up,average,4,3.0,1745.4278469085693,2292.647361755371,4054.9280643463135,6717.036724090576
1,filter_addition_push_up,average,4,3.0,1729.2907238006592,2292.8214073181152,4091.8006896972656,6657.503604888916
2,filter_addition_push_up,average,4,3.0,1710.5495929718018,2313.422918319702,4115.697383880615,6700.4029750823975
3,filter_addition_push_up,average,4,3.0,1734.1771125793457,2356.363534927368,4097.019910812378,6708.536148071289
4,filter_addition_push_up,average,4,3.0,1694.5650577545166,2296.001434326172,4188.498973846436,6688.358545303345
5,filter_addition_push_up,average,4,3.0,1701.5831470489502,2320.8861351013184,4179.428815841675,7038.211345672607
6,filter_addition_push_up,average,4,3.0,1694.2799091339111,2276.538848876953,4105.883598327637,6682.0127964019775
