repetition,optimization,scenario,variant_counts,scale_factors,original_pipeline,analysis_result_with_reuse_opt_rule,analysis_result_with_push_up_opt_rule,analysis_result_without_opt_rule,analysis_result_without_any_opt
0,udf_split_and_reuse,ideal,4,2.5,27.361154556274414,2331.432580947876,8792.596578598022,8834.200620651245,8934.5121383667
1,udf_split_and_reuse,ideal,4,2.5,27.99367904663086,2367.210626602173,8806.572198867798,8919.619083404541,8999.69220161438
2,udf_split_and_reuse,ideal,4,2.5,27.06146240234375,2341.787099838257,8795.191049575806,8902.902126312256,8903.69987487793
3,udf_split_and_reuse,ideal,4,2.5,26.559114456176758,2389.712333679199,8892.272233963013,8899.450302124023,8995.21803855896
4,udf_split_and_reuse,ideal,4,2.5,27.275562286376953,2356.782913208008,8775.116205215454,9101.008176803589,8960.749864578247
5,udf_split_and_reuse,ideal,4,2.5,27.879953384399414,2343.9977169036865,8890.621185302734,8984.632968902588,8973.560810089111
6,udf_split_and_reuse,ideal,4,2.5,28.612136840820312,2370.7315921783447,8911.324977874756,8886.600494384766,9019.800662994385
