repetition,optimization,scenario,variant_counts,scale_factors,original_pipeline,analysis_result_with_opt_rule,analysis_result_without_opt_rule,analysis_result_without_any_opt
0,filter_addition_push_up,worst_wo_original,6,1.0,1009.5369815826416,981.1956882476807,385.58411598205566,412.5838279724121
1,filter_addition_push_up,worst_wo_original,6,1.0,976.7611026763916,981.865406036377,438.58885765075684,467.73338317871094
2,filter_addition_push_up,worst_wo_original,6,1.0,980.2298545837402,981.4646244049072,376.4986991882324,402.2853374481201
3,filter_addition_push_up,worst_wo_original,6,1.0,965.6267166137695,974.1296768188477,381.64615631103516,411.15570068359375
4,filter_addition_push_up,worst_wo_original,6,1.0,963.162899017334,981.3878536224365,338.3612632751465,366.75572395324707
5,filter_addition_push_up,worst_wo_original,6,1.0,972.9933738708496,978.6763191223145,344.64550018310547,373.07190895080566
6,filter_addition_push_up,worst_wo_original,6,1.0,982.8119277954102,996.0019588470459,364.5961284637451,391.93034172058105
