repetition,optimization,scenario,variant_counts,scale_factors,original_pipeline,analysis_result_with_opt_rule,analysis_result_without_opt_rule,analysis_result_without_any_opt
0,filter_addition_push_up,ideal,4,4.0,17017.425298690796,16146.385908126831,63668.28680038452,63369.80938911438
1,filter_addition_push_up,ideal,4,4.0,15111.361980438232,15139.335632324219,61110.878229141235,60764.82033729553
2,filter_addition_push_up,ideal,4,4.0,15503.706455230713,15504.647254943848,62362.027645111084,62072.04008102417
3,filter_addition_push_up,ideal,4,4.0,15429.386854171753,15515.20848274231,63383.88252258301,62168.238401412964
4,filter_addition_push_up,ideal,4,4.0,15826.043128967285,15617.660760879517,63714.37406539917,63548.26235771179
5,filter_addition_push_up,ideal,4,4.0,15463.96541595459,15637.192010879517,62064.9836063385,61372.920989990234
6,filter_addition_push_up,ideal,4,4.0,15378.836870193481,15439.334392547607,61535.87484359741,61497.73120880127
