repetition,optimization,scenario,variant_counts,scale_factors,original_pipeline,analysis_result_with_reuse_opt_rule,analysis_result_with_push_up_opt_rule,analysis_result_without_opt_rule,analysis_result_without_any_opt
0,udf_split_and_reuse,worst_w_safety,6,1.0,44.088125228881836,1330.6915760040283,1336.7574214935303,1516.7272090911865,1624.1209506988525
1,udf_split_and_reuse,worst_w_safety,6,1.0,42.01388359069824,1347.7718830108643,1361.7405891418457,1550.140380859375,1689.983606338501
2,udf_split_and_reuse,worst_w_safety,6,1.0,43.701171875,1342.0143127441406,1337.524175643921,1544.443130493164,1657.7377319335938
3,udf_split_and_reuse,worst_w_safety,6,1.0,42.70005226135254,1336.7586135864258,1337.1250629425049,1529.001235961914,1664.6981239318848
4,udf_split_and_reuse,worst_w_safety,6,1.0,44.29888725280762,1355.6005954742432,1342.0159816741943,1543.229341506958,1657.5756072998047
5,udf_split_and_reuse,worst_w_safety,6,1.0,45.082807540893555,1329.498529434204,1341.3753509521484,1530.9686660766602,1653.329849243164
6,udf_split_and_reuse,worst_w_safety,6,1.0,44.5103645324707,1337.7549648284912,1346.3869094848633,1532.318115234375,1666.0683155059814
