repetition,optimization,scenario,variant_counts,scale_factors,original_pipeline,analysis_result_with_reuse_opt_rule,analysis_result_with_push_up_opt_rule,analysis_result_without_opt_rule,analysis_result_without_any_opt
0,udf_split_and_reuse,worst_w_safety,8,1.0,43.95341873168945,1799.649715423584,1812.3888969421387,2077.6162147521973,2215.7976627349854
1,udf_split_and_reuse,worst_w_safety,8,1.0,43.14613342285156,1843.5208797454834,1835.1681232452393,2099.074363708496,2264.9621963500977
2,udf_split_and_reuse,worst_w_safety,8,1.0,42.68956184387207,1857.2030067443848,1839.508056640625,2082.1590423583984,2236.7067337036133
3,udf_split_and_reuse,worst_w_safety,8,1.0,43.14398765563965,1799.8051643371582,1803.2751083374023,2043.3382987976074,2205.909013748169
4,udf_split_and_reuse,worst_w_safety,8,1.0,43.13802719116211,1830.5306434631348,1805.8605194091797,2103.3358573913574,2253.054141998291
5,udf_split_and_reuse,worst_w_safety,8,1.0,42.27018356323242,1839.2412662506104,1808.7921142578125,2065.0758743286133,2231.5673828125
6,udf_split_and_reuse,worst_w_safety,8,1.0,43.49231719970703,1812.563180923462,1865.3571605682373,2076.408624649048,2254.5669078826904
