repetition,optimization,scenario,variant_counts,scale_factors,original_pipeline,analysis_result_with_reuse_opt_rule,analysis_result_with_push_up_opt_rule,analysis_result_without_opt_rule,analysis_result_without_any_opt
0,udf_split_and_reuse,worst_w_safety,2,1.0,43.78151893615723,660.2129936218262,501.3468265533447,549.3905544281006,574.3951797485352
1,udf_split_and_reuse,worst_w_safety,2,1.0,43.309926986694336,487.9155158996582,510.0126266479492,551.8620014190674,582.8342437744141
2,udf_split_and_reuse,worst_w_safety,2,1.0,43.28298568725586,502.29477882385254,504.37378883361816,537.6951694488525,564.9416446685791
3,udf_split_and_reuse,worst_w_safety,2,1.0,42.93990135192871,501.8332004547119,518.7783241271973,557.8658580780029,573.6756324768066
4,udf_split_and_reuse,worst_w_safety,2,1.0,41.907548904418945,505.85198402404785,486.16647720336914,545.2845096588135,584.9471092224121
5,udf_split_and_reuse,worst_w_safety,2,1.0,42.32335090637207,488.76309394836426,499.91416931152344,553.6482334136963,579.4434547424316
6,udf_split_and_reuse,worst_w_safety,2,1.0,41.794538497924805,502.3369789123535,489.0315532684326,545.0401306152344,579.8757076263428
