repetition,optimization,scenario,variant_counts,scale_factors,original_pipeline,analysis_result_with_opt_rule,analysis_result_without_opt_rule,analysis_result_without_any_opt
0,operator_deletion_filter_push_up,average,4,4.0,2387.591600418091,2890.3582096099854,5910.0751876831055,9717.795133590698
1,operator_deletion_filter_push_up,average,4,4.0,2416.301488876343,2986.697196960449,5967.2417640686035,9655.718088150024
2,operator_deletion_filter_push_up,average,4,4.0,2356.529474258423,2952.000856399536,5983.789682388306,9647.62544631958
3,operator_deletion_filter_push_up,average,4,4.0,2367.095708847046,2939.195156097412,5985.557556152344,9611.3760471344
4,operator_deletion_filter_push_up,average,4,4.0,2365.2541637420654,2934.9324703216553,6005.419969558716,9570.871591567993
5,operator_deletion_filter_push_up,average,4,4.0,2334.695339202881,2944.1752433776855,6034.045934677124,9630.344867706299
6,operator_deletion_filter_push_up,average,4,4.0,2350.982904434204,2892.666816711426,5999.337911605835,9595.25728225708
