repetition,optimization,scenario,variant_counts,scale_factors,original_pipeline,analysis_result_with_reuse_opt_rule,analysis_result_with_push_up_opt_rule,analysis_result_without_opt_rule,analysis_result_without_any_opt
0,udf_split_and_reuse,average,8,1.0,476.0470390319824,772.8214263916016,878.5595893859863,2664.0942096710205,4579.527139663696
1,udf_split_and_reuse,average,8,1.0,489.8850917816162,779.0384292602539,881.4797401428223,2686.6683959960938,4607.678651809692
2,udf_split_and_reuse,average,8,1.0,489.3789291381836,773.8893032073975,894.9878215789795,2717.6079750061035,4658.130168914795
3,udf_split_and_reuse,average,8,1.0,490.06175994873047,783.0624580383301,905.2090644836426,2716.1152362823486,4670.123100280762
4,udf_split_and_reuse,average,8,1.0,487.4227046966553,789.7207736968994,888.0207538604736,2719.810724258423,4670.643091201782
5,udf_split_and_reuse,average,8,1.0,486.86695098876953,775.7980823516846,872.7362155914307,2730.9532165527344,4620.744228363037
6,udf_split_and_reuse,average,8,1.0,480.67164421081543,783.0727100372314,884.4537734985352,2732.569932937622,4656.3239097595215
