repetition,optimization,scenario,variant_counts,scale_factors,original_pipeline,analysis_result_with_opt_rule,analysis_result_without_opt_rule,analysis_result_without_any_opt
0,projection_push_up,average,4,1.5,790.1434898376465,1046.3178157806396,2276.2043476104736,3548.05064201355
1,projection_push_up,average,4,1.5,790.9030914306641,1044.0795421600342,2294.5716381073,3595.9365367889404
2,projection_push_up,average,4,1.5,799.4155883789062,1053.0190467834473,2298.320531845093,3563.8606548309326
3,projection_push_up,average,4,1.5,781.9864749908447,1051.0742664337158,2283.738851547241,3540.22479057312
4,projection_push_up,average,4,1.5,804.3270111083984,1060.4274272918701,2347.8360176086426,3577.6045322418213
5,projection_push_up,average,4,1.5,815.758466720581,1084.2020511627197,2424.2308139801025,3592.6544666290283
6,projection_push_up,average,4,1.5,824.467658996582,1074.4595527648926,2384.3283653259277,3565.7107830047607
