repetition,optimization,scenario,variant_counts,scale_factors,original_pipeline,analysis_result_with_opt_rule,analysis_result_without_opt_rule,analysis_result_without_any_opt
0,filter_addition_push_up,worst_wo_original,4,2.0,4111.468076705933,4038.850784301758,890.2411460876465,892.0400142669678
1,filter_addition_push_up,worst_wo_original,4,2.0,4021.890878677368,3956.287622451782,1062.6966953277588,1097.8116989135742
2,filter_addition_push_up,worst_wo_original,4,2.0,3984.821081161499,4006.073236465454,1044.8219776153564,1073.9502906799316
3,filter_addition_push_up,worst_wo_original,4,2.0,3983.0260276794434,3964.2550945281982,912.2302532196045,937.2513294219971
4,filter_addition_push_up,worst_wo_original,4,2.0,4063.692331314087,3965.4157161712646,893.946647644043,928.9863109588623
5,filter_addition_push_up,worst_wo_original,4,2.0,3967.2327041625977,3977.689743041992,1056.4823150634766,1085.6666564941406
6,filter_addition_push_up,worst_wo_original,4,2.0,4180.025100708008,3962.308406829834,991.2471771240234,1017.5833702087402
