repetition,optimization,scenario,variant_counts,scale_factors,original_pipeline,analysis_result_with_opt_rule,analysis_result_without_opt_rule,analysis_result_without_any_opt
0,filter_addition_push_up,ideal,4,3.0,7998.088359832764,7821.589231491089,30119.529724121094,30683.340311050415
1,filter_addition_push_up,ideal,4,3.0,8669.089794158936,8631.033658981323,34446.32148742676,34612.46204376221
2,filter_addition_push_up,ideal,4,3.0,8788.849353790283,9027.097463607788,35249.337673187256,35464.02406692505
3,filter_addition_push_up,ideal,4,3.0,8029.747724533081,8165.457010269165,31580.751419067383,32358.98184776306
4,filter_addition_push_up,ideal,4,3.0,8090.885400772095,8182.306289672852,32328.461408615112,32779.14500236511
5,filter_addition_push_up,ideal,4,3.0,8516.871213912964,8512.245893478394,34134.11593437195,34326.056718826294
6,filter_addition_push_up,ideal,4,3.0,8362.055540084839,8013.259172439575,32702.46195793152,32938.97771835327
