repetition,optimization,scenario,variant_counts,scale_factors,original_pipeline,analysis_result_with_reuse_opt_rule,analysis_result_with_push_up_opt_rule,analysis_result_without_opt_rule,analysis_result_without_any_opt
0,udf_split_and_reuse,worst_wo_safety,4,3.5,35.97760200500488,3267.211437225342,703.6523818969727,792.7768230438232,853.8157939910889
1,udf_split_and_reuse,worst_wo_safety,4,3.5,35.37130355834961,3272.1338272094727,697.4525451660156,792.4902439117432,859.1909408569336
2,udf_split_and_reuse,worst_wo_safety,4,3.5,37.023305892944336,3322.2241401672363,707.9763412475586,801.4106750488281,864.9146556854248
3,udf_split_and_reuse,worst_wo_safety,4,3.5,37.10365295410156,3292.828321456909,704.8416137695312,797.1408367156982,859.271764755249
4,udf_split_and_reuse,worst_wo_safety,4,3.5,37.33563423156738,3326.4784812927246,707.6113224029541,795.7878112792969,1156.6965579986572
5,udf_split_and_reuse,worst_wo_safety,4,3.5,37.53161430358887,3285.7375144958496,706.9799900054932,794.2016124725342,872.2729682922363
6,udf_split_and_reuse,worst_wo_safety,4,3.5,38.1007194519043,3289.5865440368652,704.7469615936279,796.194314956665,861.912727355957
